# Blender 4.5.4 LTS
# www.blender.org
mtllib Guard.mtl
o Body_Cube.001
v 0.154792 -0.348900 0.055353
v 0.155781 -0.348490 -0.044194
v 0.195575 0.116549 -0.093400
v 0.153682 0.021753 -0.089476
v 0.134955 -0.235572 -0.040993
v 0.153210 0.007802 0.050331
v 0.134969 -0.235604 0.047586
v 0.080114 0.197934 -0.092685
v 0.031211 -0.438558 0.095636
v 0.016013 -0.445046 -0.107796
v 0.079009 0.167638 0.036161
v 0.064619 -0.250017 0.102289
v 0.065118 -0.247835 -0.084505
v 0.051608 0.179478 0.031737
v 0.052502 0.230653 -0.065202
v 0.150472 -1.215690 -0.021856
v 0.149850 -1.214666 -0.073262
v 0.104214 -1.215652 -0.000494
v 0.087985 -1.216029 -0.073125
v 0.159942 -0.398005 0.044429
v 0.159310 -0.396759 -0.054991
v 0.046507 -0.488979 -0.084397
v 0.046186 -0.485993 0.088987
v 0.138777 -0.263900 -0.045344
v 0.138777 -0.263900 0.043737
v 0.043793 -0.277115 -0.105390
v 0.045395 -0.282160 0.099358
v 0.148322 -0.744903 0.019025
v 0.148322 -0.750950 -0.046213
v 0.078484 -0.756461 -0.062467
v 0.079644 -0.748003 0.035697
v 0.158913 -0.564701 -0.059541
v 0.046722 -0.578501 -0.070234
v 0.047302 -0.574877 0.066143
v 0.158913 -0.563308 0.045197
v 0.156583 -0.847743 0.007326
v 0.156583 -0.845324 -0.054130
v 0.096359 -0.850816 -0.069290
v 0.097272 -0.850934 0.026605
v 0.135642 -1.176937 -0.020059
v 0.135642 -1.175384 -0.057373
v 0.107590 -1.184143 -0.062729
v 0.107820 -1.184537 -0.012103
v 0.151127 -0.795852 -0.041252
v 0.084916 -0.808107 -0.057765
v 0.085953 -0.803937 0.037602
v 0.151127 -0.794643 0.018417
v 0.094701 -0.411638 0.094276
v 0.100402 -0.242584 -0.076124
v 0.115177 -0.412756 -0.105262
v 0.097935 -0.238329 0.100373
v 0.128699 -1.215034 0.003680
v 0.106478 -1.215643 -0.084886
v 0.103344 -0.469734 0.091975
v 0.121856 -0.465332 -0.086990
v 0.095517 -0.277622 0.096027
v 0.101667 -0.277228 -0.097102
v 0.107765 -0.746453 0.047761
v 0.107185 -0.753706 -0.065969
v 0.096600 -0.571601 -0.078866
v 0.096890 -0.569092 0.077949
v 0.120710 -0.849339 0.032160
v 0.120253 -0.848070 -0.076979
v 0.124545 -1.180740 -0.005170
v 0.124423 -1.179763 -0.071940
v 0.111804 -0.801980 -0.061026
v 0.112322 -0.799290 0.046317
v 0.161548 -0.348125 0.004714
v 0.139038 -0.235589 0.003297
v 0.160279 -0.002124 -0.020197
v 0.094042 0.185987 -0.027496
v 0.002362 -0.436906 -0.009627
v 0.064506 0.211638 -0.024712
v 0.164093 -1.214911 -0.047097
v 0.076669 -1.215931 -0.026747
v 0.018335 -0.483064 -0.000887
v 0.174553 -0.396348 -0.005240
v 0.142896 -0.263900 -0.000803
v 0.047234 -0.752232 -0.014493
v 0.168574 -0.747927 -0.014702
v 0.180633 -0.564004 -0.007172
v 0.023371 -0.576689 -0.002046
v 0.068962 -0.850875 -0.025222
v 0.177979 -0.846533 -0.027282
v 0.092055 -1.184342 -0.041714
v 0.148770 -1.176160 -0.043006
v 0.171767 -0.795248 -0.014743
v 0.061115 -0.806022 -0.013407
v 0.170210 0.063584 0.049869
v 0.083070 0.113314 0.080870
v 0.078188 0.144836 -0.119724
v 0.195575 0.114550 0.036283
v 0.208548 0.127376 -0.026110
v 0.170210 0.063987 -0.100764
v 0.254298 0.081155 -0.026145
v 0.237190 0.072553 0.020903
v 0.200476 0.030096 -0.091818
v 0.172102 -0.004290 -0.070317
v 0.200964 0.030009 0.035736
v 0.173373 -0.003227 0.037224
v 0.172760 -0.025784 -0.020637
v 0.237775 0.074533 -0.072652
v 0.323887 -0.161870 -0.024012
v 0.308783 -0.160213 0.004640
v 0.292768 -0.184805 -0.080065
v 0.270637 -0.192532 -0.057243
v 0.284046 -0.173871 0.016246
v 0.262793 -0.183045 0.015662
v 0.249361 -0.194622 -0.028331
v 0.317622 -0.166278 -0.055345
v 0.365553 -0.406253 0.076021
v 0.359935 -0.402991 0.093310
v 0.352589 -0.415969 0.049346
v 0.343642 -0.419028 0.053133
v 0.348139 -0.406524 0.098145
v 0.332862 -0.410100 0.098180
v 0.325576 -0.413919 0.071187
v 0.363729 -0.410504 0.053827
v 0.298001 -0.296228 -0.025094
v 0.320281 -0.284521 -0.032212
v 0.290626 -0.275918 0.055810
v 0.278728 -0.285292 0.016700
v 0.311915 -0.263239 0.055744
v 0.347494 -0.249150 0.046657
v 0.358055 -0.255572 0.014189
v 0.354626 -0.266801 -0.023789
v 0.277685 -0.038185 0.008979
v 0.242511 -0.071890 0.032324
v 0.218730 -0.107290 -0.061487
v 0.246413 -0.081747 -0.086501
v 0.292953 -0.036974 -0.033277
v 0.282225 -0.044671 -0.062452
v 0.215275 -0.097758 0.032788
v 0.202701 -0.111435 -0.028516
v 0.349106 -0.528737 0.143415
v 0.341370 -0.432462 0.117981
v 0.349106 -0.557747 0.104556
v 0.352986 -0.446762 0.056757
v 0.355670 -0.528321 0.143415
v 0.367250 -0.416935 0.098879
v 0.355670 -0.557331 0.104556
v 0.367250 -0.446133 0.049277
v 0.362379 -0.496559 0.124841
v 0.362379 -0.527730 0.080366
v 0.377131 -0.526244 0.080366
v 0.377131 -0.495073 0.124841
v 0.346925 -0.446169 0.114324
v 0.359360 -0.489946 0.060972
v 0.381651 -0.487475 0.060972
v 0.381651 -0.460759 0.114324
v 0.336955 -0.560107 0.130117
v 0.336955 -0.549280 0.141798
v 0.330144 -0.428327 0.103403
v 0.337734 -0.436701 0.081545
v 0.348886 -0.548864 0.141798
v 0.348886 -0.559691 0.130117
v 0.374403 -0.427667 0.061851
v 0.373295 -0.418571 0.078157
v 0.389997 -0.516779 0.094381
v 0.389997 -0.506620 0.108396
v 0.363184 -0.508106 0.108396
v 0.363184 -0.518265 0.094381
v 0.398212 -0.475446 0.078525
v 0.398212 -0.466888 0.094342
v 0.351600 -0.452298 0.094342
v 0.363040 -0.477918 0.078525
v 0.321941 -0.498009 0.150524
v 0.318105 -0.498925 0.152052
v 0.314896 -0.499111 0.149343
v 0.320483 -0.498431 0.146697
v 0.319671 -0.453293 0.124540
v 0.332409 -0.458037 0.138348
v 0.333046 -0.475373 0.135930
v 0.328034 -0.475416 0.125270
v 0.313142 -0.491763 0.144159
v 0.327262 -0.492959 0.150427
v 0.319442 -0.493034 0.152266
v 0.324928 -0.494271 0.140905
v 0.136282 -1.326343 0.143444
v 0.139031 -1.284175 0.147143
v 0.091087 -1.328919 -0.065428
v 0.085985 -1.255991 -0.069320
v 0.202782 -1.326316 0.125505
v 0.202230 -1.284104 0.129967
v 0.141066 -1.328919 -0.078945
v 0.143572 -1.254509 -0.084429
v 0.104388 -1.322609 0.037253
v 0.103075 -1.255359 0.029611
v 0.177785 -1.322612 0.012265
v 0.176522 -1.255296 0.006219
v 0.087912 -1.257795 -0.027287
v 0.160208 -1.327916 -0.033198
v 0.097825 -1.327776 -0.014159
v 0.162845 -1.256764 -0.047645
v 0.115912 -1.329934 -0.072794
v 0.114676 -1.255178 -0.079388
v 0.169584 -1.326932 0.134685
v 0.170745 -1.280081 0.138989
v 0.140895 -1.243489 0.019438
v 0.141211 -1.324455 0.025171
v 0.129218 -1.329663 -0.022865
v 0.133349 -1.306139 0.153850
v 0.083937 -1.289131 -0.079792
v 0.140005 -1.289129 -0.094953
v 0.210541 -1.306051 0.132981
v 0.183883 -1.305167 0.007781
v 0.097082 -1.305104 0.036810
v 0.164734 -1.310850 -0.041000
v 0.089946 -1.310820 -0.019015
v 0.172699 -1.308734 0.146213
v 0.111513 -1.288962 -0.089066
v 0.112951 -1.326855 0.083706
v 0.192557 -1.277686 0.061561
v 0.114042 -1.277608 0.084570
v 0.192702 -1.326910 0.060123
v 0.153652 -1.265809 0.073541
v 0.152761 -1.328569 0.071065
v 0.106503 -1.308320 0.089105
v 0.200873 -1.308392 0.061130
v 0.119001 -1.328753 0.116259
v 0.203373 -1.276935 0.097425
v 0.162712 -1.268717 0.109249
v 0.161456 -1.330477 0.104641
v 0.213356 -1.308934 0.098573
v 0.121622 -1.276951 0.119564
v 0.203973 -1.328774 0.093349
v 0.113554 -1.308905 0.125502
v 0.039168 0.252684 0.070693
v 0.058577 0.443087 0.072251
v 0.030575 0.286096 -0.045826
v 0.058485 0.428558 -0.060536
v 0.048991 0.330562 -0.055076
v 0.046389 0.259491 0.025058
v 0.074673 0.446479 -0.000680
v 0.046548 0.296694 0.078451
v 0.075666 0.325699 0.002520
v 0.047229 0.282702 -0.019364
v 0.066709 0.438071 -0.031073
v 0.066473 0.329374 -0.023708
v 0.051141 0.354197 -0.052320
v 0.043381 0.387171 0.080377
v 0.075293 0.370170 0.000692
v 0.063217 0.362342 -0.025167
v -0.002362 -0.436906 -0.009627
v 0.146682 -0.004153 -0.082434
v 0.146682 -0.003638 0.048161
v 0.154199 -0.021138 -0.017852
v 0.271264 -0.211789 -0.056229
v 0.262357 -0.195405 0.026301
v 0.318002 -0.169908 0.015053
v 0.328738 -0.182218 -0.053710
v 0.298879 -0.203007 -0.078053
v 0.247937 -0.210354 -0.021876
v 0.287475 -0.184052 0.027961
v 0.334873 -0.173973 -0.017898
v 0.278228 -0.159306 0.018513
v 0.286279 -0.170042 -0.080993
v 0.319485 -0.144077 -0.025363
v 0.256116 -0.170891 0.018157
v 0.304431 -0.142794 0.005174
v 0.263263 -0.180391 -0.057868
v 0.312559 -0.148967 -0.056399
v 0.242701 -0.182800 -0.028177
v 0.152408 -0.332900 -0.046727
v 0.151848 -0.332730 0.051682
v 0.028761 -0.385692 -0.122797
v 0.040052 -0.411084 0.102668
v 0.111232 -0.372449 -0.107786
v 0.098535 -0.378826 0.099414
v 0.157692 -0.332481 0.001882
v 0.157738 -0.372271 -0.049368
v 0.031754 -0.467266 -0.095919
v 0.039471 -0.463944 0.092371
v 0.157564 -0.373599 0.049598
v 0.119185 -0.439034 -0.095775
v 0.099376 -0.440122 0.093097
v 0.168034 -0.372123 -0.000108
v 0.010348 -0.459985 -0.005257
v 0.153855 -0.821193 0.012871
v 0.153855 -0.820588 -0.047691
v 0.090638 -0.829462 -0.063528
v 0.091613 -0.827436 0.032103
v 0.116029 -0.825025 -0.069003
v 0.116516 -0.824314 0.039239
v 0.174873 -0.820891 -0.021012
v 0.065039 -0.828449 -0.019315
v 0.149724 -0.773401 -0.043732
v 0.081700 -0.782284 -0.060116
v 0.082798 -0.775970 0.036650
v 0.149724 -0.769773 0.018721
v 0.110044 -0.772871 0.047039
v 0.109495 -0.777843 -0.063498
v 0.054175 -0.779127 -0.013950
v 0.170171 -0.771587 -0.014723
v 0.157898 -1.234203 -0.047009
v 0.158429 -1.233211 -0.010594
v 0.133298 -1.227786 0.006421
v 0.107327 -1.234157 0.010817
v 0.087158 -1.236500 -0.027827
v 0.090690 -1.236578 -0.068229
v 0.111894 -1.235739 -0.077524
v 0.146344 -1.233435 -0.078556
v 0.214937 0.093133 0.027346
v 0.229567 0.103656 -0.026124
v 0.185093 0.047086 -0.094353
v 0.164014 0.002648 0.041998
v 0.185031 0.046692 0.040932
v 0.215244 0.095083 -0.081777
v 0.164159 0.009340 -0.078539
v 0.168325 -0.013209 -0.020355
v 0.124796 -0.380684 0.075422
v 0.118438 -0.240909 -0.058558
v 0.143395 -1.215445 -0.011381
v 0.132691 -0.433710 0.068472
v 0.120222 -0.282053 -0.071223
v 0.128044 -0.745678 0.033393
v 0.127902 -0.566200 0.061573
v 0.138646 -0.848541 0.019743
v 0.130093 -1.178839 -0.012616
v 0.131724 -0.796966 0.032367
v 0.136105 -0.379940 -0.074883
v 0.116438 -0.236933 0.073979
v 0.136524 -1.215292 -0.084254
v 0.142065 -0.430628 -0.070323
v 0.117147 -0.275891 0.069882
v 0.127754 -0.752328 -0.056091
v 0.127757 -0.568151 -0.069203
v 0.138418 -0.846697 -0.065555
v 0.130032 -1.177573 -0.064656
v 0.131465 -0.798916 -0.051139
v 0.126710 -1.254253 -0.082296
v 0.184685 -1.326918 0.130627
v 0.157571 -1.248181 0.014061
v 0.126265 -1.329934 -0.075594
v 0.185861 -1.282025 0.134982
v 0.156959 -1.324455 0.019622
v 0.142270 -1.329663 -0.027004
v 0.189486 -1.307584 0.141129
v 0.122986 -1.288962 -0.092169
v 0.172097 -1.270725 0.068433
v 0.170272 -1.328570 0.066338
v 0.181907 -1.272003 0.103935
v 0.180178 -1.330477 0.099583
v 0.124938 -0.349375 0.076494
v 0.132643 -0.346265 -0.077131
v 0.128618 -0.407127 0.072052
v 0.138830 -0.405130 -0.072913
v 0.135185 -0.822754 0.026055
v 0.134942 -0.822807 -0.058347
v 0.129884 -0.771322 0.032880
v 0.129610 -0.775622 -0.053615
v 0.132946 -1.233968 -0.082651
v 0.145764 -1.230054 -0.001657
v -0.160829 -0.358844 0.055353
v -0.161914 -0.358616 -0.044194
v -0.195575 0.116549 -0.093400
v -0.153683 0.021753 -0.089476
v -0.134955 -0.240877 -0.040993
v -0.153211 0.007802 0.050331
v -0.134969 -0.240918 0.047586
v -0.080115 0.197934 -0.092685
v -0.031168 -0.439574 0.095636
v -0.016013 -0.445046 -0.107796
v -0.079009 0.167638 0.036161
v -0.064043 -0.249960 0.102289
v -0.065118 -0.249863 -0.084505
v -0.051608 0.179478 0.031737
v -0.052502 0.230653 -0.065202
v -0.150342 -1.217220 -0.021986
v -0.148950 -1.216499 -0.072481
v -0.103971 -1.215970 -0.000659
v -0.087909 -1.216223 -0.073079
v -0.163918 -0.416273 0.044429
v -0.163355 -0.414965 -0.054991
v -0.046507 -0.488980 -0.084397
v -0.046186 -0.487180 0.088987
v -0.139284 -0.271058 -0.045344
v -0.139238 -0.271095 0.043737
v -0.043013 -0.276833 -0.105390
v -0.041778 -0.286102 0.099358
v -0.148322 -0.744903 0.019025
v -0.148322 -0.750950 -0.046213
v -0.078484 -0.756461 -0.062467
v -0.079644 -0.748003 0.035697
v -0.158913 -0.564701 -0.059541
v -0.046722 -0.578501 -0.070234
v -0.047302 -0.574877 0.066143
v -0.158913 -0.563308 0.045197
v -0.156583 -0.847743 0.007326
v -0.156583 -0.845324 -0.054130
v -0.096359 -0.850816 -0.069290
v -0.097272 -0.850934 0.026605
v -0.140983 -1.175075 -0.018146
v -0.140977 -1.173370 -0.059188
v -0.110117 -1.182989 -0.065054
v -0.110333 -1.183388 -0.009385
v -0.151127 -0.795852 -0.041252
v -0.084916 -0.808107 -0.057765
v -0.085953 -0.803937 0.037602
v -0.151127 -0.794643 0.018417
v -0.088973 -0.401682 0.094276
v -0.100402 -0.246486 -0.076124
v -0.114015 -0.424408 -0.105262
v -0.097935 -0.240635 0.100373
v -0.128389 -1.216377 0.003539
v -0.106492 -1.216519 -0.085003
v -0.103344 -0.477314 0.091975
v -0.120586 -0.476107 -0.086990
v -0.094890 -0.279707 0.096027
v -0.100513 -0.283153 -0.097102
v -0.107766 -0.746453 0.047761
v -0.107185 -0.753706 -0.065969
v -0.096600 -0.571601 -0.078866
v -0.096890 -0.569092 0.077949
v -0.120710 -0.849339 0.032160
v -0.120253 -0.848070 -0.076979
v -0.128766 -1.179218 -0.001744
v -0.128625 -1.178143 -0.075224
v -0.111804 -0.801980 -0.061026
v -0.112322 -0.799290 0.046317
v -0.167591 -0.358057 0.004714
v -0.139039 -0.240898 0.003297
v -0.160279 -0.002124 -0.020197
v -0.094042 0.185987 -0.027496
v -0.002362 -0.436906 -0.009627
v -0.064506 0.211638 -0.024712
v -0.164041 -1.216877 -0.047266
v -0.076636 -1.215888 -0.026910
v -0.018335 -0.483064 -0.000887
v -0.178454 -0.414658 -0.005240
v -0.143395 -0.271063 -0.000803
v -0.047234 -0.752232 -0.014493
v -0.168575 -0.747927 -0.014702
v -0.180633 -0.564004 -0.007172
v -0.023372 -0.576689 -0.002046
v -0.068962 -0.850875 -0.025222
v -0.177980 -0.846533 -0.027282
v -0.093034 -1.183189 -0.041961
v -0.155378 -1.174229 -0.043377
v -0.171767 -0.795248 -0.014743
v -0.061115 -0.806022 -0.013407
v -0.170210 0.063584 0.049869
v -0.073306 0.113314 0.080870
v -0.078188 0.144836 -0.119724
v -0.195575 0.114550 0.036283
v -0.208548 0.127376 -0.026110
v -0.170210 0.063987 -0.100764
v -0.254299 0.081155 -0.026145
v -0.237190 0.072553 0.020903
v -0.200476 0.030096 -0.091818
v -0.172102 -0.004290 -0.070317
v -0.200964 0.030009 0.035736
v -0.173373 -0.003227 0.037224
v -0.172760 -0.025784 -0.020637
v -0.237775 0.074533 -0.072652
v -0.323887 -0.161870 -0.024012
v -0.308783 -0.160213 0.004640
v -0.292768 -0.184805 -0.080065
v -0.270637 -0.192532 -0.057243
v -0.284046 -0.173871 0.016246
v -0.262793 -0.183045 0.015662
v -0.249362 -0.194622 -0.028331
v -0.317622 -0.166278 -0.055345
v -0.364188 -0.405573 0.074379
v -0.359196 -0.402584 0.094075
v -0.349788 -0.418577 0.044392
v -0.340163 -0.422934 0.049336
v -0.346590 -0.404954 0.098443
v -0.331717 -0.409173 0.098114
v -0.323017 -0.414044 0.071282
v -0.362532 -0.410119 0.054958
v -0.298002 -0.296228 -0.025094
v -0.320281 -0.284521 -0.032212
v -0.290626 -0.275918 0.055810
v -0.278728 -0.285292 0.016700
v -0.311916 -0.263239 0.055744
v -0.347494 -0.249150 0.046657
v -0.358055 -0.255572 0.014189
v -0.354627 -0.266801 -0.023789
v -0.277686 -0.038185 0.008979
v -0.242511 -0.071890 0.032324
v -0.218730 -0.107290 -0.061487
v -0.246413 -0.081747 -0.086501
v -0.292953 -0.036974 -0.033277
v -0.282225 -0.044671 -0.062452
v -0.215275 -0.097758 0.032788
v -0.202701 -0.111435 -0.028516
v -0.322893 -0.470359 0.063037
v -0.324346 -0.495592 0.072469
v -0.335721 -0.450229 0.120994
v -0.337441 -0.475815 0.129497
v -0.349552 -0.470369 0.058900
v -0.351005 -0.495603 0.068332
v -0.362451 -0.449725 0.117104
v -0.364171 -0.475311 0.125607
v -0.136282 -1.326343 0.143444
v -0.139031 -1.284175 0.147143
v -0.091087 -1.328919 -0.065428
v -0.085985 -1.255991 -0.069320
v -0.202782 -1.326316 0.125505
v -0.202230 -1.284104 0.129967
v -0.141066 -1.328919 -0.078945
v -0.143572 -1.254509 -0.084429
v -0.104388 -1.322609 0.037253
v -0.103075 -1.255359 0.029611
v -0.177785 -1.322612 0.012265
v -0.176522 -1.255296 0.006219
v -0.087912 -1.257795 -0.027287
v -0.160208 -1.327916 -0.033198
v -0.097825 -1.327776 -0.014159
v -0.162845 -1.256764 -0.047645
v -0.115912 -1.329934 -0.072794
v -0.114676 -1.255178 -0.079388
v -0.169584 -1.326932 0.134685
v -0.170745 -1.280081 0.138989
v -0.140895 -1.243489 0.019438
v -0.141211 -1.324455 0.025171
v -0.129218 -1.329663 -0.022865
v -0.133349 -1.306139 0.153850
v -0.083937 -1.289131 -0.079792
v -0.140005 -1.289129 -0.094953
v -0.210541 -1.306051 0.132981
v -0.183883 -1.305167 0.007781
v -0.097082 -1.305104 0.036810
v -0.164734 -1.310850 -0.041000
v -0.089946 -1.310820 -0.019015
v -0.172699 -1.308734 0.146213
v -0.111513 -1.288962 -0.089066
v -0.112951 -1.326855 0.083706
v -0.192557 -1.277686 0.061561
v -0.114042 -1.277608 0.084570
v -0.192702 -1.326910 0.060123
v -0.153652 -1.265809 0.073541
v -0.152761 -1.328569 0.071065
v -0.106503 -1.308320 0.089105
v -0.200873 -1.308392 0.061130
v -0.119001 -1.328753 0.116259
v -0.203374 -1.276935 0.097425
v -0.162712 -1.268717 0.109249
v -0.161456 -1.330477 0.104641
v -0.213356 -1.308934 0.098573
v -0.121622 -1.276951 0.119564
v -0.203973 -1.328774 0.093349
v -0.113554 -1.308905 0.125502
v -0.039168 0.252684 0.070693
v -0.058577 0.443087 0.072251
v -0.030575 0.286095 -0.046087
v -0.058485 0.428558 -0.060536
v -0.052079 0.331969 -0.051596
v -0.046389 0.259491 0.025058
v -0.074673 0.446479 -0.000680
v -0.042719 0.298415 0.081524
v -0.075912 0.327977 0.007163
v -0.047229 0.282702 -0.019479
v -0.066709 0.438071 -0.031074
v -0.068051 0.331380 -0.019602
v -0.051141 0.354182 -0.052441
v -0.043373 0.387171 0.080377
v -0.075293 0.370170 0.000692
v -0.063217 0.362342 -0.025167
v 0.000000 -0.444926 -0.107944
v 0.000000 0.209796 -0.092698
v 0.000000 -0.435070 0.095510
v 0.000000 0.164590 0.038923
v 0.000000 -0.261082 0.102289
v 0.000000 -0.257695 -0.084505
v 0.000000 0.177113 0.033333
v 0.000000 0.229533 -0.067700
v 0.000000 -0.287646 0.099358
v 0.000000 -0.277981 -0.105390
v 0.000000 -0.436906 -0.009627
v 0.002362 -0.436906 -0.009627
v 0.001214 0.103750 0.087897
v 0.000000 0.153892 -0.119724
v 0.000000 0.294830 -0.064224
v 0.000009 0.445329 -0.072324
v 0.000000 0.232428 0.091352
v 0.000004 0.455906 0.088416
v 0.000007 0.478011 -0.000009
v 0.000000 0.236157 0.025841
v 0.002640 0.299356 0.104761
v -0.002283 0.330225 -0.078212
v 0.000005 0.465478 -0.037658
v 0.000004 0.390772 0.100543
v 0.000000 0.344711 -0.081329
v -0.146682 -0.004153 -0.082434
v -0.146682 -0.003638 0.048161
v -0.154199 -0.021138 -0.017852
v -0.271260 -0.211788 -0.056225
v -0.262358 -0.195405 0.026301
v -0.318000 -0.169908 0.015054
v -0.328742 -0.182215 -0.053704
v -0.298883 -0.203005 -0.078053
v -0.247938 -0.210356 -0.021882
v -0.287477 -0.184051 0.027961
v -0.334873 -0.173972 -0.017895
v -0.278228 -0.159306 0.018513
v -0.286279 -0.170042 -0.080993
v -0.319485 -0.144077 -0.025363
v -0.256116 -0.170891 0.018157
v -0.304431 -0.142794 0.005174
v -0.263263 -0.180391 -0.057868
v -0.312559 -0.148967 -0.056399
v -0.242702 -0.182800 -0.028177
v -0.155021 -0.339788 -0.046727
v -0.154383 -0.339521 0.051682
v 0.000000 -0.406176 0.102779
v 0.000000 -0.389808 -0.122838
v -0.028762 -0.385801 -0.122797
v -0.037057 -0.404417 0.102668
v -0.110037 -0.383484 -0.107786
v -0.095490 -0.376874 0.099414
v -0.160287 -0.339281 0.001882
v -0.164439 -0.386983 -0.049368
v -0.031754 -0.467266 -0.095919
v -0.039471 -0.465677 0.092371
v -0.164180 -0.388397 0.049598
v -0.117655 -0.451282 -0.095775
v -0.095896 -0.437056 0.093097
v -0.174637 -0.386865 -0.000108
v -0.010349 -0.459985 -0.005257
v -0.153855 -0.821193 0.012871
v -0.153855 -0.820588 -0.047691
v -0.090638 -0.829462 -0.063528
v -0.091613 -0.827436 0.032103
v -0.116029 -0.825025 -0.069003
v -0.116516 -0.824314 0.039239
v -0.174873 -0.820891 -0.021012
v -0.065039 -0.828449 -0.019315
v -0.149725 -0.773401 -0.043732
v -0.081700 -0.782284 -0.060116
v -0.082799 -0.775970 0.036650
v -0.149725 -0.769773 0.018721
v -0.110044 -0.772871 0.047039
v -0.109495 -0.777843 -0.063498
v -0.054175 -0.779127 -0.013950
v -0.170171 -0.771587 -0.014723
v -0.157898 -1.234203 -0.047009
v -0.158429 -1.233211 -0.010594
v -0.133298 -1.227786 0.006421
v -0.107328 -1.234157 0.010817
v -0.087158 -1.236500 -0.027827
v -0.090690 -1.236578 -0.068229
v -0.111894 -1.235739 -0.077524
v -0.143675 -1.233435 -0.076871
v -0.214937 0.093133 0.027346
v -0.229567 0.103656 -0.026124
v -0.185093 0.047086 -0.094353
v -0.164015 0.002648 0.041998
v -0.185031 0.046692 0.040932
v -0.215244 0.095083 -0.081777
v -0.164159 0.009340 -0.078539
v -0.168325 -0.013209 -0.020355
v -0.128217 -0.391308 0.075422
v -0.118438 -0.246004 -0.058558
v -0.143251 -1.216992 -0.011592
v -0.133425 -0.445712 0.068472
v -0.120669 -0.278512 -0.071223
v -0.128044 -0.745678 0.033393
v -0.127902 -0.566200 0.061573
v -0.138647 -0.848541 0.019743
v -0.134887 -1.177160 -0.009965
v -0.131724 -0.796966 0.032367
v -0.139034 -0.395786 -0.074883
v -0.116438 -0.240734 0.073979
v -0.135888 -1.217134 -0.083224
v -0.141080 -0.447936 -0.070323
v -0.118062 -0.273840 0.069882
v -0.127754 -0.752328 -0.056091
v -0.127757 -0.568151 -0.069203
v -0.138418 -0.846697 -0.065555
v -0.134824 -1.175763 -0.067201
v -0.131465 -0.798916 -0.051139
v -0.126710 -1.254253 -0.082296
v -0.184685 -1.326918 0.130627
v -0.157571 -1.248181 0.014061
v -0.126265 -1.329934 -0.075594
v -0.185861 -1.282025 0.134982
v -0.156959 -1.324455 0.019622
v -0.142270 -1.329663 -0.027004
v -0.189486 -1.307584 0.141129
v -0.122986 -1.288962 -0.092169
v -0.172097 -1.270725 0.068433
v -0.170272 -1.328570 0.066338
v -0.181907 -1.272003 0.103935
v -0.180178 -1.330477 0.099583
v -0.127763 -0.357338 0.076494
v -0.134954 -0.356665 -0.077131
v -0.130841 -0.419871 0.072052
v -0.139990 -0.422962 -0.072913
v -0.135185 -0.822754 0.026055
v -0.134942 -0.822807 -0.058347
v -0.129884 -0.771322 0.032880
v -0.129610 -0.775622 -0.053615
v -0.130277 -1.233968 -0.080966
v -0.145764 -1.230054 -0.001657
v 0.015492 0.441206 -0.072836
v 0.009332 0.237254 0.086430
v 0.015860 0.452950 0.084453
v 0.018840 0.475381 0.000240
v 0.014508 0.302258 0.099126
v 0.009934 0.329671 -0.075744
v 0.017109 0.460362 -0.035452
v 0.010339 0.389914 0.095739
v 0.012185 0.346541 -0.078111
v -0.015355 0.441243 -0.072874
v -0.009238 0.237206 0.086480
v -0.015730 0.452978 0.084488
v -0.018672 0.475454 0.000237
v -0.009449 0.302634 0.099930
v -0.014028 0.330205 -0.074991
v -0.016961 0.460410 -0.035474
v -0.010227 0.389923 0.095787
v -0.012062 0.346421 -0.078154
v 0.049919 0.339190 -0.054739
v 0.051790 0.354201 0.078783
v 0.001306 0.349465 0.107116
v 0.076565 0.348202 0.001236
v -0.001917 0.337022 -0.080304
v 0.065300 0.344506 -0.025286
v -0.051709 0.339562 -0.050905
v -0.049892 0.355050 0.080303
v -0.074431 0.348881 0.006772
v -0.065068 0.345142 -0.020463
v 0.010369 0.336569 -0.077378
v 0.006158 0.350593 0.100365
v -0.013725 0.336795 -0.076544
v -0.003592 0.350783 0.100792
v 0.010926 0.307527 0.116019
v 0.002821 0.307786 0.121654
v -0.005504 0.307904 0.116823
v 0.170947 0.142985 -0.104630
v 0.202412 0.124503 -0.103679
v 0.157920 -0.008948 -0.090581
v 0.149211 -0.101198 -0.046257
v 0.147754 -0.235662 -0.047535
v 0.178322 0.064905 0.062039
v 0.164575 0.003532 0.058593
v 0.159663 -0.007938 0.053515
v 0.149665 -0.099811 0.052869
v 0.148168 -0.235115 0.052522
v 0.001214 0.106246 0.102369
v 0.000000 -0.008599 0.129094
v 0.000000 -0.024477 0.122635
v 0.000000 -0.144661 0.117667
v 0.000000 -0.261158 0.116975
v 0.000000 0.154119 -0.129339
v 0.000000 0.014727 -0.136266
v 0.000000 -0.018234 -0.127397
v 0.000000 -0.145799 -0.096000
v 0.000000 -0.257347 -0.099186
v 0.153230 -0.235539 0.003294
v 0.155834 -0.100167 0.003767
v 0.128747 -0.240664 -0.068667
v 0.129482 -0.108575 -0.067090
v 0.143974 0.009169 -0.114373
v 0.161693 0.017167 -0.100899
v 0.137025 0.158407 0.038556
v 0.090953 0.174282 0.037571
v 0.102685 -0.235361 0.113700
v 0.064416 -0.248777 0.116970
v 0.109957 -0.113593 0.113314
v 0.068837 -0.127840 0.117641
v 0.125497 -0.016074 0.108718
v 0.083484 -0.022549 0.127247
v 0.078484 -0.032924 -0.127172
v 0.069776 -0.129555 -0.095819
v 0.066648 -0.248273 -0.099136
v 0.079034 -0.033182 0.122539
v 0.100780 0.117592 0.094760
v 0.107481 0.194038 -0.027983
v 0.092961 0.146520 -0.129239
v 0.081706 -0.007099 -0.135009
v 0.092619 0.197645 -0.096019
v 0.137499 0.162624 -0.105701
v 0.106474 -0.241772 -0.089310
v 0.109548 -0.115913 -0.086128
v 0.122489 0.001587 -0.130142
v 0.128392 -0.236358 0.081612
v 0.131278 -0.106716 0.082340
v 0.146489 -0.006914 0.081777
v 0.159092 0.178168 -0.032207
v 0.132110 0.069320 0.104463
v 0.121009 -0.026882 0.105206
v 0.118543 -0.024471 -0.121473
v 0.129171 0.091513 -0.135835
v 0.168690 -0.023484 -0.018229
v 0.154006 0.076585 -0.124634
v 0.175893 0.062442 -0.114217
v 0.202351 0.123314 0.045924
v 0.156986 0.066470 0.082312
v 0.216057 0.139981 -0.025493
v 0.188196 0.158753 -0.029137
v 0.170712 0.140402 0.042193
v 0.141394 -0.017506 0.078385
v 0.139253 -0.016847 -0.105423
v -0.170947 0.142985 -0.104630
v -0.202412 0.124503 -0.103679
v -0.157920 -0.008948 -0.090581
v -0.149211 -0.101198 -0.046257
v -0.147755 -0.240760 -0.047535
v -0.178322 0.064905 0.062039
v -0.164576 0.003532 0.058593
v -0.159663 -0.007938 0.053515
v -0.149666 -0.099811 0.052869
v -0.148168 -0.240041 0.052522
v -0.153230 -0.240553 0.003294
v -0.155835 -0.100167 0.003767
v -0.128747 -0.245546 -0.068667
v -0.129482 -0.108575 -0.067090
v -0.143974 0.009169 -0.114373
v -0.161693 0.017167 -0.100899
v -0.137025 0.158407 0.038556
v -0.091315 0.174282 0.037571
v -0.102685 -0.236759 0.113700
v -0.063295 -0.246692 0.116970
v -0.109957 -0.113593 0.113314
v -0.068837 -0.127840 0.117641
v -0.125497 -0.016074 0.108718
v -0.083484 -0.022549 0.127247
v -0.078484 -0.032924 -0.127172
v -0.069776 -0.129555 -0.095819
v -0.065553 -0.247140 -0.099136
v -0.079034 -0.033182 0.122539
v -0.089568 0.117592 0.094760
v -0.107843 0.194038 -0.027983
v -0.093323 0.146520 -0.129239
v -0.081706 -0.007099 -0.135009
v -0.092981 0.197645 -0.096019
v -0.137499 0.162624 -0.105701
v -0.106474 -0.245422 -0.089310
v -0.109548 -0.115913 -0.086128
v -0.122489 0.001587 -0.130142
v -0.128392 -0.239792 0.081612
v -0.131278 -0.106716 0.082340
v -0.146489 -0.006914 0.081777
v -0.159092 0.178168 -0.032207
v -0.132110 0.069320 0.104463
v -0.121009 -0.026882 0.105206
v -0.118543 -0.024471 -0.121473
v -0.129171 0.091513 -0.135835
v -0.168690 -0.023484 -0.018229
v -0.154006 0.076585 -0.124634
v -0.175893 0.062442 -0.114217
v -0.202351 0.123314 0.045924
v -0.156986 0.066470 0.082312
v -0.216057 0.139981 -0.025493
v -0.188196 0.158753 -0.029137
v -0.170712 0.140402 0.042193
v -0.141394 -0.017506 0.078385
v -0.139253 -0.016847 -0.105423
v 0.000000 0.179292 0.023757
v 0.046315 0.228265 -0.057732
v 0.047746 0.181407 0.023695
v 0.000000 0.229176 -0.058936
v 0.055610 0.211520 -0.025515
v -0.046315 0.228265 -0.057732
v -0.047746 0.181407 0.023695
v -0.055610 0.211520 -0.025515
v 0.149765 -0.268310 -0.048438
v 0.149653 -0.268097 0.048104
v 0.000000 -0.295718 0.108656
v 0.000000 -0.287231 -0.117549
v 0.040956 -0.284242 -0.117536
v 0.047010 -0.291901 0.108400
v 0.108905 -0.283884 -0.106160
v 0.102374 -0.285483 0.102937
v 0.154540 -0.267970 -0.000353
v 0.124952 -0.281708 0.077401
v 0.129653 -0.287819 -0.077720
v -0.150599 -0.275293 -0.048438
v -0.150468 -0.275059 0.048104
v -0.040956 -0.285454 -0.117536
v -0.042388 -0.293010 0.108400
v -0.108311 -0.292965 -0.106160
v -0.102546 -0.289728 0.102937
v -0.155388 -0.274918 -0.000353
v -0.126298 -0.279637 0.077401
v -0.130331 -0.284533 -0.077720
v -0.308792 -0.242494 -0.050651
v -0.267800 -0.246443 -0.001913
v -0.299834 -0.225694 0.037598
v -0.342150 -0.216694 -0.001974
v -0.287611 -0.252110 -0.037523
v -0.279712 -0.236351 0.037669
v -0.330149 -0.212106 0.027867
v -0.337787 -0.225017 -0.036125
v 0.308792 -0.242494 -0.050651
v 0.267800 -0.246443 -0.001913
v 0.299834 -0.225694 0.037598
v 0.342150 -0.216694 -0.001974
v 0.287611 -0.252110 -0.037523
v 0.279712 -0.236351 0.037669
v 0.330149 -0.212106 0.027867
v 0.337787 -0.225017 -0.036125
v -0.279728 -0.249126 -0.045381
v -0.271761 -0.228801 0.041791
v -0.332030 -0.201293 0.031491
v -0.343097 -0.217479 -0.043087
v -0.307124 -0.239024 -0.062446
v -0.256992 -0.242891 -0.005070
v -0.297378 -0.215957 0.043364
v -0.348229 -0.206708 -0.003724
v 0.279919 -0.249929 -0.045157
v 0.271958 -0.229523 0.042120
v 0.332349 -0.201967 0.031831
v 0.343399 -0.218243 -0.042870
v 0.307336 -0.239789 -0.062110
v 0.257191 -0.243597 -0.004728
v 0.297595 -0.216641 0.043694
v 0.348520 -0.207418 -0.003434
v -0.152861 -1.171693 -0.010831
v -0.151259 -1.168336 -0.068790
v -0.099788 -1.175649 -0.075169
v -0.102358 -1.178043 0.002363
v -0.134357 -1.176337 0.010730
v -0.118125 -1.173181 -0.089042
v -0.078678 -1.176179 -0.041388
v -0.169311 -1.170318 -0.044854
v -0.146322 -1.174081 -0.002113
v -0.143667 -1.171014 -0.077938
v 0.147205 -1.173190 -0.012907
v 0.145460 -1.169679 -0.066466
v 0.097379 -1.177680 -0.072225
v 0.099901 -1.179763 -0.000895
v 0.129625 -1.177486 0.007209
v 0.108755 -1.174473 -0.085235
v 0.078178 -1.178499 -0.041066
v 0.162195 -1.171444 -0.044167
v 0.141250 -1.175338 -0.004880
v 0.138025 -1.172092 -0.075212
v 0.151086 -0.317399 -0.047582
v 0.150751 -0.325674 0.049893
v 0.000000 -0.336554 0.105717
v 0.000000 -0.336304 -0.120193
v 0.034859 -0.336304 -0.120167
v 0.043531 -0.331038 0.105534
v 0.110069 -0.331038 -0.106973
v 0.100455 -0.331038 0.101176
v 0.156116 -0.317399 0.000764
v 0.124945 -0.331038 0.076948
v 0.131148 -0.325674 -0.077426
v -0.152810 -0.325317 -0.047582
v -0.152425 -0.326316 0.049893
v -0.034859 -0.336304 -0.120167
v -0.039722 -0.336554 0.105534
v -0.109174 -0.331038 -0.106973
v -0.099018 -0.331049 0.101176
v -0.157837 -0.325317 0.000764
v -0.127031 -0.331049 0.076948
v -0.132643 -0.325317 -0.077426
v 0.150426 -0.285428 -0.048010
v 0.150202 -0.293703 0.048998
v 0.000000 -0.304583 0.107187
v 0.000000 -0.304332 -0.118871
v 0.037907 -0.304332 -0.118852
v 0.045270 -0.299066 0.106967
v 0.109487 -0.299066 -0.106567
v 0.101414 -0.299066 0.102057
v 0.155328 -0.285428 0.000206
v 0.124949 -0.299066 0.077174
v 0.130400 -0.293703 -0.077573
v -0.151705 -0.293346 -0.048010
v -0.151447 -0.294345 0.048998
v -0.037907 -0.304332 -0.118852
v -0.041055 -0.304583 0.106967
v -0.108743 -0.299066 -0.106567
v -0.100782 -0.299077 0.102057
v -0.156613 -0.293346 0.000206
v -0.126664 -0.299077 0.077174
v -0.131487 -0.293346 -0.077573
v 0.160916 -0.285097 -0.051868
v 0.161615 -0.317065 -0.051333
v 0.160405 -0.293338 0.053559
v 0.160897 -0.325313 0.054579
v -0.000003 -0.305439 0.118336
v -0.000003 -0.337410 0.116867
v 0.000000 -0.303557 -0.130027
v 0.000000 -0.335528 -0.131349
v 0.038969 -0.303775 -0.129969
v 0.035721 -0.335705 -0.131300
v 0.045776 -0.299863 0.118110
v 0.043988 -0.331841 0.116678
v 0.115392 -0.298667 -0.116054
v 0.116040 -0.330639 -0.116419
v 0.106222 -0.299691 0.112133
v 0.105145 -0.331667 0.111307
v 0.166503 -0.285009 0.000208
v 0.167290 -0.316980 0.000810
v 0.133052 -0.299158 0.084880
v 0.133049 -0.331126 0.084652
v 0.139579 -0.293395 -0.083953
v 0.140329 -0.325369 -0.083801
v -0.170856 -0.292777 -0.051905
v -0.163326 -0.324743 -0.051343
v -0.038981 -0.303780 -0.129969
v -0.035731 -0.335709 -0.131299
v -0.041533 -0.305384 0.118111
v -0.040166 -0.337360 0.116679
v -0.114452 -0.298648 -0.116173
v -0.114920 -0.330620 -0.116557
v -0.105357 -0.299743 0.112239
v -0.103310 -0.331724 0.111479
v -0.134572 -0.299131 0.085081
v -0.134949 -0.331089 0.084844
v -0.140492 -0.292911 -0.084188
v -0.141660 -0.324881 -0.084024
v -0.168999 -0.324641 0.000814
v -0.167775 -0.292671 0.000212
v -0.162590 -0.325731 0.054517
v -0.161651 -0.293756 0.053535
v 0.173918 -0.274273 -0.055407
v 0.185539 -0.383368 -0.040514
v 0.170413 -0.275235 -0.060639
v 0.152591 -0.394131 -0.090596
v 0.180531 -0.274489 -0.059923
v 0.208234 -0.377564 -0.064223
v 0.177301 -0.275776 -0.064883
v 0.182076 -0.386377 -0.103546
v 0.140937 -0.283943 -0.098963
v 0.173883 -0.273182 -0.049344
v 0.171949 -0.288922 -0.110950
v 0.197673 -0.280123 -0.071753
v 0.168302 -0.188986 -0.075900
v 0.169664 -0.188612 -0.073868
v 0.170978 -0.189196 -0.077549
v 0.172233 -0.188696 -0.075622
v 0.199623 -0.274859 -0.068429
v 0.211135 -0.381181 -0.060205
v 0.169056 -0.285308 -0.114955
v 0.180116 -0.391638 -0.106884
v 0.193761 -0.280336 -0.069120
v 0.204321 -0.377777 -0.061590
v 0.168037 -0.289136 -0.108317
v 0.178164 -0.386591 -0.100913
v 0.044690 0.321282 -0.053717
v 0.045276 0.287626 0.076640
v 0.068829 0.311926 0.007414
v 0.061979 0.320129 -0.022674
v -0.047058 0.322295 -0.050996
v -0.042258 0.287626 0.078995
v -0.069018 0.313927 0.011035
v -0.063189 0.321605 -0.019386
v -0.036226 0.435826 -0.066866
v -0.024203 0.244944 0.078586
v -0.044829 0.464004 0.000521
v -0.033054 0.331701 -0.066533
v -0.040014 0.452218 -0.032244
v -0.031601 0.350458 -0.066113
v -0.036008 0.448598 0.078936
v -0.028099 0.301345 0.090727
v -0.026800 0.388547 0.088082
v -0.026742 0.352916 0.090548
v -0.032717 0.338825 -0.066288
v 0.036289 0.435801 -0.066851
v 0.024250 0.244969 0.078561
v 0.044909 0.463966 0.000522
v 0.029462 0.330825 -0.068813
v 0.040086 0.452188 -0.032236
v 0.031663 0.350492 -0.065877
v 0.036071 0.448585 0.078918
v 0.032459 0.299947 0.088789
v 0.026860 0.388542 0.088058
v 0.028974 0.352396 0.089574
v 0.030144 0.338620 -0.068665
v 0.039072 0.308547 -0.051692
v 0.043065 0.277276 0.074273
v 0.059898 0.291048 0.014057
v 0.056108 0.306689 -0.021902
v -0.040498 0.309327 -0.050278
v -0.041604 0.278070 0.075691
v -0.060012 0.292243 0.016188
v -0.056837 0.307806 -0.019933
v -0.026617 0.275085 0.086109
v -0.027312 0.285145 0.088274
v 0.058451 0.353504 -0.059230
v 0.065328 0.391613 0.074138
v 0.000004 0.394495 0.107828
v 0.085040 0.371203 -0.000300
v 0.000015 0.342749 -0.088513
v 0.072620 0.362440 -0.028824
v -0.058451 0.353496 -0.059302
v -0.067761 0.391613 0.074138
v -0.085041 0.371203 -0.000300
v -0.072620 0.362440 -0.028824
v 0.013549 0.393642 0.102596
v 0.014916 0.345114 -0.085264
v -0.013436 0.393648 0.102643
v -0.014777 0.344998 -0.085373
v -0.030011 0.392565 0.095207
v -0.035804 0.350290 -0.074593
v 0.030071 0.392561 0.095184
v 0.035866 0.350320 -0.074366
v -0.013426 0.413911 0.100948
v -0.014835 0.352744 -0.086976
v -0.030064 0.411878 0.093788
v -0.035847 0.357333 -0.073861
v 0.058455 0.359694 -0.059900
v 0.049708 0.409479 0.084622
v 0.000004 0.415312 0.105946
v 0.083992 0.377942 -0.001222
v 0.000015 0.351378 -0.089891
v 0.072022 0.368922 -0.029811
v -0.058455 0.359694 -0.059910
v -0.049700 0.409479 0.084622
v -0.083992 0.377942 -0.001222
v -0.072022 0.368922 -0.029811
v 0.013539 0.413899 0.100902
v 0.014974 0.352823 -0.086842
v 0.030125 0.411872 0.093766
v 0.035909 0.357355 -0.073688
v 0.054239 0.390318 0.157202
v 0.054242 0.385552 0.158411
v -0.004361 0.402368 0.183419
v -0.004361 0.396578 0.184385
v -0.062962 0.390319 0.157202
v -0.062965 0.385553 0.158411
v 0.011597 0.402055 0.177252
v 0.011608 0.396455 0.178033
v 0.031151 0.399677 0.168088
v 0.031088 0.394365 0.168602
v -0.039749 0.394366 0.168630
v -0.020207 0.396455 0.178090
v -0.020196 0.402057 0.177307
v -0.039812 0.399678 0.168116
v -0.001648 0.316377 -0.075143
v -0.000936 0.308421 -0.072057
v 0.027036 0.321169 -0.064979
v 0.021758 0.309546 -0.062815
v 0.015471 0.290776 -0.055535
v -0.026558 0.309840 -0.059803
v -0.018503 0.289914 -0.053867
v -0.030937 0.321712 -0.062387
v -0.011733 0.307884 -0.066608
v -0.012374 0.316583 -0.070764
v -0.008242 0.292751 -0.059929
v 0.008620 0.316536 -0.071750
v 0.007152 0.307915 -0.068415
v 0.004830 0.293652 -0.061727
v -0.009407 0.281437 0.097262
v -0.009379 0.271127 0.095450
v 0.002245 0.279880 0.102753
v 0.013336 0.281437 0.096251
v 0.001867 0.268413 0.100838
v 0.012731 0.271127 0.094767
v 0.030308 0.285145 0.086109
v 0.028835 0.275085 0.084274
v -0.321241 -0.434039 0.086851
v -0.337977 -0.500824 0.072354
v -0.320905 -0.502519 0.112019
v -0.348730 -0.444678 0.117288
v -0.318098 -0.482973 0.068610
v -0.351162 -0.480862 0.129313
v -0.331045 -0.463126 0.126051
v -0.335921 -0.465138 0.059015
v -0.368847 -0.462414 0.120550
v -0.355800 -0.482988 0.062759
v -0.366981 -0.500796 0.104668
v -0.367676 -0.432301 0.079445
v -0.306380 -0.468495 0.101727
v -0.381538 -0.465683 0.089736
v -0.344815 -0.510686 0.111694
v -0.340809 -0.509972 0.086755
v -0.359940 -0.503823 0.085981
v -0.347562 -0.424795 0.104906
v -0.366087 -0.430804 0.099833
v -0.312181 -0.483651 0.077282
v -0.321762 -0.505276 0.092004
v -0.347076 -0.493343 0.129932
v -0.326971 -0.491487 0.127805
v -0.319409 -0.464471 0.127083
v -0.341247 -0.441543 0.061422
v -0.322993 -0.445912 0.070341
v -0.372553 -0.462483 0.118604
v -0.365325 -0.481663 0.068803
v -0.328139 -0.432223 0.105890
v -0.365112 -0.490083 0.121659
v -0.360916 -0.444496 0.064284
v -0.338477 -0.439562 0.144560
v -0.340197 -0.465148 0.153063
v -0.365207 -0.439058 0.140670
v -0.366927 -0.464644 0.149174
v -0.351486 -0.434011 0.140854
v -0.353918 -0.470195 0.152880
v -0.333801 -0.452459 0.149617
v -0.371603 -0.451747 0.144116
v -0.331598 -0.433497 0.143444
v -0.334149 -0.471456 0.156060
v -0.371254 -0.432750 0.137674
v -0.373806 -0.470708 0.150289
v -0.350898 -0.425262 0.137946
v -0.354506 -0.478944 0.155787
v -0.324660 -0.452631 0.150947
v -0.380743 -0.451574 0.142786
v -0.333750 -0.428116 0.155553
v -0.336302 -0.466074 0.168169
v -0.373407 -0.427368 0.149783
v -0.375958 -0.465327 0.162398
v -0.353050 -0.419880 0.150055
v -0.356658 -0.473562 0.167896
v -0.326813 -0.447249 0.163056
v -0.382896 -0.446192 0.154895
v -0.343011 -0.436280 0.157055
v -0.344443 -0.457582 0.164135
v -0.365266 -0.435860 0.153817
v -0.366698 -0.457162 0.160896
v -0.353842 -0.431658 0.153970
v -0.355867 -0.461784 0.163982
v -0.339118 -0.447018 0.161266
v -0.370591 -0.446424 0.156686
v -0.415371 -0.226591 0.703174
v -0.415799 -0.232952 0.705288
v -0.422017 -0.226465 0.702207
v -0.422445 -0.232827 0.704321
v -0.418606 -0.225211 0.702253
v -0.419210 -0.234207 0.705243
v -0.414209 -0.229797 0.704432
v -0.423608 -0.229620 0.703064
v -0.323549 -0.498041 0.011338
v -0.324288 -0.510866 0.016132
v -0.337099 -0.498046 0.009235
v -0.337838 -0.510871 0.014029
v -0.331216 -0.513525 0.016073
v -0.321113 -0.504452 0.014170
v -0.330171 -0.495387 0.009294
v -0.340274 -0.504460 0.011197
v -0.318567 -0.487301 0.021576
v -0.313772 -0.499915 0.027149
v -0.320020 -0.512535 0.031008
v -0.333651 -0.517766 0.030892
v -0.351473 -0.499931 0.021298
v -0.345225 -0.487311 0.017439
v -0.331595 -0.482080 0.017554
v -0.346679 -0.512545 0.026870
v -0.433231 -0.233372 0.689372
v -0.429337 -0.244109 0.693583
v -0.418507 -0.248731 0.696668
v -0.427906 -0.222808 0.686503
v -0.407083 -0.244529 0.696821
v -0.401758 -0.233965 0.693952
v -0.405651 -0.223227 0.689742
v -0.416482 -0.218606 0.686656
vn -0.0263 -0.2556 -0.9664
vn -0.1034 -0.9945 0.0150
vn -0.0017 -0.0872 0.9962
vn -0.8425 -0.4994 -0.2020
vn 0.6296 0.1072 -0.7695
vn 0.9612 0.1236 0.2465
vn -0.0076 0.6695 0.7428
vn 0.1050 0.7855 -0.6099
vn 0.3380 0.9405 0.0340
vn -0.0377 0.8307 -0.5554
vn -0.2709 -0.1964 0.9423
vn -0.8993 -0.1360 -0.4156
vn 0.3586 -0.0767 -0.9303
vn 0.8931 -0.0959 0.4395
vn 0.9419 0.0131 0.3355
vn 0.4664 -0.0125 -0.8845
vn -0.9465 -0.0498 -0.3189
vn -0.0965 -0.1887 0.9773
vn -0.2171 -0.2860 0.9333
vn -0.8565 -0.0518 -0.5136
vn 0.4680 0.2936 -0.8335
vn 0.8491 -0.0243 0.5276
vn 0.8501 -0.0238 0.5261
vn 0.8502 -0.0240 0.5260
vn -0.2808 -0.1150 0.9528
vn -0.8342 -0.0347 -0.5504
vn 0.6198 -0.0113 -0.7847
vn 0.6205 -0.0248 -0.7838
vn 0.6205 -0.0238 -0.7838
vn 0.8549 -0.0984 0.5094
vn 0.8557 0.0492 0.5152
vn 0.8510 0.0489 0.5228
vn 0.8509 0.0491 0.5231
vn 0.4455 -0.0596 -0.8933
vn 0.4459 -0.0650 -0.8927
vn 0.4510 -0.0643 -0.8902
vn 0.4506 -0.0588 -0.8908
vn -0.8585 -0.1915 -0.4757
vn -0.3318 -0.0292 0.9429
vn 0.5794 0.0253 0.8146
vn 0.5793 0.0265 0.8147
vn 0.5804 0.0266 0.8139
vn 0.5805 0.0254 0.8139
vn -0.1067 -0.1066 -0.9886
vn -0.0998 -0.1061 -0.9893
vn -0.0996 -0.1065 -0.9893
vn -0.3794 -0.0249 -0.9249
vn 0.6491 -0.0908 0.7552
vn 0.6491 -0.0842 0.7560
vn 0.6494 -0.0968 0.7543
vn -0.2819 0.2254 -0.9326
vn 0.5744 -0.1163 0.8103
vn 0.5740 -0.1267 0.8090
vn 0.5741 -0.1260 0.8090
vn 0.5929 -0.1009 0.7989
vn -0.0634 -0.1049 -0.9925
vn -0.1434 -0.0735 -0.9869
vn 0.5167 -0.1226 0.8474
vn 0.0814 0.8433 -0.5313
vn 0.3742 0.8324 0.4088
vn 0.0997 -0.3567 -0.9289
vn 0.5922 0.0173 0.8056
vn -0.8721 -0.1478 0.4665
vn 0.8032 0.0205 -0.5953
vn 0.7650 -0.0397 -0.6428
vn -0.8765 -0.0834 0.4741
vn 0.7640 0.2396 -0.5991
vn 0.7639 0.2396 -0.5992
vn 0.7642 0.2396 -0.5988
vn -0.8444 -0.2883 0.4515
vn -0.9479 -0.0727 0.3100
vn 0.9400 0.0225 -0.3405
vn 0.8937 -0.0616 -0.4444
vn -0.8817 -0.1950 0.4296
vn 0.3469 0.9372 -0.0367
vn 0.9462 0.2113 -0.2452
vn -0.9177 -0.2931 0.2681
vn -0.0698 0.7125 0.6982
vn -0.0072 -0.9966 0.0815
vn 0.6748 -0.7379 -0.0114
vn 0.9722 0.2058 -0.1118
vn 0.6658 -0.1127 0.7375
vn 0.1400 -0.1835 -0.9730
vn 0.9650 0.2315 0.1234
vn 0.8187 0.0582 -0.5712
vn -0.0287 -0.2416 0.9700
vn 0.1457 -0.2251 0.9634
vn -0.9187 -0.3022 0.2542
vn 0.9660 0.2040 -0.1591
vn 0.5466 0.0152 0.8373
vn 0.1286 -0.3555 -0.9258
vn 0.9741 0.1482 0.1706
vn 0.7406 0.1141 -0.6622
vn -0.8612 -0.4940 -0.1195
vn 0.0354 -0.0737 0.9967
vn -0.8528 -0.2864 0.4367
vn 0.7637 0.2397 -0.5995
vn 0.5846 -0.1134 0.8033
vn 0.5843 -0.1234 0.8021
vn 0.5845 -0.1228 0.8020
vn -0.2080 0.2463 -0.9466
vn 0.8491 -0.0245 0.5277
vn 0.4175 0.2945 -0.8596
vn -0.8725 -0.0631 -0.4844
vn -0.2425 -0.2893 0.9260
vn 0.8287 0.0241 -0.5592
vn -0.8423 -0.1408 0.5203
vn -0.1068 -0.1072 -0.9885
vn 0.5783 0.0252 0.8154
vn 0.5783 0.0264 0.8154
vn -0.3732 -0.0333 0.9272
vn -0.8395 -0.1897 -0.5092
vn 0.4414 -0.0653 -0.8949
vn 0.4407 -0.0656 -0.8953
vn 0.8558 0.0494 0.5150
vn 0.4402 -0.0548 -0.8962
vn 0.4451 -0.0542 -0.8939
vn 0.5784 0.0239 0.8154
vn 0.5795 0.0240 0.8146
vn 0.4051 0.3409 -0.8483
vn 0.5843 -0.1130 0.8037
vn 0.8097 -0.0246 -0.5863
vn 0.6256 -0.0581 0.7779
vn 0.8016 0.0418 -0.5964
vn 0.8058 0.0399 -0.5909
vn 0.8023 0.0415 -0.5955
vn 0.5753 0.0785 0.8142
vn 0.6678 -0.0430 0.7431
vn 0.1347 0.8519 0.5060
vn 0.5164 -0.1421 0.8445
vn 0.5823 -0.0281 0.8125
vn 0.5743 -0.1157 0.8105
vn 0.6491 -0.0974 0.7544
vn 0.5806 0.0241 0.8139
vn 0.4501 -0.0535 -0.8914
vn 0.6194 -0.0110 -0.7850
vn 0.4564 0.3408 -0.8219
vn 0.5202 -0.1165 -0.8460
vn 0.3574 -0.0559 -0.9323
vn 0.4625 0.8649 -0.1951
vn 0.7519 -0.0585 -0.6566
vn 0.1332 -0.9910 0.0143
vn 0.0074 -0.0744 0.9972
vn 0.8425 -0.4994 -0.2020
vn -0.5980 0.0459 -0.8001
vn -0.9695 0.0167 0.2444
vn 0.0020 0.6853 0.7283
vn -0.2316 0.8737 -0.4277
vn -0.3129 0.9492 0.0323
vn 0.0280 0.8065 -0.5906
vn 0.2709 -0.1964 0.9423
vn 0.8993 -0.1360 -0.4156
vn -0.3586 -0.0767 -0.9303
vn -0.8931 -0.0959 0.4395
vn -0.9423 -0.0103 0.3347
vn -0.4332 -0.0171 -0.9012
vn 0.9465 -0.0498 -0.3189
vn 0.1062 -0.1971 0.9746
vn 0.2171 -0.2860 0.9333
vn 0.8565 -0.0518 -0.5136
vn -0.4680 0.2936 -0.8335
vn -0.8492 -0.0243 0.5276
vn -0.8502 -0.0240 0.5260
vn -0.8501 -0.0238 0.5261
vn 0.2850 -0.1096 0.9522
vn 0.8331 -0.0370 -0.5519
vn -0.6253 -0.0103 -0.7803
vn -0.8565 -0.0823 0.5095
vn -0.8556 0.0493 0.5152
vn -0.8509 0.0491 0.5231
vn -0.8510 0.0490 0.5229
vn -0.4455 -0.0596 -0.8933
vn -0.4506 -0.0588 -0.8908
vn -0.4510 -0.0643 -0.8902
vn -0.4459 -0.0650 -0.8927
vn 0.8585 -0.1915 -0.4757
vn 0.3318 -0.0291 0.9429
vn -0.5794 0.0253 0.8146
vn -0.5805 0.0254 0.8139
vn -0.5804 0.0266 0.8139
vn -0.5793 0.0265 0.8147
vn 0.1067 -0.1066 -0.9886
vn 0.0996 -0.1065 -0.9893
vn 0.0998 -0.1061 -0.9893
vn 0.3848 -0.0212 -0.9227
vn -0.6543 -0.0755 0.7525
vn -0.6541 -0.0819 0.7519
vn -0.6542 -0.0685 0.7532
vn 0.2819 0.2254 -0.9326
vn -0.5838 -0.1237 0.8025
vn -0.5740 -0.1267 0.8090
vn -0.5747 -0.1266 0.8085
vn -0.5868 -0.1122 0.8019
vn 0.0722 -0.1101 -0.9913
vn 0.1434 -0.0735 -0.9869
vn -0.5167 -0.1226 0.8473
vn -0.1820 0.7660 -0.6166
vn -0.3103 0.7917 0.5262
vn -0.0547 -0.3818 -0.9226
vn -0.5524 0.0246 0.8332
vn 0.8721 -0.1477 0.4665
vn -0.8032 0.0205 -0.5953
vn -0.7652 -0.0238 -0.6433
vn 0.8766 -0.0865 0.4734
vn -0.7640 0.2396 -0.5991
vn -0.7642 0.2396 -0.5988
vn -0.7639 0.2396 -0.5992
vn 0.8444 -0.2883 0.4515
vn 0.9481 -0.0731 0.3095
vn -0.9407 0.0002 -0.3392
vn -0.8937 -0.0616 -0.4445
vn 0.8817 -0.1950 0.4296
vn -0.3242 0.9454 -0.0349
vn -0.9644 0.0948 -0.2468
vn 0.9193 -0.2981 0.2570
vn 0.9179 -0.2969 0.2634
vn 0.9182 -0.2969 0.2622
vn 0.0371 0.7733 0.6329
vn 0.0072 -0.9966 0.0815
vn -0.6748 -0.7379 -0.0114
vn -0.9350 0.3375 -0.1086
vn -0.5432 -0.1434 0.8273
vn -0.1187 -0.1812 -0.9763
vn -0.9270 0.3551 0.1205
vn -0.7731 0.0946 -0.6272
vn 0.0090 -0.2171 0.9761
vn -0.1671 -0.2292 0.9589
vn 0.9207 -0.2993 0.2505
vn -0.9690 0.1898 -0.1580
vn -0.4714 0.0076 0.8819
vn -0.0869 -0.3685 -0.9256
vn -0.9749 0.1428 0.1706
vn -0.6913 0.0847 -0.7176
vn 0.8612 -0.4940 -0.1195
vn -0.0415 -0.0618 0.9972
vn 0.8528 -0.2864 0.4367
vn -0.7637 0.2397 -0.5995
vn -0.5843 -0.1234 0.8021
vn 0.2080 0.2463 -0.9466
vn -0.8491 -0.0245 0.5277
vn -0.4175 0.2945 -0.8596
vn 0.8725 -0.0631 -0.4844
vn 0.2425 -0.2893 0.9260
vn -0.8287 0.0241 -0.5592
vn 0.8423 -0.1408 0.5204
vn 0.1068 -0.1072 -0.9885
vn -0.5783 0.0252 0.8154
vn -0.5783 0.0264 0.8154
vn 0.3732 -0.0333 0.9272
vn 0.8395 -0.1897 -0.5092
vn -0.4415 -0.0652 -0.8949
vn -0.4407 -0.0656 -0.8953
vn -0.8558 0.0494 0.5150
vn -0.4402 -0.0548 -0.8962
vn -0.4451 -0.0542 -0.8939
vn -0.5784 0.0239 0.8154
vn -0.5795 0.0240 0.8146
vn -0.4051 0.3409 -0.8483
vn -0.5843 -0.1130 0.8037
vn -0.5839 -0.1133 0.8039
vn -0.5748 -0.1157 0.8101
vn -0.7795 -0.0658 -0.6230
vn -0.5855 -0.0667 0.8079
vn -0.7566 0.0372 -0.6528
vn -0.5389 0.1105 0.8351
vn -0.6442 -0.0958 0.7589
vn -0.2552 0.9093 0.3288
vn -0.5164 -0.1421 0.8445
vn -0.5637 -0.0411 0.8249
vn -0.5743 -0.1157 0.8105
vn -0.6542 -0.0825 0.7518
vn -0.5806 0.0241 0.8139
vn -0.4501 -0.0535 -0.8914
vn -0.6234 0.0044 -0.7819
vn -0.4564 0.3408 -0.8219
vn -0.5102 -0.1247 -0.8510
vn -0.3574 -0.0559 -0.9323
vn -0.3365 0.8222 -0.4591
vn -0.7387 -0.0929 -0.6676
vn 0.0269 -0.2554 -0.9665
vn -0.7740 0.0933 -0.6263
vn -0.7577 0.0375 0.6515
vn -0.0102 -0.1412 0.9899
vn -0.9931 0.0607 -0.1002
vn -0.7174 -0.0615 0.6939
vn -0.1693 0.0502 -0.9843
vn -0.0005 0.0721 -0.9974
vn 0.0012 0.0732 -0.9973
vn -0.9927 0.0620 0.1037
vn -0.8183 0.0567 -0.5719
vn -0.0945 -0.1232 0.9879
vn 0.8074 0.0582 -0.5871
vn 0.7514 0.0198 0.6596
vn 0.0233 -0.1805 0.9833
vn 0.9942 0.0388 -0.1000
vn 0.7388 -0.0470 0.6722
vn 0.1656 0.0366 -0.9855
vn -0.0023 0.0709 -0.9975
vn 0.9938 0.0344 0.1053
vn 0.8177 0.0357 -0.5746
vn 0.0989 -0.1230 0.9875
vn 0.0767 -0.0393 0.9963
vn 0.8263 0.0466 -0.5613
vn 0.9832 0.1349 0.1230
vn -0.0000 0.0513 -0.9987
vn -0.0023 0.0513 -0.9987
vn 0.1728 0.0279 -0.9846
vn 0.6926 -0.0443 0.7199
vn 0.9906 0.0870 -0.1058
vn 0.0038 -0.0388 0.9992
vn -0.0047 -0.0421 0.9991
vn -0.0046 -0.0421 0.9991
vn 0.6853 0.0675 0.7251
vn 0.8065 0.0395 -0.5899
vn -0.0770 -0.0447 0.9960
vn -0.8210 0.0668 -0.5670
vn -0.9786 0.1710 0.1141
vn 0.0022 0.0513 -0.9987
vn -0.1772 0.0241 -0.9839
vn -0.6250 -0.0482 0.7792
vn -0.9825 0.1538 -0.1051
vn -0.0048 -0.0423 0.9991
vn -0.6886 0.0713 0.7216
vn -0.7702 0.0331 -0.6369
vn 0.9958 0.0133 -0.0904
vn 0.1612 0.3075 0.9378
vn -0.0382 -0.5401 -0.8407
vn -0.9293 -0.2008 0.3098
vn -0.7746 -0.4521 -0.4423
vn -0.3976 -0.2195 -0.8909
vn 0.5538 0.1591 -0.8173
vn 0.8609 0.4755 -0.1808
vn -0.1133 0.2609 0.9587
vn 0.9474 0.1606 0.2768
vn 0.4335 -0.4015 -0.8068
vn -0.7944 -0.4852 -0.3655
vn -0.8627 -0.3561 -0.3592
vn 0.4231 -0.1828 -0.8874
vn 0.8506 0.4756 0.2240
vn -0.2035 0.3665 0.9079
vn -0.9425 -0.1155 0.3137
vn -0.2310 -0.3797 -0.8958
vn 0.0589 0.4616 0.8851
vn 0.9316 0.3127 -0.1854
vn -0.9335 -0.3514 -0.0718
vn -0.1771 -0.2239 -0.9584
vn 0.8075 0.4679 0.3592
vn 0.2840 0.2860 0.9152
vn 0.0036 -0.0801 0.9968
vn 0.2532 0.5222 0.8144
vn -0.0456 0.5114 0.8581
vn 0.7593 -0.2039 0.6180
vn 0.0571 -0.6395 -0.7667
vn -0.9185 0.2482 -0.3079
vn 0.0658 0.2485 0.9664
vn 0.7915 0.0655 0.6076
vn 0.0483 -0.4522 -0.8906
vn -0.9915 0.0179 0.1287
vn -0.9675 -0.2517 -0.0234
vn -0.9710 -0.1706 -0.1677
vn 0.7921 -0.3469 -0.5022
vn 0.9816 -0.1616 0.1014
vn -0.9088 0.3957 -0.1322
vn -0.8996 0.3383 -0.2763
vn 0.7631 -0.6463 -0.0012
vn 0.8002 -0.4646 0.3794
vn -0.4038 0.5155 0.7557
vn -0.9772 -0.2076 0.0457
vn 0.0448 -0.9961 -0.0754
vn 0.0256 -0.7332 0.6796
vn 0.7311 0.0985 -0.6752
vn 0.9006 0.3933 -0.1851
vn -0.7208 0.2236 0.6561
vn -0.7930 -0.5940 0.1354
vn 0.1579 -0.9872 -0.0209
vn 0.6547 -0.7507 -0.0884
vn -0.3105 -0.6170 -0.7231
vn 0.2872 -0.1848 0.9399
vn 0.8403 0.0622 0.5385
vn -0.6516 -0.2953 -0.6987
vn 0.8520 -0.5150 0.0944
vn -0.4570 0.6628 0.5931
vn 0.6731 0.1512 0.7240
vn -0.5465 -0.3701 -0.7512
vn 0.8528 -0.4403 -0.2809
vn -0.6051 0.4579 0.6513
vn 0.8279 0.5292 0.1858
vn -0.4420 -0.8952 -0.0561
vn 0.9271 -0.2985 0.2268
vn 0.8093 -0.4841 -0.3327
vn -0.3520 -0.4647 -0.8125
vn 0.7819 -0.4296 -0.4517
vn 0.8928 0.0579 -0.4468
vn 0.9051 0.0718 -0.4191
vn 0.6021 0.0887 0.7935
vn 0.9360 0.1589 0.3142
vn 0.5631 0.1014 -0.8201
vn 0.4420 -0.8952 -0.0561
vn -0.9960 0.0052 -0.0896
vn -0.1557 0.3108 0.9377
vn 0.0650 -0.5135 -0.8557
vn 0.9270 -0.1806 0.3286
vn 0.1286 0.2604 0.9569
vn -0.9548 0.1476 0.2580
vn -0.5155 -0.3648 -0.7754
vn 0.8288 -0.4491 -0.3339
vn 0.8627 -0.3561 -0.3592
vn -0.4231 -0.1828 -0.8874
vn -0.8506 0.4756 0.2240
vn 0.2035 0.3665 0.9079
vn 0.9425 -0.1155 0.3137
vn 0.2310 -0.3797 -0.8958
vn -0.0589 0.4616 0.8851
vn -0.9316 0.3127 -0.1854
vn 0.8944 0.0139 -0.4470
vn 0.1930 -0.7298 0.6559
vn -0.8082 0.0871 -0.5824
vn 0.8301 0.4622 0.3118
vn -0.9225 -0.2576 0.2875
vn -0.8375 -0.4630 -0.2902
vn -0.8042 -0.4260 -0.4145
vn -0.9158 -0.0091 -0.4014
vn -0.9302 -0.0767 -0.3589
vn -0.5887 0.0580 0.8063
vn -0.9361 0.1356 0.3244
vn -0.6023 -0.0028 -0.7983
vn 0.2487 -0.1478 -0.9572
vn 0.4237 0.0627 0.9037
vn 0.4237 0.0619 0.9037
vn -0.2829 -0.0869 -0.9552
vn -0.4103 0.0542 0.9103
vn -0.4213 0.0243 0.9066
vn -0.2736 -0.2399 -0.9314
vn 0.4602 0.0362 0.8871
vn 0.1966 -0.2681 -0.9431
vn -0.6203 0.0794 -0.7804
vn -0.9330 -0.0611 0.3546
vn -0.3274 -0.8610 0.3891
vn -0.9466 0.1110 -0.3026
vn -0.8924 0.1367 -0.4301
vn 0.5754 -0.0323 -0.8172
vn 0.9445 -0.0687 0.3214
vn -0.9747 0.1151 0.1917
vn 0.9321 -0.0207 -0.3615
vn 0.8801 -0.0157 -0.4745
vn -0.6026 0.2738 0.7496
vn 0.6492 0.2975 0.7000
vn 0.9741 0.1643 0.1553
vn 0.3303 -0.8627 0.3830
vn 0.3352 -0.4486 -0.8285
vn -0.0158 -0.0254 0.9996
vn -0.9904 0.0584 0.1252
vn -0.2524 0.0766 -0.9646
vn -0.9184 0.2170 -0.3308
vn 0.0158 -0.0254 0.9996
vn 0.9904 0.0583 0.1253
vn 0.2558 0.0795 -0.9635
vn 0.9180 0.2180 -0.3312
vn -0.8087 -0.3929 -0.4378
vn -0.8728 -0.4118 -0.2619
vn -0.9307 -0.2734 0.2430
vn 0.7908 -0.3969 -0.4659
vn 0.8532 -0.4314 -0.2932
vn 0.9310 -0.3047 0.2009
vn -0.4455 -0.0644 -0.8930
vn -0.4575 -0.0131 0.8891
vn -0.4096 0.0712 0.9095
vn -0.5000 0.0069 -0.8660
vn -0.5660 -0.2281 0.7922
vn 0.3756 -0.1215 -0.9188
vn 0.4963 -0.0167 0.8680
vn 0.4236 0.0635 0.9036
vn 0.4694 0.0114 -0.8829
vn 0.9483 -0.2725 0.1625
vn 0.8815 -0.4117 -0.2313
vn 0.7769 -0.3814 -0.5009
vn -0.9509 -0.2505 0.1818
vn -0.8938 -0.3935 -0.2151
vn -0.7910 -0.3667 -0.4898
vn -0.5196 -0.1783 0.8356
vn -0.4486 -0.1310 0.8841
vn -0.5635 -0.2576 0.7849
vn 0.5123 -0.3916 -0.7643
vn -0.3106 -0.2681 -0.9119
vn 0.4969 -0.3582 -0.7904
vn -0.3766 -0.3950 -0.8380
vn 0.3864 -0.3595 -0.8494
vn 0.3649 -0.3554 -0.8605
vn 0.4403 -0.4123 -0.7976
vn -0.5602 -0.3809 -0.7356
vn -0.5378 -0.3394 -0.7718
vn -0.4671 -0.3817 -0.7976
vn -0.4334 -0.3619 -0.8253
vn -0.4485 -0.3752 -0.8112
vn -0.4014 -0.4243 -0.8117
vn 0.2400 -0.2515 -0.9376
vn 0.3617 -0.4415 -0.8211
vn 0.3288 -0.3541 -0.8755
vn -0.4138 -0.1004 0.9048
vn -0.4858 -0.1841 0.8545
vn -0.5232 -0.2320 0.8201
vn 0.4824 -0.1238 0.8671
vn -0.4464 -0.1440 0.8832
vn -0.4981 -0.2098 0.8413
vn 0.5030 -0.1788 0.8456
vn 0.5135 -0.1549 0.8440
vn 0.5327 -0.2467 0.8095
vn 0.5440 -0.2298 0.8070
vn 0.5509 -0.1887 0.8130
vn 0.5603 -0.2437 0.7916
vn 0.5640 -0.2630 0.7828
vn 0.5634 -0.2225 0.7957
vn 0.8509 -0.2220 0.4761
vn 0.9206 -0.3901 0.0193
vn 0.9188 0.2297 -0.3210
vn -0.8469 -0.4520 -0.2802
vn -0.9255 -0.2409 0.2921
vn -0.9187 0.3598 0.1629
vn -0.4419 -0.7041 0.5558
vn -0.3551 -0.9340 -0.0404
vn 0.2788 -0.9583 0.0631
vn 0.9241 0.2645 0.2757
vn 0.0902 0.3187 0.9435
vn -0.3085 0.2815 0.9086
vn 0.2336 -0.5391 -0.8092
vn -0.4065 -0.4400 -0.8007
vn -0.9739 -0.0233 -0.2257
vn -0.9683 0.2096 0.1355
vn -0.2131 -0.8241 -0.5248
vn -0.3174 0.5630 0.7631
vn 0.7148 -0.5587 -0.4207
vn 0.0589 -0.0076 0.9982
vn 0.0865 0.0739 0.9935
vn 0.4306 0.2253 -0.8740
vn -0.5263 0.4978 0.6894
vn -0.5659 -0.5610 -0.6042
vn 0.3264 -0.8275 -0.4568
vn 0.1089 0.5671 0.8164
vn 0.8486 0.1360 -0.5113
vn -0.3938 -0.1561 0.9058
vn 0.1514 0.5301 0.8343
vn -0.1104 0.1182 -0.9868
vn -0.6969 -0.0654 0.7142
vn -0.5137 -0.0343 -0.8573
vn 0.8923 -0.0088 0.4514
vn 0.8980 -0.1736 -0.4044
vn 0.6691 0.1525 -0.7273
vn -0.9285 0.0690 -0.3648
vn -0.2180 -0.0516 0.9746
vn 0.7183 -0.0780 0.6914
vn -0.6423 0.0995 -0.7600
vn 0.9723 0.1101 0.2061
vn 0.6293 0.5565 0.5424
vn -0.7994 0.0887 0.5942
vn -0.0512 0.3990 0.9155
vn 0.8389 0.1181 -0.5313
vn -0.9971 -0.0018 0.0766
vn -0.1338 0.2926 -0.9468
vn 0.9424 0.3255 0.0766
vn 0.2053 0.2456 0.9474
vn 0.0791 -0.9928 0.0904
vn -0.0735 0.9386 0.3370
vn -0.7972 -0.1227 0.5911
vn 0.1169 -0.9905 0.0721
vn 0.9495 0.0602 -0.3079
vn -0.9543 0.1937 0.2274
vn 0.9000 0.0020 -0.4359
vn 0.0794 -0.9967 -0.0161
vn -0.9356 -0.3150 -0.1594
vn -0.9797 0.0662 0.1890
vn -0.4328 -0.3385 -0.8356
vn -0.0450 -0.9987 0.0229
vn -0.0216 -0.9939 0.1077
vn -0.0759 -0.2280 -0.9707
vn 0.2196 0.9330 0.2850
vn -0.0023 -0.9945 0.1045
vn 0.2708 0.2567 0.9278
vn -0.3151 0.2960 -0.9017
vn -0.2860 -0.3754 -0.8816
vn 0.2517 -0.5288 0.8105
vn -0.9126 -0.3783 0.1550
vn 0.8710 -0.2340 -0.4319
vn -0.9186 -0.3697 0.1394
vn 0.8773 -0.3762 -0.2980
vn 0.8751 -0.3769 -0.3037
vn 0.8771 -0.3764 -0.2982
vn 0.1715 -0.4892 0.8551
vn 0.9056 -0.4149 0.0878
vn -0.1657 -0.3766 -0.9114
vn -0.9699 -0.2340 0.0674
vn 0.8751 -0.3766 -0.3039
vn -0.9232 -0.3482 0.1629
vn -0.0703 -0.9947 -0.0747
vn 0.3318 0.8983 0.2881
vn -0.9440 0.2674 0.1932
vn -0.1646 0.9000 0.4036
vn 0.0482 -0.9935 -0.1028
vn 0.9520 0.1818 -0.2464
vn -0.7753 0.3248 0.5417
vn -0.7382 -0.4152 0.5316
vn 0.8829 -0.3539 -0.3088
vn -0.0550 -0.9975 -0.0451
vn 0.2132 0.9770 0.0009
vn -0.2195 0.9721 0.0826
vn 0.0527 -0.9959 -0.0733
vn 0.9188 0.2648 -0.2928
vn 0.4129 0.0372 -0.9100
vn 0.9544 0.0385 0.2960
vn 0.1799 0.9517 0.2486
vn 0.2202 0.9114 -0.3476
vn 0.3219 0.3636 0.8742
vn 0.9338 0.0974 -0.3444
vn 0.9355 0.0310 -0.3520
vn 0.2636 0.8443 -0.4665
vn -0.2400 0.0577 -0.9690
vn -0.3629 0.0885 -0.9276
vn -0.9952 0.0968 -0.0173
vn -0.9175 0.2248 0.3281
vn -0.0134 0.6521 0.7580
vn 0.4871 0.7389 0.4656
vn 0.8997 0.4090 -0.1527
vn 0.9082 0.1057 -0.4050
vn 0.4265 0.7151 0.5539
vn 0.0632 0.1185 -0.9909
vn -0.0143 -0.9985 -0.0530
vn 0.2528 0.9653 -0.0659
vn -0.0253 -0.9963 -0.0817
vn 0.4064 0.8797 0.2471
vn -0.2414 -0.3805 -0.8927
vn 0.3059 -0.4723 0.8266
vn 0.3240 0.2570 0.9105
vn 0.2477 0.9380 0.2426
vn 0.4918 -0.0072 -0.8707
vn 0.0015 -1.0000 0.0051
vn 0.0336 -0.9944 0.0999
vn 0.0299 -0.9936 0.1094
vn -0.2478 0.2889 -0.9247
vn 0.6037 0.4527 0.6562
vn 0.8190 -0.0532 0.5714
vn 0.1719 0.0933 -0.9807
vn -0.8842 -0.1404 0.4455
vn -0.8571 -0.2300 -0.4610
vn -0.6941 -0.0057 -0.7198
vn 0.9237 0.0830 -0.3739
vn 0.2134 -0.1152 0.9702
vn -0.7115 -0.2122 0.6699
vn 0.5738 0.1014 -0.8127
vn -0.9701 0.1285 0.2057
vn -0.6089 0.6016 0.5170
vn 0.8036 0.0912 0.5882
vn 0.0468 0.4254 0.9038
vn -0.8281 -0.0302 -0.5598
vn 0.9971 -0.0018 0.0766
vn 0.1338 0.2926 -0.9468
vn -0.9424 0.3255 0.0766
vn -0.2053 0.2456 0.9474
vn -0.0791 -0.9928 0.0904
vn 0.0735 0.9386 0.3370
vn 0.7985 -0.1254 0.5889
vn -0.1169 -0.9905 0.0721
vn -0.9495 0.0602 -0.3079
vn 0.9543 0.1937 0.2274
vn -0.9000 0.0020 -0.4359
vn -0.0794 -0.9967 -0.0161
vn 0.9346 -0.3187 -0.1583
vn 0.9797 0.0662 0.1890
vn 0.4373 -0.3487 -0.8290
vn 0.0450 -0.9987 0.0229
vn 0.0216 -0.9939 0.1077
vn 0.0273 -0.2605 -0.9651
vn -0.2196 0.9330 0.2850
vn 0.0023 -0.9945 0.1045
vn -0.2708 0.2567 0.9278
vn 0.3151 0.2960 -0.9017
vn 0.2860 -0.3754 -0.8816
vn -0.2517 -0.5288 0.8105
vn 0.9126 -0.3783 0.1550
vn -0.8710 -0.2340 -0.4319
vn 0.9186 -0.3697 0.1394
vn -0.8773 -0.3762 -0.2980
vn -0.8772 -0.3764 -0.2981
vn -0.8751 -0.3769 -0.3037
vn -0.1715 -0.4892 0.8551
vn -0.9056 -0.4149 0.0878
vn 0.1657 -0.3766 -0.9114
vn 0.9699 -0.2340 0.0674
vn -0.8751 -0.3766 -0.3039
vn 0.9232 -0.3482 0.1629
vn 0.0703 -0.9947 -0.0747
vn -0.3318 0.8983 0.2881
vn 0.9440 0.2674 0.1932
vn 0.1646 0.9000 0.4036
vn -0.0482 -0.9935 -0.1028
vn -0.9520 0.1818 -0.2464
vn 0.7753 0.3248 0.5417
vn 0.7382 -0.4152 0.5316
vn -0.8829 -0.3539 -0.3088
vn 0.0550 -0.9975 -0.0451
vn -0.2132 0.9770 0.0009
vn 0.2195 0.9721 0.0826
vn -0.0527 -0.9959 -0.0733
vn -0.9188 0.2648 -0.2928
vn -0.4151 0.0381 -0.9090
vn -0.9544 0.0384 0.2961
vn -0.1784 0.9520 0.2488
vn -0.2187 0.9117 -0.3478
vn -0.3216 0.3637 0.8742
vn -0.9338 0.0974 -0.3444
vn -0.9355 0.0310 -0.3520
vn -0.2627 0.8445 -0.4666
vn 0.2107 0.0825 -0.9741
vn 0.3629 0.0885 -0.9276
vn 0.9952 0.0968 -0.0173
vn 0.9175 0.2248 0.3281
vn 0.0134 0.6521 0.7580
vn -0.4871 0.7389 0.4656
vn -0.8997 0.4089 -0.1527
vn -0.8822 0.1797 -0.4352
vn -0.4265 0.7151 0.5539
vn -0.0615 0.2045 -0.9769
vn 0.0143 -0.9985 -0.0530
vn -0.2528 0.9653 -0.0659
vn 0.0253 -0.9963 -0.0817
vn -0.4064 0.8797 0.2471
vn 0.2414 -0.3805 -0.8927
vn -0.3059 -0.4723 0.8266
vn -0.3240 0.2570 0.9105
vn -0.2477 0.9380 0.2426
vn -0.4900 -0.1033 -0.8656
vn -0.0015 -1.0000 0.0051
vn -0.0336 -0.9944 0.0999
vn -0.0299 -0.9936 0.1094
vn 0.2478 0.2889 -0.9247
vn -0.5881 0.5080 0.6294
vn -0.8102 -0.1813 0.5574
vn -0.2291 -0.0362 -0.9727
vn 0.3490 0.8296 -0.4358
vn 0.3578 0.3229 0.8762
vn 0.3673 0.8536 -0.3693
vn 0.3375 0.9112 0.2364
vn 0.0967 0.1696 -0.9808
vn -0.3487 0.8297 -0.4358
vn -0.3578 0.3230 0.8761
vn -0.3671 0.8537 -0.3695
vn -0.3374 0.9111 0.2366
vn -0.0921 0.1700 -0.9811
vn 0.3440 0.8650 0.3653
vn 0.2892 0.9566 0.0370
vn 0.2302 0.9391 0.2551
vn -0.3943 0.8996 -0.1874
vn -0.0797 0.9131 0.3999
vn 0.2814 0.9585 -0.0453
vn 0.0080 0.9466 -0.3223
vn -0.3995 0.8731 0.2795
vn 0.4066 0.9119 0.0562
vn 0.2508 0.9634 -0.0945
vn -0.3424 0.8101 0.4760
vn -0.3132 0.9496 0.0157
vn -0.2810 0.9142 0.2922
vn 0.3546 0.9192 -0.1713
vn 0.0663 0.9155 0.3968
vn -0.3058 0.9494 -0.0720
vn -0.0187 0.9458 -0.3242
vn 0.3624 0.8954 0.2587
vn -0.4432 0.8903 0.1051
vn -0.2953 0.9492 -0.1090
vn -0.0028 0.9982 0.0596
vn -0.0000 0.9982 0.0597
vn -0.0593 -0.9982 -0.0091
vn -0.0619 -0.9980 -0.0132
vn 0.0619 0.9980 0.0135
vn -0.0390 -0.9990 -0.0239
vn 0.0279 0.9994 0.0207
vn -0.0835 -0.9927 -0.0870
vn 0.0819 0.9928 0.0877
vn 0.1263 -0.9890 0.0770
vn -0.1280 0.9887 -0.0776
vn 0.0893 -0.9899 -0.1098
vn -0.0876 0.9902 0.1087
vn 0.1250 -0.9892 -0.0762
vn -0.1202 0.9898 0.0761
vn 0.0342 -0.9994 -0.0028
vn -0.0341 0.9994 0.0027
vn -0.1363 -0.9880 0.0722
vn 0.1391 0.9875 -0.0742
vn -0.0169 -0.9995 -0.0280
vn 0.0178 0.9995 0.0274
vn -0.0919 -0.9917 -0.0895
vn 0.0930 -0.0393 0.9949
vn -0.9439 -0.1012 -0.3143
vn 0.9926 0.0229 0.1193
vn -0.0000 0.0414 -0.9991
vn 0.0017 0.0414 -0.9991
vn 0.1795 0.0188 -0.9836
vn 0.7018 -0.0236 0.7120
vn 0.9940 0.0212 -0.1074
vn 0.0103 -0.0456 0.9989
vn 0.7422 0.0140 0.6700
vn 0.7987 0.0195 -0.6014
vn -0.0902 -0.0389 0.9952
vn -0.7779 -0.0845 -0.6227
vn -0.0017 0.0414 -0.9991
vn -0.1802 0.0185 -0.9834
vn -0.6624 -0.0290 0.7486
vn -0.9948 -0.0986 -0.0245
vn -0.0051 -0.0454 0.9990
vn -0.7469 0.0231 0.6646
vn -0.7719 0.0219 -0.6354
vn -0.0000 -0.9981 -0.0616
vn 0.0025 -0.9981 -0.0615
vn 0.0047 0.9978 0.0657
vn -0.0040 -0.9978 -0.0662
vn 0.0748 0.9970 0.0222
vn -0.0720 -0.9971 -0.0258
vn -0.1247 0.9760 -0.1787
vn 0.1232 -0.9762 0.1782
vn -0.0160 0.9995 0.0287
vn 0.0145 -0.9995 -0.0295
vn -0.0687 0.9859 0.1527
vn 0.0696 -0.9860 -0.1512
vn 0.0410 0.9992 -0.0003
vn -0.0567 -0.9984 -0.0050
vn 0.0028 0.9982 0.0598
vn -0.0024 -0.9981 -0.0617
vn 0.0003 0.9972 0.0741
vn -0.0003 -0.9972 -0.0743
vn -0.0737 0.9971 0.0214
vn 0.0707 -0.9972 -0.0249
vn 0.0906 0.9919 0.0892
vn 0.1603 -0.9810 0.1091
vn -0.7979 -0.1968 0.5697
vn -0.6954 0.6479 0.3109
vn -0.2902 0.0378 0.9562
vn 0.1401 -0.9818 0.1285
vn 0.5971 0.1263 0.7922
vn -0.5269 -0.1606 -0.8346
vn -0.4965 -0.1174 -0.8600
vn -0.0881 0.9845 -0.1519
vn -0.0687 0.9815 -0.1786
vn -0.0575 0.9858 -0.1580
vn -0.0511 0.9822 -0.1809
vn -0.0599 0.9823 -0.1772
vn 0.8400 -0.0180 -0.5423
vn 0.5569 0.2013 0.8058
vn -0.8348 0.0761 0.5453
vn 0.8279 0.0457 -0.5590
vn 0.8294 0.0461 -0.5567
vn 0.8296 0.0447 -0.5566
vn 0.8281 0.0443 -0.5588
vn 0.8288 0.0452 -0.5577
vn 0.5498 0.1199 0.8266
vn -0.1393 0.9820 -0.1274
vn -0.5494 -0.1234 -0.8264
vn -0.4183 0.8904 0.1795
vn -0.4570 0.8162 -0.3534
vn -0.3820 0.2625 0.8861
vn -0.4177 0.8125 -0.4067
vn -0.4146 0.1119 -0.9031
vn 0.4185 0.8903 0.1794
vn 0.4572 0.8161 -0.3534
vn 0.3821 0.2625 0.8861
vn 0.4178 0.8124 -0.4067
vn 0.4162 0.1105 -0.9025
vn 0.1312 -0.9787 0.1582
vn 0.2547 -0.8123 0.5247
vn -0.1355 -0.9780 0.1588
vn -0.2364 -0.8251 0.5132
vn -0.0853 -0.9663 0.2431
vn -0.1318 -0.8916 0.4333
vn -0.1267 -0.8905 0.4370
vn -0.1266 -0.8905 0.4370
vn 0.0909 -0.9651 0.2455
vn 0.1318 -0.8915 0.4334
vn 0.1267 -0.8904 0.4371
vn 0.1268 -0.8904 0.4371
vn -0.1135 -0.9655 0.2344
vn -0.1153 -0.9635 0.2418
vn -0.1133 -0.9655 0.2346
vn -0.1156 -0.9634 0.2418
vn -0.1214 -0.8893 0.4409
vn -0.2117 -0.9321 0.2938
vn -0.0823 -0.9897 0.1169
vn 0.1139 -0.9654 0.2345
vn 0.1134 -0.9654 0.2349
vn 0.1151 -0.9635 0.2417
vn 0.1156 -0.9634 0.2418
vn 0.1216 -0.8893 0.4409
vn 0.2286 -0.9257 0.3013
vn 0.0822 -0.9897 0.1171
vn 0.5070 -0.0560 -0.8601
vn 0.0695 -0.9968 0.0386
vn -0.5030 -0.0542 -0.8626
vn -0.1798 0.9743 0.1358
vn -0.2175 -0.1756 -0.9601
vn -0.7913 0.6090 0.0552
vn 0.2245 -0.1743 -0.9588
vn 0.1688 -0.9854 -0.0213
vn -0.9103 -0.0094 -0.4139
vn -0.9120 0.0549 -0.4066
vn 0.0199 -0.9992 0.0336
vn -0.8001 0.5965 0.0641
vn -0.5422 0.0059 -0.8402
vn 0.9102 -0.0115 -0.4139
vn 0.9120 0.0548 -0.4065
vn -0.3261 0.9336 0.1482
vn 0.8425 0.5268 0.1131
vn 0.8419 0.5274 0.1144
vn 0.8398 0.5296 0.1192
vn 0.5397 -0.0014 -0.8419
vn 0.4575 0.1472 0.8769
vn -0.4574 0.1472 0.8770
vn -0.4373 0.1041 0.8933
vn 0.4374 0.1039 0.8932
vn -0.3627 0.1418 0.9211
vn 0.3631 0.1416 0.9209
vn 0.8394 0.5301 0.1203
vn 0.1885 0.9696 0.1558
vn 0.1192 0.9794 0.1627
vn -0.0735 -0.9968 0.0305
vn 0.3403 0.9221 0.1840
vn -0.0207 -0.9993 0.0313
vn -0.1846 -0.9821 -0.0383
vn -0.1144 0.9820 0.1500
vn -0.9925 0.0365 0.1170
vn 0.9441 0.3275 -0.0378
vn -0.3080 0.8527 -0.4220
vn -0.8869 0.3730 -0.2726
vn 0.8869 -0.3730 0.2726
vn -0.4479 -0.8330 0.3247
vn 0.4479 0.8330 -0.3247
vn -0.9441 -0.3275 0.0378
vn 0.3080 -0.8527 0.4220
vn 0.1305 -0.3206 -0.9382
vn 0.1305 -0.3205 -0.9382
vn 0.9383 0.3454 0.0133
vn 0.4450 0.8450 -0.2965
vn 0.8791 -0.3575 0.3152
vn -0.3063 0.8485 -0.4316
vn -0.9384 -0.3454 -0.0133
vn -0.4450 -0.8450 0.2965
vn -0.8791 0.3575 -0.3152
vn 0.3063 -0.8485 0.4316
vn -0.1305 0.3206 0.9382
vn -0.8082 -0.0635 0.5855
vn -0.4228 -0.4758 0.7713
vn -0.7682 0.4969 0.4037
vn 0.1706 -0.4948 0.8521
vn 0.6552 0.4696 0.5917
vn 0.2582 0.8765 0.4063
vn 0.6205 -0.1016 0.7776
vn -0.3298 0.8846 0.3297
vn 0.8516 0.0961 -0.5152
vn 0.3523 -0.9135 -0.2036
vn -0.6471 0.0888 -0.7572
vn -0.1862 0.5037 -0.8436
vn 0.8192 -0.4944 -0.2905
vn -0.2713 -0.9126 -0.3058
vn -0.6835 -0.4962 -0.5353
vn 0.4334 0.5083 -0.7442
vn -0.1305 0.3205 0.9382
vn -0.1304 0.3206 0.9382
vn 0.8894 -0.3788 0.2561
vn -0.3142 0.8682 -0.3842
vn 0.1436 -0.3537 -0.9243
vn 0.1436 -0.3538 -0.9243
vn 0.4335 0.8492 -0.3018
vn -0.9398 -0.3393 0.0406
vn -0.4335 -0.8492 0.3018
vn 0.8966 -0.3692 0.2444
vn -0.3276 0.8622 -0.3865
vn -0.8966 0.3692 -0.2444
vn 0.3276 -0.8621 0.3865
vn 0.9398 0.3393 -0.0406
vn 0.4440 0.8487 -0.2873
vn 0.9427 0.3330 -0.0223
vn 0.3142 -0.8682 0.3842
vn -0.8894 0.3788 -0.2561
vn -0.4440 -0.8487 0.2872
vn -0.9426 -0.3330 0.0224
vn 0.0409 0.9013 0.4313
vn -0.0023 0.6310 0.7758
vn 0.0001 0.6311 0.7757
vn -0.0000 0.6311 0.7757
vn 0.0157 -0.1044 0.9944
vn 0.9885 0.1211 0.0911
vn 0.9104 -0.3759 0.1728
vn 0.6959 0.2233 -0.6825
vn 0.0868 -0.1270 0.9881
vn -0.0649 0.6592 -0.7491
vn 0.7210 0.6924 0.0260
vn 0.0586 0.4428 -0.8947
vn 0.0716 0.7241 -0.6860
vn 0.0143 0.3939 0.9190
vn 0.7943 -0.0823 0.6019
vn 0.1232 0.5164 -0.8475
vn 0.4872 0.7588 0.4324
vn 0.9305 -0.3113 -0.1931
vn 0.9849 0.1471 -0.0909
vn -0.0082 0.9865 0.1637
vn 0.0513 -0.1519 0.9871
vn 0.9424 0.2380 -0.2348
vn 0.4141 0.0521 0.9087
vn -0.5962 -0.3489 -0.7231
vn 0.2597 -0.1317 0.9567
vn 0.6612 0.6706 0.3364
vn 0.3512 0.0645 -0.9341
vn -0.8761 -0.4587 -0.1481
vn -0.7651 -0.6198 0.1745
vn -0.1046 -0.3996 -0.9107
vn 0.3360 0.0506 0.9405
vn 0.6729 0.6746 -0.3035
vn 0.8723 0.2269 0.4332
vn 0.6113 0.1724 -0.7724
vn -0.7183 -0.4314 -0.5459
vn -0.7969 -0.4833 0.3625
vn -0.9023 -0.3744 0.2137
vn -0.8896 -0.3625 -0.2779
vn 0.4184 0.1031 -0.9024
vn 0.8925 0.2792 0.3542
vn -0.4468 -0.2491 -0.8593
vn 0.3960 0.0869 0.9141
vn 0.8772 0.3023 -0.3730
vn 0.0539 -0.0170 0.9984
vn -0.2020 0.8606 0.4675
vn -0.0399 0.9711 0.2352
vn 0.7928 0.5554 -0.2511
vn -0.0605 0.7251 0.6859
vn -0.6252 -0.1739 -0.7609
vn -0.9520 0.2026 0.2294
vn -0.3193 0.6456 0.6937
vn 0.6102 0.7528 0.2468
vn 0.5693 0.2021 -0.7969
vn -0.8124 -0.1040 -0.5738
vn -0.8154 -0.4871 0.3127
vn -0.7491 -0.4516 -0.4847
vn 0.5253 0.1411 -0.8392
vn 0.8978 0.2332 0.3737
vn -0.5242 -0.3188 -0.7897
vn 0.4680 0.0714 0.8808
vn 0.9208 0.2267 -0.3174
vn 0.0990 -0.1276 0.9869
vn 0.7496 0.6076 -0.2623
vn 0.4548 -0.0097 0.8905
vn 0.1718 -0.3874 -0.9058
vn -0.6242 -0.7752 0.0970
vn -0.7315 -0.6582 -0.1780
vn 0.4174 -0.0505 -0.9073
vn 0.7401 0.6030 0.2978
vn 0.4538 -0.1594 0.8768
vn 0.7965 -0.0179 0.6043
vn 0.7408 0.2972 -0.6024
vn -0.0409 0.9013 0.4313
vn 0.0024 0.6311 0.7757
vn -0.0116 -0.0972 0.9952
vn -0.9874 0.1291 0.0915
vn -0.9104 -0.3759 0.1728
vn -0.7156 0.2517 -0.6516
vn -0.0819 -0.1232 0.9890
vn 0.0561 0.6758 -0.7349
vn -0.7210 0.6925 0.0260
vn -0.0586 0.4428 -0.8947
vn -0.0716 0.7241 -0.6860
vn -0.0143 0.3939 0.9190
vn -0.7851 -0.0872 0.6132
vn -0.1684 0.5004 -0.8492
vn -0.4872 0.7588 0.4324
vn -0.9305 -0.3113 -0.1931
vn -0.9839 0.1543 -0.0907
vn 0.0082 0.9865 0.1637
vn -0.0513 -0.1519 0.9871
vn -0.9424 0.2380 -0.2348
vn -0.4141 0.0521 0.9087
vn 0.5962 -0.3489 -0.7231
vn -0.2597 -0.1317 0.9567
vn -0.6612 0.6706 0.3364
vn -0.3512 0.0645 -0.9341
vn 0.8761 -0.4587 -0.1481
vn 0.7651 -0.6198 0.1745
vn 0.1046 -0.3996 -0.9107
vn -0.3360 0.0506 0.9405
vn -0.6729 0.6746 -0.3035
vn -0.8723 0.2269 0.4332
vn -0.6113 0.1724 -0.7724
vn 0.7183 -0.4314 -0.5459
vn 0.7969 -0.4833 0.3625
vn 0.9023 -0.3744 0.2137
vn 0.8896 -0.3625 -0.2779
vn -0.4184 0.1031 -0.9024
vn -0.8925 0.2792 0.3542
vn 0.4468 -0.2491 -0.8593
vn -0.3960 0.0869 0.9141
vn -0.8772 0.3023 -0.3731
vn -0.0539 -0.0170 0.9984
vn 0.2020 0.8606 0.4675
vn 0.0399 0.9711 0.2352
vn -0.7927 0.5555 -0.2510
vn 0.0606 0.7252 0.6859
vn 0.6251 -0.1740 -0.7609
vn 0.9520 0.2025 0.2294
vn 0.3193 0.6456 0.6937
vn -0.6102 0.7528 0.2468
vn -0.5694 0.2022 -0.7968
vn 0.8124 -0.1039 -0.5738
vn 0.8154 -0.4871 0.3127
vn 0.7491 -0.4516 -0.4847
vn -0.5253 0.1411 -0.8392
vn -0.8978 0.2332 0.3737
vn 0.5242 -0.3188 -0.7897
vn -0.4680 0.0714 0.8808
vn -0.9208 0.2267 -0.3174
vn -0.0990 -0.1276 0.9869
vn -0.7496 0.6076 -0.2623
vn -0.4548 -0.0097 0.8905
vn -0.1718 -0.3874 -0.9058
vn 0.6242 -0.7752 0.0970
vn 0.7315 -0.6582 -0.1780
vn -0.4174 -0.0505 -0.9073
vn -0.7401 0.6030 0.2978
vn -0.4538 -0.1594 0.8768
vn -0.7978 -0.0014 0.6029
vn -0.6873 0.3364 -0.6438
vn -0.8448 -0.5343 0.0297
vn -0.4327 -0.3646 0.8245
vn -0.1423 -0.9179 -0.3706
vn 0.4595 -0.8084 0.3680
vn -0.1788 -0.4052 0.8966
vn -0.8356 -0.3574 0.4172
vn -0.6037 -0.7332 -0.3131
vn 0.3152 -0.9486 -0.0280
vn 0.8118 -0.5821 0.0468
vn 0.4439 -0.4153 0.7940
vn 0.1779 -0.9295 -0.3231
vn -0.4094 -0.8380 0.3607
vn 0.2029 -0.4499 0.8697
vn 0.8115 -0.4117 0.4146
vn 0.5927 -0.7619 -0.2614
vn -0.2665 -0.9638 0.0030
vn 0.8035 -0.3822 -0.4565
vn -0.5957 -0.1041 -0.7964
vn -0.8056 0.4976 0.3217
vn 0.2293 0.3600 0.9043
vn 0.9410 -0.1060 0.3214
vn 0.4377 -0.3915 -0.8094
vn -0.1175 0.4814 0.8686
vn -0.9293 0.3003 -0.2152
vn -0.8041 -0.3819 -0.4556
vn 0.5943 -0.1046 -0.7974
vn 0.8059 0.4975 0.3210
vn -0.2295 0.3599 0.9043
vn -0.9410 -0.1061 0.3214
vn -0.4362 -0.3917 -0.8101
vn 0.1172 0.4812 0.8687
vn 0.9293 0.3003 -0.2151
vn -0.7016 -0.1665 -0.6928
vn 0.1375 0.9783 -0.1548
vn 0.1122 -0.9906 0.0780
vn -0.0951 0.9803 0.1732
vn -0.5003 0.8560 0.1302
vn -0.2599 0.9510 0.1672
vn 0.8172 -0.4625 -0.3440
vn 0.7016 -0.1665 -0.6928
vn 0.1786 -0.9831 0.0402
vn -0.2638 0.9447 -0.1949
vn -0.8486 -0.1558 0.5055
vn 0.1481 -0.9886 0.0272
vn 0.4897 0.8615 0.1344
vn -0.0012 -1.0000 0.0012
vn -0.8099 -0.5851 -0.0424
vn -0.3968 0.4640 -0.7920
vn -0.0424 -0.9985 -0.0354
vn 0.2638 0.9447 -0.1949
vn -0.5346 0.5342 0.6548
vn -0.1117 -0.9842 0.1372
vn 0.0671 -0.9977 0.0019
vn -0.8220 -0.5681 0.0387
vn -0.3161 0.9329 0.1725
vn -0.1361 -0.9855 -0.1012
vn -0.8407 -0.4316 0.3270
vn 0.2536 0.9530 0.1661
vn -0.0931 -0.9892 -0.1129
vn 0.3353 -0.9381 0.0865
vn 0.3161 0.9329 0.1725
vn -0.0172 -0.9999 0.0002
vn -0.8172 -0.4625 -0.3440
vn -0.1958 -0.9744 0.1109
vn -0.4953 0.0274 -0.8683
vn -0.2623 -0.9434 0.2031
vn -0.1255 0.9798 -0.1557
vn -0.7289 0.0761 0.6804
vn 0.0953 0.9806 0.1716
vn 0.1176 -0.9810 0.1541
vn 0.3881 0.4657 -0.7953
vn 0.5451 0.5865 0.5991
vn 0.8486 -0.1558 0.5056
vn -0.1239 -0.9827 0.1380
vn 0.0186 -0.9998 0.0062
vn 0.4953 0.0274 -0.8683
vn -0.0508 -0.9978 0.0428
vn 0.7289 0.0761 0.6804
vn 0.8099 -0.5851 -0.0424
vn 0.0486 -0.9987 -0.0127
vn -0.0429 -0.9990 0.0094
vn 0.8220 -0.5681 0.0387
vn 0.8407 -0.4316 0.3270
vn 0.1422 -0.9898 0.0105
vn 0.2823 0.1305 -0.9504
vn 0.0015 -0.0058 1.0000
vn -0.0001 -0.0058 1.0000
vn -0.0000 -0.0058 1.0000
vn 0.9934 -0.0154 0.1136
vn 0.7346 0.0012 -0.6785
vn 0.6658 -0.3517 -0.6581
vn -0.0422 -0.3818 0.9233
vn -0.0527 -0.2703 -0.9613
vn 0.0001 0.0284 -0.9996
vn -0.0036 0.0283 -0.9996
vn 0.4061 -0.4698 0.7838
vn 0.0973 -0.0059 0.9952
vn 0.4007 0.5990 0.6933
vn 0.3006 0.8899 0.3431
vn 0.4527 0.8217 0.3464
vn 0.4128 0.4629 0.7844
vn 0.8027 -0.0332 0.5955
vn 0.7672 -0.4806 0.4248
vn 0.1894 -0.3213 -0.9278
vn 0.2333 0.0199 -0.9722
vn 0.2987 0.4237 -0.8551
vn 0.5190 0.7992 -0.3033
vn 0.4371 0.8798 -0.1868
vn 0.9928 -0.0142 -0.1189
vn -0.0213 0.0019 -0.9998
vn 0.7333 -0.0632 0.6770
vn 0.1952 0.1375 0.9711
vn 0.0150 0.0427 -0.9990
vn 0.4647 -0.2760 -0.8414
vn 0.0535 0.2222 0.9735
vn 0.9697 -0.1860 -0.1583
vn 0.2687 -0.3443 -0.8996
vn 0.8173 -0.0590 0.5732
vn 0.2552 -0.0128 0.9668
vn 0.7087 -0.3471 -0.6142
vn 0.9835 -0.1158 0.1389
vn -0.0000 -0.2697 -0.9629
vn 0.0055 -0.2697 -0.9629
vn 0.0034 -0.0460 0.9989
vn -0.0000 -0.0460 0.9989
vn 0.6835 -0.3316 -0.6503
vn 0.8377 -0.0832 0.5398
vn 0.4818 -0.1389 -0.8652
vn 0.7473 -0.1535 0.6465
vn 0.5270 0.8059 -0.2698
vn 0.7783 -0.4992 0.3809
vn 0.8387 -0.0161 0.5443
vn 0.3725 0.2709 0.8876
vn 0.4635 0.8318 0.3053
vn 0.6413 -0.3395 -0.6881
vn 0.6846 0.0033 -0.7289
vn 0.3464 0.2645 -0.9000
vn -0.2823 0.1305 -0.9504
vn -0.0016 -0.0058 1.0000
vn -0.9934 -0.0149 0.1136
vn -0.7346 0.0012 -0.6785
vn -0.6658 -0.3517 -0.6581
vn 0.0422 -0.3818 0.9233
vn 0.0527 -0.2703 -0.9613
vn 0.0039 0.0284 -0.9996
vn -0.4061 -0.4698 0.7838
vn -0.0958 -0.0062 0.9954
vn -0.3456 0.5962 0.7247
vn -0.3026 0.8891 0.3434
vn -0.4527 0.8217 0.3464
vn -0.4128 0.4629 0.7844
vn -0.8022 -0.0326 0.5962
vn -0.7672 -0.4806 0.4248
vn -0.1894 -0.3213 -0.9278
vn -0.2317 0.0187 -0.9726
vn -0.3010 0.4232 -0.8545
vn -0.5190 0.7992 -0.3033
vn -0.4396 0.8784 -0.1873
vn -0.9928 -0.0137 -0.1189
vn 0.0214 0.0019 -0.9998
vn -0.7333 -0.0632 0.6770
vn -0.1751 0.1487 0.9733
vn -0.0149 0.0427 -0.9990
vn -0.4647 -0.2760 -0.8414
vn -0.0561 0.2248 0.9728
vn -0.9697 -0.1859 -0.1584
vn -0.2687 -0.3443 -0.8996
vn -0.8173 -0.0590 0.5732
vn -0.2552 -0.0128 0.9668
vn -0.7087 -0.3471 -0.6142
vn -0.9835 -0.1157 0.1389
vn -0.0055 -0.2697 -0.9629
vn -0.0034 -0.0460 0.9989
vn -0.6835 -0.3316 -0.6503
vn -0.8376 -0.0832 0.5398
vn -0.4818 -0.1389 -0.8652
vn -0.7473 -0.1535 0.6465
vn -0.5270 0.8059 -0.2698
vn -0.7783 -0.4993 0.3809
vn -0.8385 -0.0156 0.5447
vn -0.3725 0.2709 0.8876
vn -0.4635 0.8318 0.3053
vn -0.6413 -0.3395 -0.6881
vn -0.6847 0.0032 -0.7288
vn -0.3464 0.2645 -0.9000
vt 0.375000 0.375000
vt 0.375000 0.437500
vt 0.390625 0.437500
vt 0.390625 0.375000
vt 0.250000 0.625000
vt 0.312500 0.625000
vt 0.312500 0.750000
vt 0.250000 0.750000
vt 0.375000 0.781250
vt 0.375000 0.812500
vt 0.312500 0.500000
vt 0.375000 0.484375
vt 0.375000 0.500000
vt 0.375000 0.625000
vt 0.375000 0.750000
vt 0.403260 0.781250
vt 0.406250 0.781250
vt 0.406250 0.812500
vt 0.403260 0.812500
vt 0.403260 0.484375
vt 0.406250 0.484375
vt 0.406250 0.500000
vt 0.403260 0.500000
vt 0.403260 0.625000
vt 0.406250 0.625000
vt 0.406250 0.750000
vt 0.403260 0.750000
vt 0.403260 0.375000
vt 0.406250 0.375000
vt 0.406250 0.437500
vt 0.403260 0.437500
vt 0.375000 0.765625
vt 0.375000 0.468750
vt 0.406250 0.468750
vt 0.403260 0.468750
vt 0.403260 0.765625
vt 0.406250 0.765625
vt 0.406250 0.875000
vt 0.403260 0.875000
vt 0.250000 0.500000
vt 0.625000 0.750000
vt 0.625000 0.500000
vt 0.625000 0.625000
vt 0.390625 0.500000
vt 0.390625 0.625000
vt 0.390625 0.765625
vt 0.390625 0.781250
vt 0.390625 0.468750
vt 0.390625 0.750000
vt 0.390625 0.484375
vt 0.390625 0.812500
vt 0.390625 0.875000
vt 0.375000 0.875000
vt 0.400101 0.468750
vt 0.400101 0.484375
vt 0.400101 0.750000
vt 0.400101 0.765625
vt 0.400101 0.812500
vt 0.400101 0.875000
vt 0.400101 0.500000
vt 0.400101 0.625000
vt 0.400101 0.781250
vt 0.400101 0.437500
vt 0.400101 0.375000
vt 0.396943 0.781250
vt 0.396943 0.812500
vt 0.396943 0.484375
vt 0.396943 0.500000
vt 0.396943 0.625000
vt 0.396943 0.750000
vt 0.396943 0.375000
vt 0.396943 0.437500
vt 0.396943 0.468750
vt 0.396943 0.765625
vt 0.396943 0.875000
vt 0.593750 0.750000
vt 0.562500 0.500000
vt 0.593750 0.500000
vt 0.562500 0.750000
vt 0.562500 0.625000
vt 0.625000 0.250000
vt 0.625000 0.166667
vt 0.625000 0.583333
vt 0.625000 0.666667
vt 0.543254 0.166667
vt 0.543254 0.250000
vt 0.543254 0.500000
vt 0.543254 0.666667
vt 0.543254 0.750000
vt 0.625000 1.000000
vt 0.543254 1.000000
vt 0.125000 0.666667
vt 0.375000 0.666667
vt 0.125000 0.750000
vt 0.462596 0.750000
vt 0.462596 1.000000
vt 0.375000 1.000000
vt 0.462596 0.666667
vt 0.375000 0.250000
vt 0.462596 0.250000
vt 0.462596 0.500000
vt 0.375000 0.166667
vt 0.462596 0.166667
vt 0.462596 0.000000
vt 0.543254 0.000000
vt 0.543254 0.083333
vt 0.462596 0.083333
vt 0.543254 0.583333
vt 0.462596 0.583333
vt 0.375000 0.000000
vt 0.375000 0.083333
vt 0.375000 0.583333
vt 0.875000 0.666667
vt 0.875000 0.750000
vt 0.625000 0.083333
vt 0.125000 0.500000
vt 0.125000 0.583333
vt 0.625000 0.000000
vt 0.279482 0.750000
vt 0.327241 0.750000
vt 0.470812 0.625000
vt 0.500000 0.625000
vt 0.500000 0.750000
vt 0.470812 0.750000
vt 0.470812 0.562500
vt 0.500000 0.562500
vt 0.375000 0.408696
vt 0.427999 0.409114
vt 0.426243 0.375000
vt 0.470812 0.500000
vt 0.500000 0.500000
vt 0.531572 0.500000
vt 0.562500 0.562500
vt 0.531572 0.562500
vt 0.531572 0.625000
vt 0.531572 0.845217
vt 0.562500 0.845217
vt 0.562500 0.875000
vt 0.531572 0.875000
vt 0.531572 0.750000
vt 0.531572 0.452392
vt 0.562500 0.452391
vt 0.327392 0.750000
vt 0.279783 0.750000
vt 0.875000 0.625000
vt 0.875000 0.500000
vt 0.500000 0.375000
vt 0.625000 0.375000
vt 0.750000 0.625000
vt 0.750000 0.750000
vt 0.531572 0.845518
vt 0.562500 0.845518
vt 0.531572 0.452241
vt 0.562500 0.452241
vt 0.531572 0.375000
vt 0.562500 0.375000
vt 0.562500 0.404783
vt 0.531572 0.404783
vt 0.531572 0.797608
vt 0.562500 0.797608
vt 0.531572 0.404482
vt 0.562500 0.404482
vt 0.531572 0.797759
vt 0.562500 0.797759
vt 0.500000 0.797759
vt 0.500000 0.845518
vt 0.500000 0.404482
vt 0.500000 0.797608
vt 0.500000 0.845217
vt 0.500000 0.404783
vt 0.500000 0.452241
vt 0.500000 0.875000
vt 0.500000 0.452392
vt 0.427544 0.400269
vt 0.375000 0.394748
vt 0.602377 0.795533
vt 0.591066 0.852377
vt 0.375000 0.562500
vt 0.659222 0.619344
vt 0.659222 0.738689
vt 0.602378 0.375000
vt 0.602378 0.443156
vt 0.375000 0.450646
vt 0.659222 0.500000
vt 0.375000 0.438248
vt 0.432678 0.500000
vt 0.432678 0.562500
vt 0.432678 0.625000
vt 0.432678 0.750000
vt 0.432911 0.779212
vt 0.450976 0.750000
vt 0.478661 0.750000
vt 0.465860 0.788321
vt 0.465093 0.788109
vt 0.455395 0.826197
vt 0.468677 0.452375
vt 0.465209 0.375000
vt 0.466533 0.404525
vt 0.429893 0.445903
vt 0.466451 0.402697
vt 0.468823 0.455623
vt 0.430411 0.455955
vt 0.456258 0.826572
vt 0.462361 0.856180
vt 0.434283 0.779592
vt 0.424181 0.812677
vt 0.462567 0.856284
vt 0.449452 0.823361
vt 0.426546 0.813702
vt 0.429886 0.839943
vt 0.450127 0.823653
vt 0.454768 0.785133
vt 0.426854 0.838427
vt 0.423568 0.812169
vt 0.424382 0.812521
vt 0.423804 0.776592
vt 0.750000 0.500000
vt 0.125000 0.625000
vt 0.500000 0.250000
vt 0.625000 0.875000
vt 0.418659 0.585347
vt 0.414534 0.633906
vt 0.576623 0.918872
vt 0.576584 0.881406
vt 0.418596 0.672179
vt 0.486372 0.688691
vt 0.418154 0.827793
vt 0.413427 0.864283
vt 0.485691 0.811120
vt 0.575555 0.669607
vt 0.578170 0.619831
vt 0.495504 0.934052
vt 0.500000 1.000000
vt 0.496161 0.566349
vt 0.574930 0.830294
vt 0.418104 0.915021
vt 0.577152 0.581409
vt 0.500000 0.593750
vt 0.500000 0.687500
vt 0.531250 0.695312
vt 0.625000 0.718750
vt 0.562500 0.703125
vt 0.470013 0.187500
vt 0.625000 0.187500
vt 0.470014 0.250000
vt 0.470014 0.437500
vt 0.625000 0.437500
vt 0.470014 0.500000
vt 0.470014 0.726419
vt 0.625000 0.726419
vt 0.470014 0.750000
vt 0.470014 0.875000
vt 0.470014 1.000000
vt 0.312500 0.726419
vt 0.375000 0.726419
vt 0.750000 0.726419
vt 0.875000 0.726419
vt 0.468750 0.406250
vt 0.468750 0.437500
vt 0.312500 0.562500
vt 0.470014 0.562500
vt 0.625000 0.562500
vt 0.470013 0.625000
vt 0.470013 0.067206
vt 0.625000 0.067206
vt 0.625000 0.125000
vt 0.470014 0.125000
vt 0.468750 0.375000
vt 0.500000 0.421875
vt 0.500000 0.343750
vt 0.250000 0.562500
vt 0.125000 0.562500
vt 0.500000 0.460938
vt 0.687500 0.726419
vt 0.687500 0.750000
vt 0.125000 0.726419
vt 0.250000 0.726419
vt 0.470014 0.812500
vt 0.625000 0.812500
vt 0.470013 0.375000
vt 0.375000 0.125000
vt 0.375000 0.187500
vt 0.375000 0.067206
vt 0.470014 0.682794
vt 0.375000 0.682794
vt 0.375000 0.023581
vt 0.470013 0.023581
vt 0.250000 0.682794
vt 0.125000 0.682794
vt 0.687500 0.625000
vt 0.750000 0.682794
vt 0.687500 0.682794
vt 0.625000 0.023581
vt 0.875000 0.682794
vt 0.312500 0.682794
vt 0.625000 0.682794
vt 0.470013 0.000000
vt 0.571449 0.452391
vt 0.625000 0.452392
vt 0.571449 0.500000
vt 0.571449 0.625000
vt 0.571449 0.750000
vt 0.720217 0.625000
vt 0.720217 0.750000
vt 0.720217 0.562500
vt 0.750000 0.562500
vt 0.571687 0.845141
vt 0.625000 0.845217
vt 0.571090 0.875115
vt 0.571449 0.562500
vt 0.720217 0.500000
vt 0.571449 0.452241
vt 0.625000 0.452241
vt 0.720518 0.625000
vt 0.720518 0.750000
vt 0.720518 0.562500
vt 0.571684 0.845443
vt 0.625000 0.845518
vt 0.720518 0.500000
vt 0.672608 0.500000
vt 0.672608 0.562500
vt 0.571449 0.797608
vt 0.625000 0.797608
vt 0.672608 0.625000
vt 0.672608 0.750000
vt 0.571449 0.375000
vt 0.625000 0.404783
vt 0.571449 0.404783
vt 0.672759 0.500000
vt 0.672759 0.562500
vt 0.571449 0.797759
vt 0.625000 0.797759
vt 0.672759 0.625000
vt 0.672759 0.750000
vt 0.571449 0.404482
vt 0.625000 0.404482
vt 0.399969 0.485609
vt 0.399970 0.498766
vt 0.400101 0.486156
vt 0.400101 0.486109
vt 0.400101 0.498265
vt 0.400101 0.498219
vt 0.397074 0.498772
vt 0.397074 0.485603
vt 0.565421 0.404783
vt 0.565421 0.452391
vt 0.565421 0.750000
vt 0.565421 0.797608
vt 0.565421 0.452241
vt 0.565421 0.404482
vt 0.565421 0.797759
vt 0.565421 0.375000
vt 0.565683 0.845434
vt 0.565685 0.845132
vt 0.565421 0.562500
vt 0.565421 0.500000
vt 0.565421 0.625000
vt 0.565022 0.875128
vt 0.687500 0.500000
vt 0.593750 0.812500
vt 0.593750 0.875000
vt 0.437500 0.812500
vt 0.437500 0.875000
vt 0.437500 0.625000
vt 0.437500 0.750000
vt 0.556858 0.625000
vt 0.556858 0.750000
vt 0.437500 0.484375
vt 0.437500 0.500000
vt 0.437500 0.781250
vt 0.437500 0.375000
vt 0.437500 0.437500
vt 0.593750 0.375000
vt 0.593750 0.437500
vt 0.437500 0.765625
vt 0.437500 0.468750
vt 0.556858 0.500000
vt 0.593750 0.484375
vt 0.625000 0.484375
vt 0.500000 0.812500
vt 0.500000 0.484375
vt 0.556858 0.484375
vt 0.562500 0.484375
vt 0.556858 0.812500
vt 0.562500 0.812500
vt 0.556858 0.875000
vt 0.556858 0.375000
vt 0.562500 0.437500
vt 0.556858 0.437500
vt 0.500000 0.437500
vt 0.556858 0.781250
vt 0.562500 0.781250
vt 0.500000 0.781250
vt 0.593750 0.781250
vt 0.625000 0.781250
vt 0.656250 0.625000
vt 0.656250 0.750000
vt 0.640625 0.625000
vt 0.640625 0.750000
vt 0.593750 0.765625
vt 0.625000 0.765625
vt 0.500000 0.765625
vt 0.556858 0.765625
vt 0.562500 0.765625
vt 0.562500 0.468750
vt 0.556858 0.468750
vt 0.500000 0.468750
vt 0.625000 0.468750
vt 0.593750 0.468750
vt 0.640625 0.500000
vt 0.656250 0.500000
s 1
usemtl Vaquero
f 561/1/1 363/2/1 609/3/1 608/4/1
f 571/5/2 72/6/2 9/7/2 563/8/2
f 276/9/3 273/10/3 23/10/3 54/9/3
f 278/6/4 272/11/4 22/11/4 76/6/4
f 347/12/5 271/13/5 21/13/5 324/12/5
f 277/14/6 274/15/6 20/15/6 77/14/6
f 867/16/7 56/17/7 27/18/7 865/19/7
f 870/20/8 315/21/8 24/22/8 860/23/8
f 868/24/9 78/25/9 25/26/9 861/27/9
f 863/28/10 570/29/10 26/30/10 864/31/10
f 61/9/11 34/10/11 31/10/11 58/9/11
f 82/6/12 33/11/12 30/11/12 79/6/12
f 327/12/13 32/13/13 29/13/13 326/12/13
f 81/14/14 35/15/14 28/15/14 80/14/14
f 77/14/15 20/15/15 35/15/15 81/14/15
f 324/12/16 21/13/16 32/13/16 327/12/16
f 76/6/17 22/11/17 33/11/17 82/6/17
f 54/9/18 23/10/18 34/10/18 61/9/18
f 284/9/19 282/10/19 39/10/19 62/9/19
f 286/6/20 281/11/20 38/11/20 83/6/20
f 349/12/21 280/13/21 37/13/21 328/12/21
f 285/14/22 279/15/23 36/15/24 84/14/24
f 62/9/25 39/10/25 43/10/25 64/9/25
f 83/6/26 38/11/26 42/11/26 85/6/26
f 328/12/27 37/13/28 41/13/28 329/12/29
f 84/14/30 36/15/30 40/15/30 86/14/30
f 294/14/31 290/15/32 47/15/33 87/14/33
f 351/12/34 287/13/35 44/13/36 330/12/37
f 293/6/38 288/11/38 45/11/38 88/6/38
f 291/9/39 289/10/39 46/10/39 67/9/39
f 350/32/40 291/9/41 67/9/42 320/32/43
f 288/2/44 292/33/45 66/33/46 45/2/46
f 38/2/47 63/33/47 65/33/47 42/2/47
f 318/32/48 62/9/49 64/9/49 319/32/50
f 281/2/51 283/33/51 63/33/51 38/2/51
f 348/32/52 284/9/53 62/9/53 318/32/54
f 314/32/55 54/9/55 61/9/55 317/32/55
f 22/2/56 55/33/56 60/33/56 33/2/56
f 33/2/57 60/33/57 59/33/57 30/2/57
f 317/32/58 61/9/58 58/9/58 316/32/58
f 864/31/59 26/30/59 57/34/59 866/35/59
f 869/36/60 325/37/60 56/17/60 867/16/60
f 272/2/61 275/33/61 55/33/61 22/2/61
f 346/32/62 276/9/62 54/9/62 314/32/62
f 289/7/63 293/6/63 88/6/63 46/7/63
f 287/13/64 294/14/64 87/14/64 44/13/64
f 37/13/65 84/14/65 86/14/65 41/13/65
f 39/7/66 83/6/66 85/6/66 43/7/66
f 280/13/67 285/14/68 84/14/69 37/13/69
f 282/7/70 286/6/70 83/6/70 39/7/70
f 23/7/71 76/6/71 82/6/71 34/7/71
f 21/13/72 77/14/72 81/14/72 32/13/72
f 32/13/73 81/14/73 80/14/73 29/13/73
f 34/7/74 82/6/74 79/6/74 31/7/74
f 860/23/75 24/22/75 78/25/75 868/24/75
f 271/13/76 277/14/76 77/14/76 21/13/76
f 273/7/77 278/6/77 76/6/77 23/7/77
f 865/19/78 27/18/78 569/38/78 862/39/78
f 561/40/79 10/11/79 72/6/79 571/5/79
f 92/41/80 3/42/80 93/43/80
f 2/13/81 264/44/81 270/45/81 68/14/81
f 311/32/82 344/46/82 269/47/82 48/9/82
f 10/2/83 266/3/83 268/48/83 50/33/83
f 68/14/84 270/45/84 265/49/84 1/15/84
f 321/12/85 345/50/85 264/44/85 2/13/85
f 9/10/86 267/51/86 607/52/86 563/53/86
f 48/9/87 269/47/87 267/51/87 9/10/87
f 9/7/88 72/6/88 278/6/88 273/7/88
f 2/13/89 68/14/89 277/14/89 271/13/89
f 311/32/90 48/9/90 276/9/90 346/32/90
f 10/2/91 50/33/91 275/33/91 272/2/91
f 68/14/92 1/15/92 274/15/92 277/14/92
f 321/12/93 2/13/93 271/13/93 347/12/93
f 72/6/94 10/11/94 272/11/94 278/6/94
f 48/9/95 9/10/95 273/10/95 276/9/95
f 46/7/96 88/6/96 286/6/96 282/7/96
f 44/13/97 87/14/97 285/14/68 280/13/67
f 320/32/98 67/9/99 284/9/99 348/32/100
f 45/2/101 66/33/101 283/33/101 281/2/101
f 87/14/102 47/15/102 279/15/23 285/14/22
f 330/12/103 44/13/103 280/13/103 349/12/103
f 88/6/104 45/11/104 281/11/104 286/6/104
f 67/9/105 46/10/105 282/10/105 284/9/105
f 29/13/106 80/14/106 294/14/106 287/13/106
f 31/7/107 79/6/107 293/6/107 289/7/107
f 30/2/108 59/33/108 292/33/45 288/2/44
f 316/32/109 58/9/110 291/9/41 350/32/40
f 58/9/111 31/10/111 289/10/111 291/9/111
f 79/6/112 30/11/112 288/11/112 293/6/112
f 326/12/113 29/13/114 287/13/35 351/12/34
f 80/14/115 28/15/115 290/15/32 294/14/31
f 59/33/116 326/12/113 351/12/34 292/33/117
f 28/15/118 316/32/109 350/32/40 290/15/119
f 66/33/120 330/12/120 349/12/120 283/33/120
f 47/15/121 320/32/98 348/32/100 279/15/121
f 50/33/122 321/12/122 347/12/122 275/33/122
f 1/15/123 311/32/123 346/32/123 274/15/123
f 50/33/124 268/48/125 345/50/126 321/12/124
f 1/15/127 265/49/127 344/46/127 311/32/127
f 274/15/128 346/32/128 314/32/128 20/15/128
f 861/27/129 25/26/129 325/37/129 869/36/129
f 35/15/130 317/32/130 316/32/130 28/15/130
f 20/15/131 314/32/131 317/32/131 35/15/131
f 279/15/132 348/32/52 318/32/54 36/15/132
f 36/15/133 318/32/48 319/32/50 40/15/133
f 290/15/119 350/32/40 320/32/43 47/15/134
f 292/33/117 351/12/34 330/12/37 66/33/135
f 63/33/136 328/12/27 329/12/29 65/33/136
f 283/33/137 349/12/137 328/12/137 63/33/137
f 55/33/138 324/12/138 327/12/138 60/33/138
f 60/33/139 327/12/139 326/12/139 59/33/139
f 866/35/140 57/34/140 315/21/140 870/20/140
f 275/33/141 347/12/141 324/12/141 55/33/141
f 571/5/142 563/8/142 362/7/142 425/6/142
f 619/9/143 407/9/143 376/10/143 616/10/143
f 621/6/144 429/6/144 375/11/144 615/11/144
f 690/12/145 667/12/145 374/13/145 614/13/145
f 620/14/146 430/14/146 373/15/146 617/15/146
f 876/16/147 874/19/147 380/18/147 409/17/147
f 879/20/148 871/23/148 377/22/148 658/21/148
f 877/24/149 872/27/149 378/26/149 431/25/149
f 863/28/150 873/31/150 379/30/150 570/29/150
f 414/9/151 411/9/151 384/10/151 387/10/151
f 435/6/152 432/6/152 383/11/152 386/11/152
f 670/12/153 669/12/153 382/13/153 385/13/153
f 434/14/154 433/14/154 381/15/154 388/15/154
f 430/14/155 434/14/155 388/15/155 373/15/155
f 667/12/156 670/12/156 385/13/156 374/13/156
f 429/6/157 435/6/157 386/11/157 375/11/157
f 407/9/158 414/9/158 387/10/158 376/10/158
f 627/9/159 415/9/159 392/10/159 625/10/159
f 629/6/160 436/6/160 391/11/160 624/11/160
f 692/12/161 671/12/161 390/13/161 623/13/161
f 628/14/162 437/14/163 389/15/163 622/15/164
f 415/9/165 417/9/165 396/10/165 392/10/165
f 436/6/166 438/6/166 395/11/166 391/11/166
f 671/12/167 672/12/167 394/13/167 390/13/167
f 437/14/168 439/14/168 393/15/168 389/15/168
f 637/14/169 440/14/170 400/15/170 633/15/171
f 694/12/172 673/12/173 397/13/174 630/13/175
f 636/6/176 441/6/176 398/11/176 631/11/176
f 634/9/177 420/9/177 399/10/177 632/10/177
f 693/32/178 663/32/179 420/9/180 634/9/181
f 631/2/182 398/2/183 419/33/183 635/33/184
f 391/2/185 395/2/185 418/33/185 416/33/185
f 661/32/186 662/32/187 417/9/188 415/9/188
f 624/2/189 391/2/189 416/33/189 626/33/189
f 691/32/190 661/32/191 415/9/191 627/9/192
f 657/32/193 660/32/193 414/9/193 407/9/193
f 375/2/194 386/2/194 413/33/194 408/33/194
f 386/2/195 383/2/195 412/33/195 413/33/195
f 660/32/196 659/32/196 411/9/196 414/9/196
f 873/31/197 875/35/197 410/34/197 379/30/197
f 878/36/198 876/16/198 409/17/198 668/37/198
f 615/2/199 375/2/199 408/33/199 618/33/199
f 689/32/200 657/32/200 407/9/200 619/9/200
f 632/7/201 399/7/201 441/6/201 636/6/201
f 630/13/202 397/13/202 440/14/202 637/14/202
f 390/13/203 394/13/203 439/14/203 437/14/203
f 392/7/204 396/7/204 438/6/204 436/6/204
f 623/13/205 390/13/206 437/14/206 628/14/207
f 625/7/208 392/7/208 436/6/208 629/6/208
f 376/7/209 387/7/209 435/6/209 429/6/209
f 374/13/210 385/13/210 434/14/210 430/14/210
f 385/13/211 382/13/211 433/14/211 434/14/211
f 387/7/212 384/7/212 432/6/212 435/6/212
f 871/23/213 877/24/213 431/25/213 377/22/213
f 614/13/214 374/13/214 430/14/214 620/14/214
f 616/7/215 376/7/216 429/6/216 621/6/217
f 874/19/218 862/39/218 569/38/218 380/18/218
f 561/40/219 571/5/219 425/6/219 363/11/219
f 445/41/220 446/43/220 356/42/220
f 355/13/221 421/14/221 613/45/221 605/44/221
f 654/32/222 401/9/222 612/47/222 687/46/222
f 363/2/223 403/33/223 611/48/223 609/3/223
f 421/14/224 354/15/224 606/49/224 613/45/224
f 664/12/225 355/13/225 605/44/225 688/50/225
f 362/10/226 563/53/226 607/52/226 610/51/226
f 401/9/227 362/10/227 610/51/227 612/47/227
f 362/7/228 616/7/215 621/6/217 425/6/228
f 355/13/229 614/13/229 620/14/229 421/14/229
f 654/32/230 689/32/230 619/9/230 401/9/230
f 363/2/231 615/2/231 618/33/231 403/33/231
f 421/14/232 620/14/232 617/15/232 354/15/232
f 664/12/233 690/12/233 614/13/233 355/13/233
f 425/6/234 621/6/234 615/11/234 363/11/234
f 401/9/235 619/9/235 616/10/235 362/10/235
f 399/7/236 625/7/236 629/6/236 441/6/236
f 397/13/237 623/13/205 628/14/207 440/14/237
f 663/32/238 691/32/190 627/9/192 420/9/238
f 398/2/239 624/2/239 626/33/239 419/33/239
f 440/14/240 628/14/162 622/15/164 400/15/240
f 673/12/241 692/12/241 623/13/241 397/13/241
f 441/6/242 629/6/242 624/11/242 398/11/242
f 420/9/243 627/9/243 625/10/243 399/10/243
f 382/13/244 630/13/244 637/14/244 433/14/244
f 384/7/245 632/7/245 636/6/245 432/6/245
f 383/2/246 631/2/182 635/33/184 412/33/246
f 659/32/247 693/32/178 634/9/181 411/9/248
f 411/9/249 634/9/249 632/10/249 384/10/249
f 432/6/250 636/6/250 631/11/250 383/11/250
f 669/12/251 694/12/172 630/13/175 382/13/252
f 433/14/253 637/14/169 633/15/171 381/15/253
f 412/33/254 635/33/255 694/12/172 669/12/251
f 381/15/256 633/15/257 693/32/178 659/32/247
f 419/33/258 626/33/258 692/12/258 673/12/258
f 400/15/259 622/15/260 691/32/261 663/32/259
f 403/33/262 618/33/262 690/12/262 664/12/262
f 354/15/263 617/15/263 689/32/263 654/32/263
f 403/33/264 664/12/264 688/50/264 611/48/264
f 354/15/265 654/32/265 687/46/265 606/49/265
f 617/15/266 373/15/266 657/32/266 689/32/266
f 872/27/267 878/36/267 668/37/267 378/26/267
f 388/15/268 381/15/268 659/32/268 660/32/268
f 373/15/269 388/15/269 660/32/269 657/32/269
f 622/15/260 389/15/270 661/32/270 691/32/261
f 389/15/271 393/15/271 662/32/187 661/32/186
f 633/15/257 400/15/272 663/32/179 693/32/178
f 635/33/255 419/33/273 673/12/173 694/12/172
f 416/33/274 418/33/274 672/12/274 671/12/274
f 626/33/275 416/33/275 671/12/275 692/12/275
f 408/33/276 413/33/276 670/12/276 667/12/276
f 413/33/277 412/33/277 669/12/277 670/12/277
f 875/35/278 879/20/278 658/21/278 410/34/278
f 618/33/279 408/33/279 667/12/279 690/12/279
f 561/1/280 608/4/280 266/3/280 10/2/280
f 967/54/281 971/55/281 879/20/281 875/35/281
f 964/56/282 970/57/282 878/36/282 872/27/282
f 966/58/283 954/59/283 862/39/283 874/19/283
f 963/60/284 969/61/284 877/24/284 871/23/284
f 970/57/285 968/62/285 876/16/285 878/36/285
f 965/63/286 967/54/286 875/35/286 873/31/286
f 955/64/287 965/63/288 873/31/288 863/28/287
f 969/61/289 964/56/289 872/27/289 877/24/289
f 971/55/290 963/60/290 871/23/290 879/20/290
f 968/62/291 966/58/291 874/19/291 876/16/291
f 958/54/292 866/35/292 870/20/292 962/55/292
f 953/56/293 861/27/293 869/36/293 961/57/293
f 957/58/294 865/19/294 862/39/294 954/59/294
f 952/60/295 860/23/295 868/24/295 960/61/295
f 961/57/296 869/36/296 867/16/296 959/62/296
f 956/63/297 864/31/297 866/35/297 958/54/297
f 955/64/287 863/28/287 864/31/298 956/63/298
f 960/61/299 868/24/299 861/27/299 953/56/299
f 962/55/300 870/20/300 860/23/300 952/60/300
f 959/62/301 867/16/301 865/19/301 957/58/301
f 269/47/302 939/65/302 937/66/302 267/51/302
f 345/50/303 942/67/303 932/68/303 264/44/303
f 270/45/304 940/69/304 933/70/304 265/49/304
f 608/4/305 935/71/305 936/72/306 266/3/306
f 266/3/307 936/72/307 938/73/307 268/48/307
f 344/46/308 941/74/308 939/65/308 269/47/308
f 264/44/309 932/68/309 940/69/309 270/45/309
f 267/51/310 937/66/310 934/75/311 607/52/312
f 265/49/313 933/70/313 941/74/313 344/46/313
f 268/48/125 938/73/314 942/67/314 345/50/126
f 612/47/315 610/51/315 946/66/315 948/65/315
f 688/50/316 605/44/316 943/68/316 951/67/316
f 613/45/317 606/49/317 944/70/317 949/69/317
f 608/4/305 609/3/318 945/72/318 935/71/305
f 609/3/319 611/48/319 947/73/319 945/72/319
f 687/46/320 612/47/320 948/65/320 950/74/320
f 605/44/321 613/45/321 949/69/321 943/68/321
f 610/51/322 607/52/312 934/75/311 946/66/322
f 606/49/323 687/46/323 950/74/323 944/70/323
f 611/48/324 688/50/324 951/67/324 947/73/324
usemtl Piel
f 126/42/325 125/43/325 111/43/325 118/42/325
f 124/41/326 123/76/326 115/76/326 112/41/326
f 119/77/327 120/78/327 113/78/327 114/77/327
f 121/79/328 122/80/328 117/80/328 116/79/328
f 138/81/329 154/82/329 117/80/329 114/77/329
f 142/42/330 138/81/330 114/77/330 113/78/330
f 157/83/331 142/42/331 113/78/331 118/42/331
f 158/84/332 157/83/332 118/42/332 111/43/332
f 123/76/333 121/79/333 116/79/333 115/76/333
f 125/43/334 124/41/334 112/41/334 111/43/334
f 120/78/335 126/42/335 118/42/335 113/78/335
f 122/80/336 119/77/336 114/77/336 117/80/336
f 889/80/337 892/77/337 119/77/337 122/80/337
f 888/78/338 895/42/338 126/42/338 120/78/338
f 891/43/339 894/41/339 124/41/339 125/43/339
f 890/76/340 893/79/340 121/79/340 123/76/340
f 893/79/341 889/80/341 122/80/341 121/79/341
f 892/77/342 888/78/342 120/78/342 119/77/342
f 894/41/343 890/76/343 123/76/343 124/41/343
f 895/42/344 891/43/344 125/43/344 126/42/344
f 166/85/345 154/82/345 138/81/345 148/86/345
f 148/86/346 138/81/346 142/42/346 149/87/346
f 164/88/347 158/84/347 140/41/347 150/89/347
f 150/89/348 140/41/348 136/90/348 147/91/348
f 152/92/349 155/93/349 139/15/349 135/94/349
f 136/90/350 140/41/350 112/41/350 115/76/350
f 139/15/351 146/95/351 143/96/351 135/97/351
f 155/93/352 160/98/352 146/95/352 139/15/352
f 137/99/353 144/100/353 145/101/353 141/13/353
f 151/102/354 162/103/354 144/100/354 137/99/354
f 146/95/355 150/89/355 147/91/355 143/96/355
f 160/98/356 164/88/356 150/89/356 146/95/356
f 144/100/357 148/86/357 149/87/357 145/101/357
f 162/103/358 166/85/358 148/86/358 144/100/358
f 143/104/359 147/105/359 165/106/359 161/107/359
f 161/107/360 165/106/360 166/85/360 162/103/360
f 145/101/361 149/87/361 163/108/361 159/109/361
f 159/109/362 163/108/362 164/88/362 160/98/362
f 135/110/363 143/104/363 161/107/363 152/111/363
f 152/111/364 161/107/364 162/103/364 151/102/364
f 141/13/365 145/101/365 159/109/365 156/112/365
f 156/112/366 159/109/366 160/98/366 155/93/366
f 153/113/367 136/114/367 115/76/367 116/79/367
f 154/82/368 153/115/368 116/79/368 117/80/368
f 137/116/369 141/13/369 156/112/369 151/117/369
f 151/117/370 156/112/370 155/93/370 152/92/370
f 149/87/371 142/42/371 157/83/371 163/108/371
f 163/108/372 157/83/372 158/84/372 164/88/372
f 177/114/373 175/113/373 169/113/373 168/114/373
f 165/106/374 153/115/374 154/82/374 166/85/374
f 167/105/375 168/118/375 169/115/375 170/106/375
f 178/106/376 176/105/376 167/105/376 170/106/376
f 175/115/377 178/106/377 170/106/377 169/115/377
f 176/91/378 177/90/378 168/90/378 167/91/378
f 147/91/379 136/90/379 172/90/379 173/91/379
f 153/115/380 165/106/380 174/106/380 171/115/380
f 165/106/381 147/105/381 173/105/381 174/106/381
f 136/114/382 153/113/382 171/113/382 172/114/382
f 173/91/383 172/90/383 177/90/383 176/91/383
f 171/115/384 174/106/384 178/106/384 175/115/384
f 174/106/385 173/105/385 176/105/385 178/106/385
f 172/114/386 171/113/386 175/113/386 177/114/386
f 140/41/387 158/84/387 111/43/387 112/41/387
f 580/5/388 577/8/388 707/119/388 1045/120/388 545/15/388 550/14/388
f 1038/121/389 236/122/389 235/123/389 1037/124/389
f 1039/125/390 239/126/390 236/122/390 1038/121/390
f 575/1/391 1136/127/391 1134/128/391 1127/129/391
f 1036/130/392 232/131/392 239/126/392 1039/125/392
f 715/132/393 240/77/393 243/133/393 720/134/393
f 720/134/394 243/133/394 242/80/394 718/135/394
f 726/136/395 704/137/395 584/138/395 717/139/395
f 718/135/396 242/80/396 241/79/396 716/140/396
f 1065/141/397 1060/142/397 240/77/397 715/132/397
f 580/5/398 233/14/398 228/15/398 1056/143/398 698/144/398 577/8/398
f 479/42/399 471/42/399 464/43/399 478/43/399
f 477/41/400 465/41/400 468/76/400 476/76/400
f 472/77/401 467/77/401 466/78/401 473/78/401
f 474/79/402 469/79/402 470/80/402 475/80/402
f 476/76/403 468/76/403 469/79/403 474/79/403
f 478/43/404 464/43/404 465/41/404 477/41/404
f 473/78/405 466/78/405 471/42/405 479/42/405
f 475/80/406 470/80/406 467/77/406 472/77/406
f 881/80/407 475/80/407 472/77/407 884/77/407
f 880/78/408 473/78/408 479/42/408 887/42/408
f 883/43/409 478/43/409 477/41/409 886/41/409
f 882/76/410 476/76/410 474/79/410 885/79/410
f 885/79/411 474/79/411 475/80/411 881/80/411
f 884/77/412 472/77/412 473/78/412 880/78/412
f 886/41/413 477/41/413 476/76/413 882/76/413
f 887/42/414 479/42/414 478/43/414 883/43/414
f 1148/145/415 1173/146/415 467/77/415 470/80/415
f 1162/147/416 1150/148/416 1170/42/416 1169/131/416
f 1161/5/417 1159/14/417 1178/15/417 1175/8/417
f 1160/149/418 1148/145/418 1176/114/418 1171/150/418
f 1042/121/419 1041/124/419 552/123/419 553/122/419
f 1043/125/420 1042/121/420 553/122/420 556/126/420
f 1040/130/421 1043/125/421 556/126/421 549/131/421
f 721/132/422 724/134/422 560/133/422 557/77/422
f 724/134/423 723/135/423 559/80/423 560/133/423
f 728/151/424 717/139/424 584/138/424 713/152/424
f 723/135/425 722/140/425 558/79/425 559/80/425
f 1054/153/426 721/132/426 557/77/426 1049/154/426
f 719/155/427 585/156/427 705/157/427 725/158/427
f 1064/159/428 1063/160/428 704/137/429 726/136/429
f 719/155/430 727/161/430 714/162/430 585/156/430
f 1053/163/431 728/151/431 713/152/431 1052/164/431
f 1051/165/432 710/166/432 728/151/432 1053/163/432
f 582/147/433 711/167/433 727/161/433 719/155/433
f 1062/168/434 1064/159/434 726/136/434 701/169/434
f 582/147/435 719/155/435 725/158/435 702/170/435
f 1047/171/436 549/131/436 721/132/436 1054/153/436
f 553/122/437 552/123/437 722/140/437 723/135/437
f 710/166/438 581/172/438 730/172/438 731/166/438
f 556/126/439 553/122/439 723/135/439 724/134/439
f 549/131/440 556/126/440 724/134/440 721/132/440
f 1058/173/441 1065/141/441 715/132/441 232/131/441
f 236/122/442 718/135/442 716/140/442 235/123/442
f 728/151/443 710/166/443 731/166/443
f 239/126/444 720/134/444 718/135/444 236/122/444
f 232/131/445 715/132/445 720/134/445 239/126/445
f 731/166/446 730/172/446 717/139/446 728/151/446
f 729/169/447 726/136/447 717/139/447 730/172/447
f 701/169/448 726/136/448 729/169/448
f 581/172/449 701/169/449 729/169/449 730/172/449
f 575/1/450 1127/129/450 1138/174/450 1139/175/450
f 550/14/451 858/176/451 852/177/451 580/5/451
f 554/178/452 859/179/452 858/180/452 550/14/452
f 575/1/453 855/181/453 857/182/453 547/13/453 1132/183/453 1136/127/453
f 547/13/454 857/184/454 859/179/454 554/178/454
f 233/14/455 580/5/455 852/177/455 854/176/455
f 237/178/456 233/14/456 854/180/456 856/179/456
f 575/1/457 1139/175/457 1130/185/457 230/13/457 853/182/457 855/181/457
f 230/13/458 237/178/458 856/179/458 853/184/458
f 1070/186/459 1073/187/459 1043/125/459 1040/130/459
f 1073/187/460 1072/188/460 1042/121/460 1043/125/460
f 1072/188/461 1071/189/461 1041/124/461 1042/121/461
f 1066/186/462 1036/130/462 1039/125/462 1069/187/462
f 1069/187/463 1039/125/463 1038/121/463 1068/188/463
f 1068/188/464 1038/121/464 1037/124/464 1067/189/464
f 711/167/465 1047/171/465 1054/153/465 727/161/465
f 552/123/466 1051/165/466 1053/163/466 722/140/466
f 722/140/467 1053/163/467 1052/164/467 558/79/467
f 727/161/468 1054/153/468 1049/154/468 714/162/468
f 1045/120/469 1074/190/469 1071/191/469 545/15/469
f 702/170/470 725/158/470 1065/141/470 1058/173/470
f 235/123/471 716/140/471 1064/159/471 1062/168/471
f 716/140/472 241/79/472 1063/160/428 1064/159/428
f 725/158/473 705/157/473 1060/142/473 1065/141/473
f 233/14/474 1068/188/474 1067/189/474 228/15/474
f 237/178/475 1069/187/475 1068/188/475 233/14/475
f 230/13/476 1066/186/476 1069/187/476 237/178/476
f 550/14/477 545/15/477 1071/189/477 1072/188/477
f 554/178/478 550/14/478 1072/188/478 1073/187/478
f 547/13/479 554/178/479 1073/187/479 1070/186/479
f 1041/192/480 1075/193/480 1051/165/480 552/123/480
f 1051/165/481 1075/194/481 1140/195/481 710/166/481
f 1071/191/482 1074/190/482 1075/193/482 1041/192/482
f 1036/130/483 1128/196/483 1058/173/483 232/131/483
f 1126/197/484 1135/198/484 711/167/484 582/147/484
f 1066/186/485 1129/199/485 1128/196/485 1036/130/485
f 1127/129/486 1134/128/486 1135/198/486 1126/197/486
f 1128/196/487 1129/199/487 1138/174/487 1137/200/487
f 1058/173/488 1128/196/488 1137/200/488 702/170/488
f 1130/185/489 1129/199/489 1066/186/489 230/13/489
f 1047/171/490 1133/201/490 1040/130/490 549/131/490
f 1133/201/491 1131/202/491 1070/186/491 1040/130/491
f 1131/202/492 1132/183/492 547/13/492 1070/186/492
f 711/167/493 1135/198/493 1133/201/493 1047/171/493
f 1135/198/494 1134/128/494 1131/202/494 1133/201/494
f 1134/128/495 1136/127/495 1132/183/495 1131/202/495
f 702/170/496 1137/200/496 1126/197/496 582/147/496
f 1139/175/497 1138/174/497 1129/199/497 1130/185/497
f 1137/200/498 1138/174/498 1127/129/498 1126/197/498
f 710/166/499 1140/203/499 1142/204/499 581/172/499
f 1140/195/500 1075/194/500 1074/205/500 1141/206/500
f 1141/206/501 1074/205/501 1045/120/501 707/119/501
f 701/169/502 581/172/502 1142/207/502 1143/208/502
f 1142/204/503 1140/203/503 1141/209/503 1144/210/503
f 1144/210/504 1141/209/504 707/119/504 577/8/504
f 1062/168/505 701/169/505 1143/211/505 1146/212/505
f 1143/208/506 1142/207/506 1144/213/506 1145/214/506
f 1145/214/507 1144/213/507 577/8/507 698/144/507
f 1037/124/508 235/123/508 1062/168/508 1146/212/508
f 1146/212/509 1143/211/509 1145/215/509 1147/216/509
f 1147/216/510 1145/215/510 698/144/510 1056/143/510
f 1067/189/511 1037/124/511 1146/212/511 1147/216/511
f 228/15/512 1067/189/512 1147/216/512 1056/143/512
f 1150/43/513 1160/149/513 1171/150/513 1170/41/513
f 1168/42/514 1167/217/514 1160/149/514 1150/43/514
f 1167/217/515 1173/146/515 1148/145/515 1160/149/515
f 1158/218/516 1161/5/516 1175/8/516 1164/94/516
f 1177/116/517 1174/40/517 1161/5/517 1158/218/517
f 1174/40/518 1166/13/518 1159/14/518 1161/5/518
f 1158/1/519 1162/147/519 1169/131/519 1177/13/519
f 1164/99/520 1163/219/520 1162/147/520 1158/1/520
f 1163/219/521 1168/81/521 1150/148/521 1162/147/521
f 1176/114/522 1148/145/522 470/80/522 469/79/522
f 1165/220/523 1176/41/523 469/79/523 468/76/523
f 1166/90/524 1165/220/524 468/76/524 465/41/524
f 1173/41/525 1172/43/525 466/78/525 467/77/525
f 1172/43/526 1178/42/526 471/42/526 466/78/526
f 1178/15/527 1159/14/527 464/43/527 471/42/527
f 1159/14/528 1166/13/528 465/41/528 464/43/528
f 493/221/529 1149/222/529 1163/14/529 1164/13/529
f 494/223/530 1151/224/530 1165/220/530 1166/90/530
f 489/225/531 1152/226/531 1167/123/531 1168/15/531
f 491/227/532 1153/228/532 1169/53/532 1170/15/532
f 1154/229/533 491/227/533 1170/15/533 1171/123/533
f 488/230/534 1155/231/534 1172/43/534 1173/41/534
f 1156/232/535 494/223/535 1166/90/535 1174/233/535
f 1157/234/536 493/221/536 1164/13/536 1175/131/536
f 1149/222/537 489/225/537 1168/15/537 1163/14/537
f 1151/224/538 490/235/538 1176/41/538 1165/220/538
f 1152/226/539 488/230/539 1173/41/539 1167/123/539
f 1153/228/540 495/236/540 1177/97/540 1169/53/540
f 490/235/541 1154/229/541 1171/123/541 1176/41/541
f 1155/231/542 492/237/542 1178/42/542 1172/43/542
f 495/236/543 1156/232/543 1174/233/543 1177/97/543
f 492/237/544 1157/234/544 1175/131/544 1178/42/544
usemtl Botas
f 929/14/545 922/15/545 16/15/545 74/14/545
f 295/238/546 302/131/546 17/13/546 74/14/546
f 931/12/547 923/13/547 17/13/547 323/12/547
f 928/6/548 924/11/548 19/11/548 75/6/548
f 926/9/549 925/10/549 18/10/549 52/9/549
f 930/32/550 926/9/550 52/9/550 313/32/550
f 924/2/551 927/33/551 53/33/551 19/2/551
f 296/239/552 295/238/552 74/14/552 16/15/552
f 353/240/553 296/239/553 16/15/553 313/32/553
f 925/7/554 928/6/554 75/6/554 18/7/554
f 298/241/555 297/242/555 52/9/555 18/10/555
f 923/13/556 929/14/556 74/14/556 17/13/556
f 209/243/557 191/244/557 182/81/557 203/245/557
f 339/246/558 331/247/558 186/42/558 204/248/558
f 224/249/559 221/250/559 184/41/559 205/251/559
f 210/252/560 198/220/560 180/90/560 202/253/560
f 343/254/561 226/255/561 183/15/561 332/7/561
f 222/256/562 225/257/562 180/114/562 198/150/562
f 299/258/563 298/259/563 18/7/563 75/6/563
f 337/260/564 192/178/564 189/14/564 336/6/564
f 208/261/565 194/262/565 190/43/565 206/263/565
f 218/264/566 214/265/566 188/266/566 207/267/566
f 204/248/567 186/42/567 194/262/567 208/261/567
f 334/11/568 185/13/568 192/178/568 337/260/568
f 300/268/569 299/258/569 75/6/569 19/11/569
f 207/267/570 188/266/570 191/244/570 209/243/570
f 301/269/571 300/270/571 19/2/571 53/33/571
f 181/116/572 195/40/572 201/271/572 193/272/572
f 193/272/573 201/271/573 200/5/573 187/218/573
f 352/273/574 301/269/574 53/33/574 323/12/574
f 342/274/575 222/256/575 198/150/575 335/275/575
f 220/276/576 223/277/576 197/8/576 179/94/576
f 338/278/577 335/279/577 198/220/577 210/252/577
f 203/245/578 182/81/578 196/148/578 211/280/578
f 181/99/579 203/245/579 211/280/579 195/1/579
f 332/10/580 338/278/580 210/252/580 197/53/580
f 187/281/581 207/267/581 209/243/581 193/282/581
f 185/13/582 204/248/582 208/261/582 192/178/582
f 212/283/583 218/264/583 207/267/583 187/281/583
f 192/178/584 208/261/584 206/263/585 189/14/586
f 197/53/587 210/252/587 202/253/587 179/97/587
f 226/255/588 224/249/588 205/251/588 183/15/588
f 334/2/589 339/246/589 204/248/589 185/13/589
f 193/282/590 209/243/590 203/245/590 181/99/590
f 189/14/586 206/263/585 219/284/591 215/285/591
f 220/286/592 227/287/592 218/264/592 212/283/592
f 187/218/593 200/5/593 217/288/593 212/289/593
f 333/290/594 199/149/594 216/291/594 340/292/594
f 227/287/595 225/293/595 214/265/595 218/264/595
f 199/149/596 188/145/596 214/294/596 216/291/596
f 336/6/597 189/14/597 215/285/597 341/295/597
f 206/263/598 190/43/598 213/296/598 219/284/598
f 202/297/599 180/118/599 225/293/599 227/287/599
f 179/110/600 202/297/600 227/287/600 220/286/600
f 215/285/601 219/284/601 224/249/601 226/255/601
f 212/289/602 217/288/602 223/277/602 220/276/602
f 340/292/603 216/291/603 222/256/603 342/274/603
f 216/291/604 214/294/604 225/257/604 222/256/604
f 341/295/605 215/285/605 226/255/605 343/254/605
f 219/284/606 213/296/606 221/250/606 224/249/606
f 1111/298/607 1055/299/607 231/42/607 1098/300/607
f 1101/301/608 234/43/608 229/41/608 1099/302/608
f 700/303/609 579/149/609 578/150/609 699/304/609
f 703/305/610 583/306/610 579/149/610 700/303/610
f 1108/307/611 699/308/611 578/220/611 1100/309/611
f 1103/310/612 238/262/612 234/43/612 1101/301/612
f 1098/300/613 231/42/613 238/262/613 1103/310/613
f 697/311/614 576/217/614 583/306/614 703/305/614
f 331/247/615 196/148/615 301/269/615 352/273/615
f 196/148/616 182/81/616 300/270/616 301/269/616
f 182/81/617 191/244/617 299/258/617 300/268/617
f 191/244/618 188/266/618 298/259/618 299/258/618
f 188/145/619 199/149/619 297/242/619 298/241/619
f 333/290/620 190/43/620 296/239/620 353/240/620
f 190/43/621 194/262/621 295/238/621 296/239/621
f 194/262/622 186/42/622 302/131/622 295/238/622
f 199/149/623 333/290/623 353/240/623 297/242/623
f 186/42/624 331/247/624 352/273/624 302/131/624
f 217/288/625 341/295/625 343/254/625 223/277/625
f 213/296/626 340/292/626 342/274/626 221/250/626
f 200/5/627 336/6/627 341/295/627 217/288/627
f 190/43/628 333/290/628 340/292/628 213/296/628
f 195/1/629 211/280/629 339/246/629 334/2/629
f 183/15/630 205/251/630 338/278/630 332/10/630
f 205/251/631 184/41/631 335/279/631 338/278/631
f 221/250/632 342/274/632 335/275/632 184/41/632
f 302/131/633 352/273/633 323/12/633 17/13/633
f 195/40/634 334/11/634 337/260/634 201/271/634
f 201/271/635 337/260/635 336/6/635 200/5/635
f 223/277/636 343/254/636 332/7/636 197/8/636
f 211/280/637 196/148/637 331/247/637 339/246/637
f 297/242/638 353/240/638 313/32/638 52/9/638
f 922/15/639 930/32/639 313/32/639 16/15/639
f 927/33/640 931/12/640 323/12/640 53/33/640
f 919/14/641 427/14/641 369/15/641 912/15/641
f 638/238/642 427/14/642 370/13/642 645/131/642
f 921/12/643 666/12/643 370/13/643 913/13/643
f 918/6/644 428/6/644 372/11/644 914/11/644
f 916/9/645 405/9/645 371/10/645 915/10/645
f 920/32/646 656/32/646 405/9/646 916/9/646
f 914/2/647 372/2/647 406/33/647 917/33/647
f 639/239/648 369/15/648 427/14/648 638/238/648
f 696/240/649 656/32/649 369/15/649 639/239/649
f 915/7/650 371/7/650 428/6/650 918/6/650
f 641/241/651 371/10/651 405/9/651 640/242/651
f 913/13/652 370/13/652 427/14/652 919/14/652
f 526/243/653 520/245/653 499/81/653 508/244/653
f 682/246/654 521/248/654 503/42/654 674/247/654
f 541/249/655 522/251/655 501/41/655 538/250/655
f 527/252/656 519/253/656 497/90/656 515/220/656
f 686/254/657 675/7/657 500/15/657 543/255/657
f 539/256/658 515/150/658 497/114/658 542/257/658
f 642/258/659 428/6/659 371/7/659 641/259/659
f 680/260/660 679/6/660 506/14/660 509/178/660
f 525/261/661 523/263/661 507/43/661 511/262/661
f 535/264/662 524/267/662 505/266/662 531/265/662
f 521/248/663 525/261/663 511/262/663 503/42/663
f 677/11/664 680/260/664 509/178/664 502/13/664
f 643/268/665 372/11/665 428/6/665 642/258/665
f 524/267/666 526/243/666 508/244/666 505/266/666
f 644/269/667 406/33/667 372/2/667 643/270/667
f 498/116/668 510/272/668 518/271/668 512/40/668
f 510/272/669 504/218/669 517/5/669 518/271/669
f 695/273/670 666/12/670 406/33/670 644/269/670
f 685/274/671 678/275/671 515/150/671 539/256/671
f 537/276/672 496/94/672 514/8/672 540/277/672
f 681/278/673 527/252/673 515/220/673 678/279/673
f 520/245/674 528/280/674 513/148/674 499/81/674
f 498/99/675 512/1/675 528/280/675 520/245/675
f 675/10/676 514/53/676 527/252/676 681/278/676
f 504/281/677 510/282/677 526/243/677 524/267/677
f 502/13/678 509/178/678 525/261/678 521/248/678
f 529/283/679 504/281/679 524/267/679 535/264/679
f 509/178/680 506/14/681 523/263/682 525/261/680
f 514/53/683 496/97/683 519/253/683 527/252/683
f 543/255/684 500/15/684 522/251/684 541/249/684
f 677/2/685 502/13/685 521/248/685 682/246/685
f 510/282/686 498/99/686 520/245/686 526/243/686
f 506/14/681 532/285/687 536/284/687 523/263/682
f 537/286/688 529/283/688 535/264/688 544/287/688
f 504/218/689 529/289/689 534/288/689 517/5/689
f 676/290/690 683/292/690 533/291/690 516/149/690
f 544/287/691 535/264/691 531/265/691 542/293/691
f 516/149/692 533/291/692 531/294/692 505/145/692
f 679/6/693 684/295/693 532/285/693 506/14/693
f 523/263/694 536/284/694 530/296/694 507/43/694
f 519/297/695 544/287/695 542/293/695 497/118/695
f 496/110/696 537/286/696 544/287/696 519/297/696
f 532/285/697 543/255/697 541/249/697 536/284/697
f 529/289/698 537/276/698 540/277/698 534/288/698
f 683/292/699 685/274/699 539/256/699 533/291/699
f 533/291/700 539/256/700 542/257/700 531/294/700
f 684/295/701 686/254/701 543/255/701 532/285/701
f 536/284/702 541/249/702 538/250/702 530/296/702
f 1097/312/703 1104/300/703 548/42/703 1044/313/703
f 1106/301/704 1105/302/704 546/41/704 551/43/704
f 709/314/705 708/315/705 578/150/705 579/149/705
f 712/316/706 709/314/706 579/149/706 583/306/706
f 1094/317/707 1100/309/707 578/220/707 708/318/707
f 1107/310/708 1106/301/708 551/43/708 555/262/708
f 1104/300/709 1107/310/709 555/262/709 548/42/709
f 706/319/710 712/316/710 583/306/710 576/217/710
f 674/247/711 695/273/711 644/269/711 513/148/711
f 513/148/712 644/269/712 643/270/712 499/81/712
f 499/81/713 643/268/713 642/258/713 508/244/713
f 508/244/714 642/258/714 641/259/714 505/266/714
f 505/145/715 641/241/715 640/242/715 516/149/715
f 676/290/716 696/240/716 639/239/716 507/43/716
f 507/43/717 639/239/717 638/238/717 511/262/717
f 511/262/718 638/238/718 645/131/718 503/42/718
f 516/149/719 640/242/719 696/240/719 676/290/719
f 503/42/720 645/131/720 695/273/720 674/247/720
f 534/288/721 540/277/721 686/254/721 684/295/721
f 530/296/722 538/250/722 685/274/722 683/292/722
f 517/5/723 534/288/723 684/295/723 679/6/723
f 507/43/724 530/296/724 683/292/724 676/290/724
f 512/1/725 677/2/725 682/246/725 528/280/725
f 500/15/726 675/10/726 681/278/726 522/251/726
f 522/251/727 681/278/727 678/279/727 501/41/727
f 538/250/728 501/41/728 678/275/728 685/274/728
f 645/131/729 370/13/729 666/12/729 695/273/729
f 512/40/730 518/271/730 680/260/730 677/11/730
f 518/271/731 517/5/731 679/6/731 680/260/731
f 540/277/732 514/8/732 675/7/732 686/254/732
f 528/280/733 682/246/733 674/247/733 513/148/733
f 640/242/734 405/9/734 656/32/734 696/240/734
f 912/15/735 369/15/735 656/32/735 920/32/735
f 917/33/736 406/33/736 666/12/736 921/12/736
f 1055/320/737 697/311/737 703/305/737 1059/321/737
f 1110/322/738 1061/323/738 699/308/738 1108/307/738
f 1059/321/739 703/305/739 700/303/739 1057/324/739
f 1057/324/740 700/303/740 699/304/740 1061/325/740
f 1102/326/741 576/148/741 697/327/741 1109/328/741
f 1044/329/742 1048/330/742 712/316/742 706/319/742
f 1096/331/743 1094/317/743 708/318/743 1050/332/743
f 1048/330/744 1046/333/744 709/314/744 712/316/744
f 1046/333/745 1050/334/745 708/315/745 709/314/745
f 1102/326/746 1095/335/746 706/336/746 576/148/746
f 418/33/747 917/33/747 921/12/747 672/12/747
f 393/15/748 912/15/748 920/32/748 662/32/748
f 394/13/749 913/13/749 919/14/749 439/14/749
f 396/7/750 915/7/750 918/6/750 438/6/750
f 395/2/751 914/2/751 917/33/751 418/33/751
f 662/32/752 920/32/752 916/9/752 417/9/752
f 417/9/753 916/9/753 915/10/753 396/10/753
f 438/6/754 918/6/754 914/11/754 395/11/754
f 672/12/755 921/12/755 913/13/755 394/13/755
f 439/14/756 919/14/756 912/15/756 393/15/756
f 65/33/757 329/12/757 931/12/757 927/33/757
f 40/15/758 319/32/758 930/32/758 922/15/758
f 41/13/759 86/14/759 929/14/759 923/13/759
f 43/7/760 85/6/760 928/6/760 925/7/760
f 42/2/761 65/33/761 927/33/761 924/2/761
f 319/32/762 64/9/762 926/9/762 930/32/762
f 64/9/763 43/10/763 925/10/763 926/9/763
f 85/6/764 42/11/764 924/11/764 928/6/764
f 329/12/765 41/13/765 923/13/765 931/12/765
f 86/14/766 40/15/766 922/15/766 929/14/766
f 965/63/767 955/64/768 978/64/768 996/63/767
f 949/69/769 944/70/770 1010/70/770 1008/69/769
f 964/56/771 969/61/771 1009/61/771 1011/56/771
f 951/67/772 943/68/772 995/68/772 1007/67/772
f 963/60/773 971/55/773 1006/55/773 994/60/773
f 948/65/774 946/66/774 999/66/774 1003/65/774
f 966/58/775 968/62/775 1002/62/775 998/58/775
f 942/67/776 938/73/776 985/73/776 993/67/776
f 958/54/777 962/55/777 992/55/777 984/54/777
f 941/74/778 933/70/778 975/70/778 991/74/778
f 953/56/779 961/57/779 990/57/779 974/56/779
f 934/75/780 937/66/780 983/66/780 977/75/780
f 957/58/781 954/59/781 976/59/781 982/58/781
f 940/69/782 932/68/782 973/68/782 989/69/782
f 952/60/783 960/61/783 988/61/783 972/60/783
f 947/73/784 951/67/784 1007/67/784 1001/73/784
f 971/55/785 967/54/785 1000/54/785 1006/55/785
f 939/65/786 941/74/786 991/74/786 987/65/786
f 961/57/787 959/62/787 986/62/787 990/57/787
f 944/70/788 950/74/788 1005/74/788 1010/70/788
f 987/65/789 986/62/789 982/58/789 983/66/789
f 993/67/790 992/55/790 1020/55/790 1015/67/790
f 989/69/791 988/61/791 974/56/791 975/70/791
f 979/71/792 978/64/792 980/63/793 981/72/793
f 981/72/794 980/63/794 984/54/794 985/73/794
f 991/74/795 990/57/795 986/62/795 987/65/795
f 973/68/796 972/60/796 988/61/796 989/69/796
f 983/66/797 982/58/797 976/59/797 977/75/797
f 975/70/798 974/56/798 990/57/798 991/74/798
f 985/73/799 984/54/799 992/55/799 993/67/799
f 1003/65/800 999/66/800 998/58/800 1002/62/800
f 1007/67/801 995/68/801 994/60/801 1006/55/801
f 979/71/792 997/72/802 996/63/802 978/64/792
f 997/72/803 1001/73/803 1000/54/803 996/63/803
f 1005/74/804 1003/65/804 1002/62/804 1004/57/804
f 995/68/805 1008/69/805 1009/61/805 994/60/805
f 999/66/806 977/75/806 976/59/806 998/58/806
f 1010/70/807 1005/74/807 1004/57/807 1011/56/807
f 1001/73/808 1007/67/808 1006/55/808 1000/54/808
f 935/71/809 945/72/810 997/72/810 979/71/809
f 959/62/811 957/58/811 982/58/811 986/62/811
f 937/66/812 939/65/812 987/65/812 983/66/812
f 967/54/813 965/63/813 996/63/813 1000/54/813
f 945/72/814 947/73/814 1001/73/814 997/72/814
f 962/55/815 952/60/815 972/60/815 992/55/815
f 932/68/816 942/67/816 993/67/816 973/68/816
f 968/62/817 970/57/817 1004/57/817 1002/62/817
f 950/74/818 948/65/818 1003/65/818 1005/74/818
f 960/61/819 953/56/819 974/56/819 988/61/819
f 933/70/820 940/69/820 989/69/820 975/70/820
f 969/61/821 963/60/821 994/60/821 1009/61/821
f 943/68/822 949/69/769 1008/69/769 995/68/822
f 955/64/768 956/63/823 980/63/823 978/64/768
f 936/72/824 935/71/809 979/71/809 981/72/824
f 954/59/825 966/58/825 998/58/825 976/59/825
f 946/66/826 934/75/826 977/75/826 999/66/826
f 956/63/827 958/54/827 984/54/827 980/63/827
f 938/73/828 936/72/828 981/72/828 985/73/828
f 970/57/829 964/56/829 1011/56/829 1004/57/829
f 1013/68/830 1015/67/830 1031/67/830 1029/68/830
f 973/68/831 993/67/831 1015/67/831 1013/68/831
f 992/55/832 972/60/832 1021/60/832 1020/55/832
f 972/60/833 973/68/833 1013/68/833 1021/60/833
f 1022/337/834 1023/338/834 1032/338/834 1034/337/834
f 1021/60/835 1013/68/835 1029/68/835 1028/60/835
f 1018/339/836 1014/340/836 1024/340/836 1026/339/836
f 1015/67/837 1020/55/837 1030/55/837 1031/67/837
f 1012/341/838 1014/340/838 1020/55/838 1021/60/838
f 1018/339/839 1016/342/839 1028/60/839 1030/55/839
f 1016/342/840 1012/341/840 1021/60/840 1028/60/840
f 1014/340/841 1018/339/841 1030/55/841 1020/55/841
f 1024/340/842 1025/341/842 1027/342/842 1026/339/842
f 1016/342/843 1018/339/843 1026/339/843 1027/342/843
f 1012/341/844 1016/342/844 1027/342/844 1025/341/844
f 1014/340/845 1012/341/845 1025/341/845 1024/340/845
f 1017/343/846 1023/338/847 1028/60/847 1029/68/846
f 1022/337/848 1019/344/849 1031/67/849 1030/55/848
f 1019/344/849 1017/343/846 1029/68/846 1031/67/849
f 1023/338/847 1022/337/848 1030/55/848 1028/60/847
f 1035/344/850 1034/337/850 1032/338/850 1033/343/850
f 1019/344/851 1022/337/851 1034/337/851 1035/344/851
f 1017/343/852 1019/344/852 1035/344/852 1033/343/852
f 1023/338/853 1017/343/853 1033/343/853 1032/338/853
f 551/43/854 546/41/854 1050/334/854 1046/333/854
f 555/262/855 551/43/855 1046/333/855 1048/330/855
f 1105/302/856 1096/331/856 1050/332/856 546/41/856
f 548/42/857 555/262/857 1048/330/857 1044/329/857
f 1095/335/858 1097/312/858 1044/313/858 706/336/858
f 234/43/859 1057/324/859 1061/325/859 229/41/859
f 238/262/860 1059/321/860 1057/324/860 234/43/860
f 1099/302/861 229/41/861 1061/323/861 1110/322/861
f 231/42/862 1055/320/862 1059/321/862 238/262/862
f 1109/328/863 697/327/863 1055/299/863 1111/298/863
f 705/157/864 1087/345/864 1093/346/864 1060/142/864
f 241/79/865 1077/347/865 1092/348/865 1063/160/865
f 714/162/866 1049/154/866 1091/349/866 1089/350/866
f 558/79/867 1052/164/867 1090/351/867 1083/347/867
f 585/156/868 714/162/868 1089/350/868 1080/352/868
f 1052/164/869 713/152/870 1088/353/871 1090/351/869
f 585/156/872 1080/352/872 1087/345/872 705/157/872
f 1063/160/873 1092/348/873 1086/354/874 704/137/875
f 557/77/876 560/133/877 1085/355/878 1082/356/876
f 560/133/877 559/80/879 1084/357/879 1085/355/878
f 713/152/870 584/138/880 1078/358/880 1088/353/871
f 559/80/881 558/79/881 1083/347/881 1084/357/881
f 1049/154/882 557/77/882 1082/356/882 1091/349/882
f 240/77/883 1076/356/883 1081/355/884 243/133/885
f 243/133/885 1081/355/884 1079/357/886 242/80/886
f 704/137/875 1086/354/874 1078/358/887 584/138/887
f 242/80/888 1079/357/888 1077/347/888 241/79/888
f 1060/142/889 1093/346/889 1076/356/889 240/77/889
f 1087/345/890 1109/328/890 1111/298/890 1093/346/890
f 1090/351/891 1088/353/891 1123/353/891 1122/351/891
f 1089/350/892 1091/349/892 1097/312/892 1095/335/892
f 1094/317/893 1096/331/893 1125/331/893 1124/317/893
f 1080/352/894 1089/350/894 1095/335/894 1102/326/894
f 1105/302/895 1083/347/895 1117/347/895 1116/302/895
f 1080/352/896 1102/326/896 1109/328/896 1087/345/896
f 1083/347/897 1090/351/897 1122/351/897 1117/347/897
f 1082/356/898 1085/355/898 1107/310/898 1104/300/898
f 1085/355/899 1084/357/899 1106/301/899 1107/310/899
f 1088/353/900 1078/358/900 1115/358/900 1123/353/900
f 1084/357/901 1083/347/901 1105/302/901 1106/301/901
f 1091/349/902 1082/356/902 1104/300/902 1097/312/902
f 1076/356/903 1098/300/903 1103/310/903 1081/355/903
f 1081/355/904 1103/310/904 1101/301/904 1079/357/904
f 1096/331/905 1105/302/905 1116/302/905 1125/331/905
f 1079/357/906 1101/301/906 1099/302/907 1077/347/908
f 1093/346/909 1111/298/909 1098/300/909 1076/356/909
f 1113/347/910 1112/302/910 1120/322/910 1121/348/910
f 1117/347/911 1122/351/911 1125/331/911 1116/302/911
f 1122/351/912 1123/353/912 1124/317/912 1125/331/912
f 1121/348/913 1120/322/913 1118/307/913 1119/354/913
f 1123/353/914 1115/358/914 1114/309/914 1124/317/914
f 1119/354/915 1118/307/915 1114/309/915 1115/358/915
f 1077/347/908 1099/302/907 1112/302/916 1113/347/916
f 1110/322/917 1108/307/917 1118/307/917 1120/322/917
f 1108/307/918 1100/309/918 1114/309/918 1118/307/918
f 1086/354/919 1092/348/919 1121/348/919 1119/354/919
f 1099/302/920 1110/322/920 1120/322/920 1112/302/920
f 1078/358/921 1086/354/921 1119/354/921 1115/358/921
f 1092/348/922 1077/347/922 1113/347/922 1121/348/922
f 1100/309/923 1094/317/923 1124/317/923 1114/309/923
f 1010/70/924 1011/56/924 1009/61/924 1008/69/924
f 1154/229/925 490/235/925 1179/235/925 1185/229/925
f 1151/224/926 494/223/926 1181/223/926 1183/224/926
f 494/223/927 1156/232/927 1186/232/927 1181/223/927
f 491/227/928 1154/229/928 1185/229/928 1180/227/928
f 495/236/929 1153/228/929 1184/228/929 1182/236/929
f 490/235/930 1151/224/930 1183/224/930 1179/235/930
f 1156/232/931 495/236/931 1182/236/931 1186/232/931
f 1153/228/932 491/227/932 1180/227/932 1184/228/932
f 1183/224/933 1181/223/933 1189/223/933 1191/224/933
f 1186/232/933 1182/236/933 1190/236/933 1194/232/933
f 1182/236/933 1184/228/934 1192/228/934 1190/236/933
f 1181/223/933 1186/232/933 1194/232/933 1189/223/933
f 1184/228/934 1180/227/933 1188/227/933 1192/228/934
f 1185/229/933 1179/235/933 1187/235/933 1193/229/933
f 1179/235/933 1183/224/933 1191/224/933 1187/235/933
f 1180/227/933 1185/229/933 1193/229/933 1188/227/933
f 1193/229/935 1187/235/935 1195/235/935 1201/229/935
f 1187/235/936 1191/224/936 1199/224/936 1195/235/936
f 1188/227/937 1193/229/937 1201/229/937 1196/227/937
f 1191/224/938 1189/223/938 1197/223/938 1199/224/938
f 1194/232/939 1190/236/939 1198/236/939 1202/232/939
f 1190/236/940 1192/228/940 1200/228/940 1198/236/940
f 1189/223/941 1194/232/941 1202/232/941 1197/223/941
f 1192/228/942 1188/227/942 1196/227/942 1200/228/942
f 1200/228/943 1196/227/943 1204/227/943 1208/228/943
f 1201/229/943 1195/235/943 1203/235/943 1209/229/943
f 1195/235/943 1199/224/943 1207/224/943 1203/235/943
f 1196/227/943 1201/229/943 1209/229/943 1204/227/943
f 1199/224/943 1197/223/943 1205/223/943 1207/224/943
f 1202/232/943 1198/236/943 1206/236/943 1210/232/943
f 1198/236/943 1200/228/943 1208/228/943 1206/236/943
f 1197/223/943 1202/232/943 1210/232/943 1205/223/943
f 1235/232/944 1236/236/944 1214/236/944 1218/232/944
f 1236/236/945 1237/228/945 1216/228/945 1214/236/945
f 1238/223/946 1235/232/946 1218/232/946 1213/223/946
f 1237/228/947 1239/227/947 1212/227/947 1216/228/947
f 1240/229/948 1241/235/948 1211/235/948 1217/229/948
f 1241/235/949 1242/224/949 1215/224/949 1211/235/949
f 1239/227/950 1240/229/950 1217/229/950 1212/227/950
f 1242/224/951 1238/223/951 1213/223/951 1215/224/951
f 1227/230/952 1228/226/952 1224/226/952 1219/230/952
f 1229/225/953 1230/222/953 1223/222/953 1220/225/953
f 1231/234/954 1232/237/954 1221/237/954 1226/234/954
f 1232/237/955 1233/231/955 1225/231/955 1221/237/955
f 1228/226/956 1229/225/956 1220/225/956 1224/226/956
f 1230/222/957 1234/221/957 1222/221/957 1223/222/957
f 1234/221/958 1231/234/958 1226/234/958 1222/221/958
f 1233/231/959 1227/230/959 1219/230/959 1225/231/959
f 1216/228/960 1212/227/960 1217/229/943 1214/236/943
f 1213/223/961 1218/232/943 1211/235/943 1215/224/961
f 1211/235/943 1218/232/943 1214/236/943 1217/229/943
f 1204/227/962 1209/229/962 1240/229/962 1239/227/962
f 1207/224/963 1205/223/963 1238/223/963 1242/224/963
f 1222/221/964 1226/234/965 1220/225/965 1223/222/964
f 1225/231/964 1219/230/964 1224/226/965 1221/237/965
f 1220/225/965 1226/234/965 1221/237/965 1224/226/965
f 1155/231/966 488/230/966 1227/230/966 1233/231/966
f 493/221/967 1157/234/967 1231/234/967 1234/221/967
f 1149/222/968 493/221/968 1234/221/968 1230/222/968
f 1152/226/969 489/225/969 1229/225/969 1228/226/969
f 492/237/970 1155/231/970 1233/231/970 1232/237/970
f 1157/234/971 492/237/971 1232/237/971 1231/234/971
f 489/225/972 1149/222/972 1230/222/972 1229/225/972
f 488/230/973 1152/226/973 1228/226/973 1227/230/973
f 1203/235/974 1207/224/974 1242/224/974 1241/235/974
f 1209/229/975 1203/235/975 1241/235/975 1240/229/975
f 1208/228/976 1204/227/976 1239/227/976 1237/228/976
f 1205/223/977 1210/232/977 1235/232/977 1238/223/977
f 1206/236/978 1208/228/978 1237/228/978 1236/236/978
f 1210/232/979 1206/236/979 1236/236/979 1235/232/979
usemtl Camisa
f 853/184/980 856/179/980 73/290/980 15/359/980
f 90/360/981 11/279/981 564/220/982 573/361/983
f 27/18/984 12/362/984 565/363/984 569/38/984
f 78/25/985 69/364/985 7/365/985 25/26/985
f 247/366/986 70/80/986 6/79/986 246/367/986
f 315/21/987 312/368/987 5/369/987 24/22/987
f 56/17/988 51/370/988 12/362/988 27/18/988
f 570/29/989 566/371/989 13/372/989 26/30/989
f 71/290/990 8/359/990 15/359/990 73/290/990
f 574/373/991 562/148/991 8/247/991 91/374/991
f 8/247/992 562/148/992 568/148/992 15/247/992
f 564/220/993 11/279/993 14/279/993 567/220/993
f 325/37/994 322/375/994 51/370/994 56/17/994
f 26/30/995 13/372/995 49/376/995 57/34/995
f 11/275/996 71/290/996 73/290/996 14/275/996
f 245/377/997 4/77/997 70/80/997 247/366/997
f 24/22/998 5/369/998 69/364/998 78/25/998
f 855/181/999 853/182/999 15/247/999 568/148/999
f 256/76/1000 259/79/1000 108/79/1000 107/76/1000
f 262/42/1001 258/43/1001 103/43/1001 110/42/1001
f 260/41/1002 256/76/1002 107/76/1002 104/41/1002
f 261/77/1003 257/78/1003 105/78/1003 106/77/1003
f 307/76/1004 306/79/1004 100/79/1004 99/76/1004
f 304/43/1005 303/41/1005 96/41/1005 95/43/1005
f 305/78/1006 308/42/1006 102/42/1006 97/78/1006
f 310/80/1007 309/77/1007 98/77/1007 101/80/1007
f 306/79/1008 310/80/1008 101/80/1008 100/79/1008
f 309/77/1009 305/78/1009 97/78/1009 98/77/1009
f 303/41/1010 307/76/1010 99/76/1010 96/41/1010
f 308/42/1011 304/43/1011 95/43/1011 102/42/1011
f 258/43/1012 260/41/1012 104/41/1012 103/43/1012
f 257/78/1013 262/42/1013 110/42/1013 105/78/1013
f 263/80/1014 261/77/1014 106/77/1014 109/80/1014
f 259/79/1015 263/80/1015 109/80/1015 108/79/1015
f 100/79/1016 101/80/1016 134/80/1016 133/79/1016
f 101/80/1017 98/77/1017 129/77/1017 134/80/1017
f 97/78/1018 102/42/1018 132/42/1018 130/78/1018
f 95/43/1019 96/41/1019 127/41/1019 131/43/1019
f 98/77/1020 97/78/1020 130/78/1020 129/77/1020
f 96/41/1021 99/76/1021 128/76/1021 127/41/1021
f 102/42/1022 95/43/1022 131/43/1022 132/42/1022
f 99/76/1023 100/79/1023 133/79/1023 128/76/1023
f 856/179/1024 854/180/1024 14/275/1024 73/290/1024
f 854/176/1025 852/177/1025 567/220/1025 14/279/1025
f 110/42/1026 103/43/1026 255/43/1026 251/42/1026
f 104/41/1027 107/76/1027 254/76/1027 250/41/1027
f 106/77/1028 105/78/1028 252/78/1028 248/77/1028
f 108/79/1029 109/80/1029 253/80/1029 249/79/1029
f 107/76/1030 108/79/1030 249/79/1030 254/76/1030
f 103/43/1031 104/41/1031 250/41/1031 255/43/1031
f 105/78/1032 110/42/1032 251/42/1032 252/78/1032
f 109/80/1033 106/77/1033 248/77/1033 253/80/1033
f 133/79/1034 134/80/1034 263/80/1034 259/79/1034
f 134/80/1035 129/77/1035 261/77/1035 263/80/1035
f 130/78/1036 132/42/1036 262/42/1036 257/78/1036
f 131/43/1037 127/41/1037 260/41/1037 258/43/1037
f 129/77/1038 130/78/1038 257/78/1038 261/77/1038
f 127/41/1039 128/76/1039 256/76/1039 260/41/1039
f 132/42/1040 131/43/1040 258/43/1040 262/42/1040
f 128/76/1041 133/79/1041 259/79/1041 256/76/1041
f 3/42/1042 93/43/1042 304/43/1042 308/42/1042
f 92/41/1043 89/76/1043 307/76/1043 303/41/1043
f 4/77/1044 94/78/1044 305/78/1044 309/77/1044
f 6/79/1045 70/80/1045 310/80/1045 306/79/1045
f 70/80/1046 4/77/1046 309/77/1046 310/80/1046
f 94/78/1047 3/42/1047 308/42/1047 305/78/1047
f 93/43/1048 92/41/1048 303/41/1048 304/43/1048
f 89/76/1049 6/79/1049 306/79/1049 307/76/1049
f 25/26/1050 7/365/1050 322/375/1050 325/37/1050
f 57/34/1051 49/376/1051 312/368/1051 315/21/1051
f 857/184/1052 368/359/1052 426/290/1052 859/179/1052
f 443/360/1053 573/361/983 564/220/982 364/279/1053
f 380/18/1054 569/38/1054 565/363/1054 365/362/1054
f 431/25/1055 378/26/1055 360/365/1055 422/364/1055
f 588/366/1056 587/367/1056 359/79/1056 423/80/1056
f 658/21/1057 377/22/1057 358/369/1057 655/368/1057
f 409/17/1058 380/18/1058 365/362/1058 404/370/1058
f 570/29/1059 379/30/1059 366/372/1059 566/371/1059
f 424/290/1060 426/290/1060 368/359/1060 361/359/1060
f 574/373/1061 444/374/1061 361/247/1061 562/148/1061
f 361/247/1062 368/247/1062 568/148/1062 562/148/1062
f 564/220/1063 567/220/1063 367/279/1063 364/279/1063
f 668/37/1064 409/17/1064 404/370/1064 665/375/1064
f 379/30/1065 410/34/1065 402/376/1065 366/372/1065
f 364/275/1066 367/275/1066 426/290/1066 424/290/1066
f 586/377/1067 588/366/1067 423/80/1067 357/77/1067
f 377/22/1068 431/25/1068 422/364/1068 358/369/1068
f 855/181/1069 568/148/1069 368/247/1069 857/182/1069
f 597/76/1070 460/76/1070 461/79/1070 600/79/1070
f 603/42/1071 463/42/1071 456/43/1071 599/43/1071
f 601/41/1072 457/41/1072 460/76/1072 597/76/1072
f 602/77/1073 459/77/1073 458/78/1073 598/78/1073
f 650/76/1074 452/76/1074 453/79/1074 649/79/1074
f 647/43/1075 448/43/1075 449/41/1075 646/41/1075
f 648/78/1076 450/78/1076 455/42/1076 651/42/1076
f 653/80/1077 454/80/1077 451/77/1077 652/77/1077
f 649/79/1078 453/79/1078 454/80/1078 653/80/1078
f 652/77/1079 451/77/1079 450/78/1079 648/78/1079
f 646/41/1080 449/41/1080 452/76/1080 650/76/1080
f 651/42/1081 455/42/1081 448/43/1081 647/43/1081
f 599/43/1082 456/43/1082 457/41/1082 601/41/1082
f 598/78/1083 458/78/1083 463/42/1083 603/42/1083
f 604/80/1084 462/80/1084 459/77/1084 602/77/1084
f 600/79/1085 461/79/1085 462/80/1085 604/80/1085
f 453/79/1086 486/79/1086 487/80/1086 454/80/1086
f 454/80/1087 487/80/1087 482/77/1087 451/77/1087
f 450/78/1088 483/78/1088 485/42/1088 455/42/1088
f 448/43/1089 484/43/1089 480/41/1089 449/41/1089
f 451/77/1090 482/77/1090 483/78/1090 450/78/1090
f 449/41/1091 480/41/1091 481/76/1091 452/76/1091
f 455/42/1092 485/42/1092 484/43/1092 448/43/1092
f 452/76/1093 481/76/1093 486/79/1093 453/79/1093
f 859/179/1094 426/290/1094 367/275/1094 858/180/1094
f 858/176/1095 367/279/1095 567/220/1095 852/177/1095
f 463/42/1096 592/42/1096 596/43/1096 456/43/1096
f 457/41/1097 591/41/1097 595/76/1097 460/76/1097
f 459/77/1098 589/77/1098 593/78/1098 458/78/1098
f 461/79/1099 590/79/1099 594/80/1099 462/80/1099
f 460/76/1100 595/76/1100 590/79/1100 461/79/1100
f 456/43/1101 596/43/1101 591/41/1101 457/41/1101
f 458/78/1102 593/78/1102 592/42/1102 463/42/1102
f 462/80/1103 594/80/1103 589/77/1103 459/77/1103
f 486/79/1104 600/79/1104 604/80/1104 487/80/1104
f 487/80/1105 604/80/1105 602/77/1105 482/77/1105
f 483/78/1106 598/78/1106 603/42/1106 485/42/1106
f 484/43/1107 599/43/1107 601/41/1107 480/41/1107
f 482/77/1108 602/77/1108 598/78/1108 483/78/1108
f 480/41/1109 601/41/1109 597/76/1109 481/76/1109
f 485/42/1110 603/42/1110 599/43/1110 484/43/1110
f 481/76/1111 597/76/1111 600/79/1111 486/79/1111
f 356/42/1112 651/42/1112 647/43/1112 446/43/1112
f 445/41/1113 646/41/1113 650/76/1113 442/76/1113
f 357/77/1114 652/77/1114 648/78/1114 447/78/1114
f 359/79/1115 649/79/1115 653/80/1115 423/80/1115
f 423/80/1116 653/80/1116 652/77/1116 357/77/1116
f 447/78/1117 648/78/1117 651/42/1117 356/42/1117
f 446/43/1118 647/43/1118 646/41/1118 445/41/1118
f 442/76/1119 650/76/1119 649/79/1119 359/79/1119
f 378/26/1120 668/37/1120 665/375/1120 360/365/1120
f 410/34/1121 658/21/1121 655/368/1121 402/376/1121
f 899/42/1122 887/42/1122 883/43/1122 903/43/1122
f 898/41/1123 886/41/1123 882/76/1123 902/76/1123
f 896/77/1124 884/77/1124 880/78/1124 900/78/1124
f 897/79/1125 885/79/1125 881/80/1125 901/80/1125
f 902/76/1126 882/76/1126 885/79/1126 897/79/1126
f 903/43/1127 883/43/1127 886/41/1127 898/41/1127
f 900/78/1128 880/78/1128 887/42/1128 899/42/1128
f 901/80/1129 881/80/1129 884/77/1129 896/77/1129
f 907/42/1130 911/43/1130 891/43/1130 895/42/1130
f 906/41/1131 910/76/1131 890/76/1131 894/41/1131
f 904/77/1132 908/78/1132 888/78/1132 892/77/1132
f 905/79/1133 909/80/1133 889/80/1133 893/79/1133
f 910/76/1134 905/79/1134 893/79/1134 890/76/1134
f 911/43/1135 906/41/1135 894/41/1135 891/43/1135
f 908/78/1136 907/42/1136 895/42/1136 888/78/1136
f 909/80/1137 904/77/1137 892/77/1137 889/80/1137
f 594/80/1138 901/80/1138 896/77/1138 589/77/1138
f 593/78/1139 900/78/1139 899/42/1139 592/42/1139
f 596/43/1140 903/43/1140 898/41/1140 591/41/1140
f 595/76/1141 902/76/1141 897/79/1141 590/79/1141
f 590/79/1142 897/79/1142 901/80/1142 594/80/1142
f 589/77/1143 896/77/1143 900/78/1143 593/78/1143
f 591/41/1144 898/41/1144 902/76/1144 595/76/1144
f 592/42/1145 899/42/1145 903/43/1145 596/43/1145
f 253/80/1146 248/77/1146 904/77/1146 909/80/1146
f 252/78/1147 251/42/1147 907/42/1147 908/78/1147
f 255/43/1148 250/41/1148 906/41/1148 911/43/1148
f 254/76/1149 249/79/1149 905/79/1149 910/76/1149
f 249/79/1150 253/80/1150 909/80/1150 905/79/1150
f 248/77/1151 252/78/1151 908/78/1151 904/77/1151
f 250/41/1152 254/76/1152 910/76/1152 906/41/1152
f 251/42/1153 255/43/1153 911/43/1153 907/42/1153
usemtl Chaleco
f 442/76/1154 359/79/1154 803/79/1154 802/76/1154
f 573/361/1155 443/360/1155 825/360/1155 742/361/1155
f 51/370/1156 322/375/1156 779/375/1156 760/370/1156
f 444/374/1157 574/373/1157 747/373/1157 827/374/1157
f 71/290/1158 11/275/1158 759/275/1158 771/290/1158
f 8/359/1159 71/290/1159 771/290/1159 774/359/1159
f 89/76/1160 92/41/1160 790/41/1160 737/76/1160
f 6/79/1161 89/76/1161 737/76/1161 738/79/1161
f 565/363/1162 12/362/1162 761/362/1162 746/363/1162
f 587/367/1163 588/366/1163 842/366/1163 804/367/1163
f 357/77/1164 447/78/1164 844/78/1164 812/77/1164
f 49/376/1165 13/372/1165 768/372/1165 776/376/1165
f 364/275/1166 424/290/1166 826/290/1166 814/275/1166
f 69/364/1167 5/369/1167 736/369/1167 752/364/1167
f 356/42/1168 446/43/1168 847/43/1168 798/42/1168
f 91/374/1169 8/247/1169 774/247/1169 772/374/1169
f 402/376/1170 655/368/1170 809/368/1170 831/376/1170
f 247/366/1171 246/367/1171 739/367/1171 787/366/1171
f 11/279/1172 90/360/1172 770/360/1172 759/279/1172
f 665/375/1173 404/370/1173 815/370/1173 834/375/1173
f 312/368/1174 49/376/1174 776/376/1174 754/368/1174
f 446/43/1175 445/41/1175 845/41/1175 847/43/1175
f 588/366/1176 586/377/1176 799/377/1176 842/366/1176
f 566/371/1177 366/372/1177 823/372/1177 751/371/1177
f 447/78/1178 356/42/1178 798/42/1178 844/78/1178
f 424/290/1179 361/359/1179 829/359/1179 826/290/1179
f 366/372/1180 402/376/1180 831/376/1180 823/372/1180
f 12/362/1181 51/370/1181 760/370/1181 761/362/1181
f 245/377/1182 247/366/1182 787/366/1182 734/377/1182
f 358/369/1183 422/364/1183 807/364/1183 801/369/1183
f 445/41/1184 442/76/1184 802/76/1184 845/41/1184
f 365/362/1185 565/363/1185 746/363/1185 816/362/1185
f 359/79/1186 587/367/1186 804/367/1186 803/79/1186
f 404/370/1187 365/362/1187 816/362/1187 815/370/1187
f 90/360/1188 573/361/1188 742/361/1188 770/360/1188
f 586/377/1189 357/77/1189 812/77/1189 799/377/1189
f 574/373/1190 91/374/1190 772/374/1190 747/373/1190
f 5/369/1191 312/368/1191 754/368/1191 736/369/1191
f 361/247/1192 444/374/1192 827/374/1192 829/247/1192
f 443/360/1193 364/279/1193 814/279/1193 825/360/1193
f 94/78/1194 4/77/1194 757/77/1194 789/78/1194
f 655/368/1195 358/369/1195 801/369/1195 809/368/1195
f 7/365/1196 69/364/1196 752/364/1196 741/365/1196
f 246/367/1197 6/79/1197 738/79/1197 739/367/1197
f 360/365/1198 665/375/1198 834/375/1198 806/365/1198
f 4/77/1199 245/377/1199 734/377/1199 757/77/1199
f 93/43/1200 3/42/1200 733/42/1200 792/43/1200
f 322/375/1201 7/365/1201 741/365/1201 779/375/1201
f 422/364/1202 360/365/1202 806/365/1202 807/364/1202
f 92/41/1203 93/43/1203 792/43/1203 790/41/1203
f 3/42/1204 94/78/1204 789/78/1204 733/42/1204
f 13/372/1205 566/371/1205 751/371/1205 768/372/1205
f 788/378/1206 732/379/1206 733/42/1206 789/78/1206
f 761/362/1207 763/380/1207 745/172/1208 746/363/1209
f 752/364/1210 753/122/1210 740/123/1210 741/365/1210
f 754/368/1211 755/381/1211 735/131/1211 736/369/1211
f 796/382/1212 756/383/1212 757/77/1212 734/377/1212
f 769/384/1213 765/385/1213 743/138/1213 744/386/1213
f 749/387/1214 748/156/1214 773/388/1214 766/389/1214
f 751/371/1215 750/147/1215 767/390/1216 768/372/1216
f 784/391/1217 764/392/1217 765/385/1217 769/384/1217
f 760/370/1218 762/393/1218 763/380/1218 761/362/1218
f 783/394/1219 758/395/1219 759/279/1219 770/360/1219
f 782/396/1220 771/290/1220 759/275/1220 758/397/1220
f 793/398/1221 782/396/1221 758/397/1221 794/399/1221
f 791/400/1222 794/401/1222 758/395/1222 783/394/1222
f 779/375/1223 780/402/1223 762/393/1223 760/370/1223
f 795/403/1224 781/404/1224 764/392/1224 784/391/1224
f 766/389/1225 773/388/1225 778/405/1225 785/406/1225
f 768/372/1226 767/390/1226 777/407/1226 776/376/1226
f 772/374/1227 774/247/1227 775/408/1227 786/409/1227
f 732/410/1228 775/411/1228 782/396/1228 793/398/1228
f 775/411/1229 774/359/1229 771/290/1229 782/396/1229
f 736/369/1230 735/131/1230 753/122/1230 752/364/1230
f 773/388/1231 772/374/1231 786/409/1231 778/405/1231
f 781/404/1232 791/400/1232 783/394/1232 764/392/1232
f 764/392/1233 783/394/1233 770/360/1233 765/385/1233
f 748/156/1234 747/373/1234 772/374/1234 773/388/1234
f 756/383/1235 788/378/1235 789/78/1235 757/77/1235
f 765/385/1236 770/360/1236 742/361/1236 743/138/1236
f 735/131/1237 734/377/1237 787/366/1237 753/122/1237
f 767/390/1238 766/389/1238 785/406/1238 777/407/1238
f 780/402/1239 795/403/1239 784/391/1239 762/393/1239
f 762/393/1240 784/391/1240 769/384/1240 763/380/1240
f 755/381/1241 796/382/1241 734/377/1241 735/131/1241
f 753/122/1242 787/366/1242 739/367/1242 740/123/1242
f 750/147/1243 749/387/1243 766/389/1244 767/390/1244
f 763/380/1245 769/384/1245 744/386/1246 745/172/1246
f 777/407/1247 785/406/1247 796/382/1247 755/381/1247
f 740/123/1248 739/367/1248 795/403/1248 780/402/1248
f 778/405/1249 786/409/1249 788/378/1249 756/383/1249
f 738/79/1250 737/76/1250 791/400/1250 781/404/1250
f 733/42/1251 732/410/1251 793/398/1251 792/43/1251
f 739/367/1252 738/79/1252 781/404/1252 795/403/1252
f 741/365/1253 740/123/1253 780/402/1253 779/375/1253
f 737/76/1254 790/41/1254 794/401/1254 791/400/1254
f 792/43/1255 793/398/1255 794/399/1255 790/41/1255
f 785/406/1256 778/405/1256 756/383/1256 796/382/1256
f 776/376/1257 777/407/1257 755/381/1257 754/368/1257
f 786/409/1258 775/408/1258 732/379/1258 788/378/1258
f 843/378/1259 844/78/1259 798/42/1259 797/379/1259
f 816/362/1260 746/363/1209 745/172/1208 818/380/1260
f 807/364/1261 806/365/1261 805/123/1261 808/122/1261
f 809/368/1262 801/369/1262 800/131/1262 810/381/1262
f 851/382/1263 799/377/1263 812/77/1263 811/383/1263
f 824/384/1264 744/386/1264 743/138/1264 820/385/1264
f 749/387/1265 821/389/1265 828/388/1265 748/156/1265
f 751/371/1215 823/372/1266 822/390/1266 750/147/1215
f 839/391/1267 824/384/1267 820/385/1267 819/392/1267
f 815/370/1268 816/362/1268 818/380/1268 817/393/1268
f 838/394/1269 825/360/1269 814/279/1269 813/395/1269
f 837/396/1270 813/397/1270 814/275/1270 826/290/1270
f 848/398/1271 849/399/1271 813/397/1271 837/396/1271
f 846/400/1272 838/394/1272 813/395/1272 849/401/1272
f 834/375/1273 815/370/1273 817/393/1273 835/402/1273
f 850/403/1274 839/391/1274 819/392/1274 836/404/1274
f 821/389/1275 840/406/1275 833/405/1275 828/388/1275
f 823/372/1276 831/376/1276 832/407/1276 822/390/1276
f 827/374/1277 841/409/1277 830/408/1277 829/247/1277
f 797/410/1278 848/398/1278 837/396/1278 830/411/1278
f 830/411/1279 837/396/1279 826/290/1279 829/359/1279
f 801/369/1280 807/364/1280 808/122/1280 800/131/1280
f 828/388/1281 833/405/1281 841/409/1281 827/374/1281
f 836/404/1282 819/392/1282 838/394/1282 846/400/1282
f 819/392/1283 820/385/1283 825/360/1283 838/394/1283
f 748/156/1284 828/388/1284 827/374/1284 747/373/1284
f 811/383/1285 812/77/1285 844/78/1285 843/378/1285
f 820/385/1286 743/138/1286 742/361/1286 825/360/1286
f 800/131/1287 808/122/1287 842/366/1287 799/377/1287
f 822/390/1288 832/407/1288 840/406/1288 821/389/1288
f 835/402/1289 817/393/1289 839/391/1289 850/403/1289
f 817/393/1290 818/380/1290 824/384/1290 839/391/1290
f 810/381/1291 800/131/1291 799/377/1291 851/382/1291
f 808/122/1292 805/123/1292 804/367/1292 842/366/1292
f 750/147/1243 822/390/1293 821/389/1293 749/387/1243
f 818/380/1294 745/172/1246 744/386/1246 824/384/1294
f 832/407/1295 810/381/1295 851/382/1295 840/406/1295
f 805/123/1296 835/402/1296 850/403/1296 804/367/1296
f 833/405/1297 811/383/1297 843/378/1297 841/409/1297
f 803/79/1298 836/404/1298 846/400/1298 802/76/1298
f 798/42/1299 847/43/1299 848/398/1299 797/410/1299
f 804/367/1300 850/403/1300 836/404/1300 803/79/1300
f 806/365/1301 834/375/1301 835/402/1301 805/123/1301
f 802/76/1302 846/400/1302 849/401/1302 845/41/1302
f 847/43/1303 845/41/1303 849/399/1303 848/398/1303
f 840/406/1304 851/382/1304 811/383/1304 833/405/1304
f 831/376/1305 809/368/1305 810/381/1305 832/407/1305
f 841/409/1306 843/378/1306 797/379/1306 830/408/1306
l 571 572
l 244 571
