# Blender 4.5.4 LTS
# www.blender.org
mtllib taser.mtl
o taser_body
v 0.000231 0.000799 -0.005630
v 0.000734 0.000662 -0.007291
v 0.000222 0.006155 -0.005503
v 0.000734 0.006154 -0.007306
v -0.001022 0.006155 -0.005503
v -0.001533 0.006154 -0.007306
v -0.001031 0.000799 -0.005630
v -0.001533 0.000662 -0.007291
v 0.000226 0.003494 -0.006452
v -0.001026 0.003494 -0.006452
v -0.001533 0.003439 -0.008190
v 0.000734 0.003439 -0.008190
v -0.001025 0.004965 -0.006044
v 0.000225 0.004965 -0.006044
v 0.000734 0.004915 -0.007813
v -0.001533 0.004915 -0.007813
v 0.000228 0.001958 -0.006171
v -0.001028 0.001958 -0.006171
v -0.001533 0.001875 -0.007870
v 0.000734 0.001875 -0.007870
v -0.001550 0.008284 -0.007795
v -0.002442 0.008278 -0.009168
v -0.002703 0.008275 -0.012814
v -0.002031 0.008273 -0.014048
v 0.001642 0.008278 -0.009168
v 0.000751 0.008284 -0.007795
v 0.001231 0.008273 -0.014048
v 0.001903 0.008275 -0.012814
v 0.002048 0.001269 -0.008996
v 0.000783 0.001315 -0.007564
v 0.000791 0.003154 -0.007668
v 0.002068 0.003147 -0.009205
v -0.001591 0.003154 -0.007668
v -0.002868 0.003147 -0.009205
v -0.003169 0.003100 -0.013129
v -0.002252 0.003089 -0.014716
v 0.001452 0.003089 -0.014716
v 0.002369 0.003101 -0.013129
v 0.002129 -0.007317 -0.015451
v 0.001409 -0.007011 -0.017082
v 0.002395 -0.005569 -0.016123
v 0.001468 -0.005537 -0.017882
v 0.000827 -0.003857 -0.008576
v 0.002056 -0.003848 -0.010425
v 0.002058 -0.005660 -0.010849
v 0.000829 -0.005676 -0.009097
v -0.002269 -0.003861 -0.017951
v -0.003198 -0.003863 -0.016174
v -0.002268 -0.005535 -0.017887
v -0.003196 -0.005562 -0.016157
v 0.001469 -0.003860 -0.017949
v 0.002398 -0.003858 -0.016164
v 0.002397 -0.002191 -0.015840
v 0.001469 -0.002192 -0.017620
v 0.002048 -0.000224 -0.009626
v 0.000830 -0.000397 -0.008252
v -0.002848 0.001268 -0.008997
v -0.001583 0.001315 -0.007564
v -0.002848 -0.000235 -0.009633
v -0.001630 -0.000397 -0.008252
v -0.002179 0.001298 -0.015852
v -0.003171 0.001284 -0.014160
v -0.002254 -0.000166 -0.016740
v -0.003188 -0.000261 -0.015018
v 0.002388 -0.000161 -0.014955
v 0.001454 -0.000149 -0.016729
v 0.000829 -0.002195 -0.008734
v 0.002058 -0.002193 -0.010490
v -0.001627 -0.003857 -0.008576
v -0.002856 -0.003847 -0.010429
v -0.002858 -0.002201 -0.010498
v -0.001629 -0.002195 -0.008734
v -0.002269 -0.002200 -0.017627
v -0.003198 -0.002240 -0.015883
v -0.002640 -0.008164 -0.010784
v -0.001617 -0.008250 -0.009196
v -0.002859 -0.005658 -0.010874
v -0.001629 -0.005676 -0.009099
v 0.000817 -0.008250 -0.009195
v 0.001840 -0.008164 -0.010784
v -0.002209 -0.007011 -0.017082
v -0.002929 -0.007317 -0.015452
v 0.001380 0.001300 -0.015851
v 0.002371 0.001295 -0.014154
v -0.000400 0.003154 -0.007245
v -0.000400 0.001315 -0.007148
v -0.002968 0.005393 -0.008606
v -0.001639 0.005396 -0.007038
v -0.000400 0.005396 -0.006599
v 0.000839 0.005396 -0.007038
v 0.002168 0.005393 -0.008606
v 0.002487 0.005037 -0.013247
v 0.001707 0.004830 -0.015174
v -0.002507 0.004830 -0.015174
v -0.003287 0.005037 -0.013247
v 0.001458 -0.006661 -0.017343
v 0.002381 -0.006896 -0.015617
v 0.002059 -0.007550 -0.010802
v 0.000830 -0.007655 -0.009141
v -0.001630 -0.007655 -0.009141
v -0.002859 -0.007549 -0.010809
v -0.003182 -0.006894 -0.015627
v -0.002258 -0.006661 -0.017345
v 0.002302 0.004964 -0.013182
v 0.001570 0.004763 -0.015000
v -0.002370 0.004763 -0.015000
v -0.003102 0.004964 -0.013182
v 0.002114 0.004685 -0.008874
v 0.000825 0.004727 -0.007247
v -0.000400 0.004727 -0.006811
v -0.001625 0.004727 -0.007247
v -0.002914 0.004685 -0.008874
v -0.003099 0.004419 -0.013094
v -0.002319 0.004274 -0.014866
v 0.001519 0.004274 -0.014866
v 0.002299 0.004419 -0.013094
v 0.002062 0.002119 -0.009345
v 0.000786 0.002121 -0.007745
v -0.000400 0.002121 -0.007324
v -0.001586 0.002121 -0.007745
v -0.002862 0.002118 -0.009345
v -0.003175 0.002101 -0.013649
v -0.002210 0.002112 -0.015264
v 0.001411 0.002113 -0.015263
v 0.002375 0.002106 -0.013646
v 0.001467 -0.001201 -0.017216
v 0.002394 -0.001208 -0.015426
v 0.002061 -0.001231 -0.010195
v 0.000831 -0.001240 -0.008461
v -0.001631 -0.001240 -0.008461
v -0.002861 -0.001245 -0.010205
v -0.003194 -0.001290 -0.015484
v -0.002267 -0.001215 -0.017225
v 0.002057 -0.003031 -0.010389
v 0.000828 -0.003037 -0.008571
v -0.001628 -0.003037 -0.008572
v -0.002857 -0.003034 -0.010394
v -0.003198 -0.003062 -0.016043
v -0.002269 -0.003043 -0.017816
v 0.001469 -0.003039 -0.017812
v 0.002398 -0.003037 -0.016019
v 0.001469 -0.004667 -0.017969
v 0.002398 -0.004666 -0.016201
v 0.002057 -0.004660 -0.010684
v 0.000828 -0.004666 -0.008880
v -0.001628 -0.004666 -0.008881
v -0.002857 -0.004659 -0.010700
v -0.003198 -0.004663 -0.016223
v -0.002270 -0.004666 -0.017972
v -0.002628 0.007825 -0.008923
v -0.001463 0.007850 -0.007610
v 0.000663 0.007850 -0.007610
v 0.001828 0.007825 -0.008923
v 0.002093 0.007824 -0.012851
v 0.001282 0.007811 -0.014253
v -0.002082 0.007811 -0.014253
v -0.002893 0.007824 -0.012851
v 0.002788 0.000350 0.011616
v 0.001858 0.000746 -0.000491
v 0.002788 0.006668 0.011616
v 0.001858 0.006106 -0.000491
v 0.001837 0.006691 0.011635
v 0.001837 0.000319 0.011635
v 0.001837 0.007788 -0.000652
v 0.001698 0.008186 0.011616
v 0.001698 -0.000824 0.011616
v 0.001837 -0.002126 -0.000652
v 0.002981 0.000592 0.004711
v 0.002981 0.006304 0.004711
v 0.002861 0.007943 0.004527
v 0.002861 -0.001835 0.004527
v 0.001644 -0.000909 -0.004043
v 0.001639 0.000887 -0.003977
v 0.001655 0.005886 -0.003947
v 0.001622 0.007640 -0.004010
v 0.002917 0.005073 0.011629
v 0.001884 0.005074 0.011646
v 0.001871 0.004781 -0.000187
v 0.003073 0.004868 0.004527
v -0.000400 0.000914 -0.004191
v -0.000400 0.000771 -0.000670
v -0.000400 0.004781 -0.000204
v -0.000400 0.006085 -0.000670
v -0.000400 0.005873 -0.003836
v -0.003588 0.000350 0.011616
v -0.002658 0.000746 -0.000491
v -0.003588 0.006668 0.011616
v -0.002658 0.006106 -0.000491
v -0.002637 0.006691 0.011635
v -0.002637 0.000319 0.011635
v -0.002637 0.007788 -0.000652
v -0.002498 0.008186 0.011616
v -0.002498 -0.000824 0.011616
v -0.002637 -0.002126 -0.000652
v -0.003781 0.000592 0.004711
v -0.003781 0.006304 0.004711
v -0.003661 0.007943 0.004527
v -0.003661 -0.001835 0.004527
v -0.002444 -0.000909 -0.004043
v -0.002439 0.000887 -0.003977
v -0.002455 0.005886 -0.003947
v -0.002422 0.007640 -0.004010
v -0.003717 0.005073 0.011629
v -0.002684 0.005074 0.011646
v -0.002671 0.004781 -0.000187
v -0.003873 0.004868 0.004527
v 0.002933 0.000372 0.010617
v 0.002933 0.006624 0.010617
v 0.002070 0.000341 0.010617
v 0.001898 -0.001092 0.010535
v 0.002070 0.006646 0.010617
v 0.001898 0.008152 0.010535
v 0.003084 0.005041 0.010535
v -0.003733 0.000372 0.010617
v -0.003884 0.005041 0.010535
v -0.003733 0.006624 0.010617
v -0.002870 0.006646 0.010617
v -0.002870 0.000341 0.010617
v -0.002698 0.008152 0.010535
v -0.002698 -0.001092 0.010535
v 0.002917 0.001977 0.011629
v 0.001884 0.001977 0.011646
v -0.002684 0.001977 0.011646
v -0.003717 0.001977 0.011629
v -0.003884 0.001997 0.010535
v -0.003873 0.002104 0.004527
v -0.002671 0.002167 -0.000187
v -0.000400 0.002167 -0.000204
v 0.001871 0.002167 -0.000187
v 0.003073 0.002104 0.004527
v 0.003084 0.001997 0.010535
v 0.000634 0.007647 -0.003905
v 0.000742 0.007795 -0.000652
v 0.001265 0.007949 0.004527
v 0.000774 0.008158 0.010535
v 0.000683 0.008191 0.011629
v 0.000681 0.006697 0.011646
v 0.000675 0.000308 0.011646
v -0.001474 0.000308 0.011646
v -0.001481 0.006697 0.011646
v -0.001483 0.008191 0.011629
v -0.001574 0.008158 0.010535
v -0.002065 0.007949 0.004527
v -0.001542 0.007795 -0.000652
v -0.001434 0.007647 -0.003905
v 0.001906 -0.000225 -0.008065
v 0.001904 0.001132 -0.007593
v 0.000653 0.001142 -0.006886
v -0.000400 0.001145 -0.006580
v -0.001453 0.001142 -0.006886
v -0.002704 0.001132 -0.007593
v -0.002706 -0.000225 -0.008065
v -0.001633 -0.000344 -0.007864
v 0.000833 -0.000344 -0.007864
v 0.001645 0.003154 -0.008295
v 0.001704 0.004727 -0.007904
v 0.001728 0.005396 -0.007705
v 0.001219 0.005875 -0.003920
v 0.001349 0.006085 -0.000670
v 0.001380 0.004781 -0.000204
v 0.001380 0.002167 -0.000204
v 0.001349 0.000771 -0.000670
v 0.001221 0.000897 -0.003944
v 0.001545 0.001139 -0.007359
v 0.001631 0.001315 -0.008187
v 0.001636 0.002121 -0.008372
v -0.002445 0.003154 -0.008295
v -0.002504 0.004727 -0.007904
v -0.002528 0.005396 -0.007705
v -0.002019 0.005875 -0.003920
v -0.002149 0.006085 -0.000670
v -0.002180 0.004781 -0.000204
v -0.002180 0.002167 -0.000204
v -0.002149 0.000771 -0.000670
v -0.002021 0.000897 -0.003944
v -0.002344 0.001139 -0.007359
v -0.002431 0.001315 -0.008187
v -0.002436 0.002121 -0.008372
v 0.002016 0.005547 -0.007357
v 0.001751 0.007749 -0.007799
v 0.000706 0.007757 -0.007061
v -0.001506 0.007757 -0.007061
v -0.002551 0.007749 -0.007799
v -0.002816 0.005547 -0.007357
v -0.002425 0.005534 -0.007105
v -0.001589 0.005501 -0.006799
v -0.000400 0.005531 -0.006220
v 0.000789 0.005501 -0.006799
v 0.001625 0.005534 -0.007105
v -0.002180 0.008278 -0.008325
v 0.001380 0.008278 -0.008325
v 0.001484 0.007857 -0.008267
v 0.001456 0.007757 -0.007581
v 0.001343 0.007647 -0.003979
v 0.001528 0.007795 -0.000652
v 0.002410 0.007949 0.004527
v 0.001581 0.008158 0.010535
v 0.001427 0.008191 0.011629
v 0.001393 0.006682 0.011646
v 0.001496 0.005074 0.011646
v 0.001496 0.001977 0.011646
v 0.001393 0.000331 0.011646
v 0.001055 -0.000957 0.011629
v 0.001178 -0.001289 0.010535
v 0.001838 -0.002166 0.004527
v 0.001136 -0.002518 -0.000652
v 0.001056 -0.001062 -0.004236
v 0.001580 -0.000403 -0.007975
v 0.001661 -0.000391 -0.008873
v 0.001662 -0.001237 -0.009090
v 0.001659 -0.002194 -0.009364
v 0.001658 -0.003032 -0.009211
v 0.001657 -0.003849 -0.009224
v 0.001658 -0.004662 -0.009523
v 0.001659 -0.005675 -0.009733
v 0.001662 -0.007657 -0.009767
v 0.001479 -0.008300 -0.009764
v -0.002279 -0.008300 -0.009764
v -0.002462 -0.007656 -0.009772
v -0.002459 -0.005675 -0.009749
v -0.002458 -0.004661 -0.009533
v -0.002457 -0.003848 -0.009226
v -0.002457 -0.003031 -0.009212
v -0.002459 -0.002194 -0.009364
v -0.002462 -0.001237 -0.009090
v -0.002461 -0.000391 -0.008873
v -0.002380 -0.000403 -0.007975
v -0.001856 -0.001062 -0.004236
v -0.001936 -0.002518 -0.000652
v -0.002638 -0.002166 0.004527
v -0.001978 -0.001289 0.010535
v -0.001855 -0.000957 0.011629
v -0.002193 0.000331 0.011646
v -0.002296 0.001977 0.011646
v -0.002296 0.005074 0.011646
v -0.002193 0.006682 0.011646
v -0.002227 0.008191 0.011629
v -0.002381 0.008158 0.010535
v -0.003210 0.007949 0.004527
v -0.002328 0.007795 -0.000652
v -0.002143 0.007647 -0.003979
v -0.002256 0.007757 -0.007581
v -0.002284 0.007857 -0.008267
v 0.000173 0.003087 -0.015194
v 0.000157 0.002116 -0.015732
v 0.000145 0.001302 -0.016317
v 0.000173 -0.000146 -0.017204
v 0.000177 -0.001201 -0.017687
v 0.000178 -0.002192 -0.018087
v 0.000178 -0.003039 -0.018273
v 0.000178 -0.003860 -0.018406
v 0.000178 -0.004667 -0.018429
v 0.000178 -0.005534 -0.018347
v 0.000175 -0.006640 -0.017816
v 0.000216 -0.007014 -0.017434
v 0.000445 -0.007354 -0.015477
v 0.000349 -0.008217 -0.010774
v 0.000228 -0.008344 -0.009680
v 0.000008 -0.008262 -0.008904
v -0.000027 -0.007623 -0.008766
v -0.000028 -0.005672 -0.008719
v -0.000028 -0.004667 -0.008500
v -0.000028 -0.003858 -0.008195
v -0.000028 -0.003037 -0.008192
v -0.000028 -0.002196 -0.008356
v -0.000027 -0.001241 -0.008084
v -0.000027 -0.000399 -0.007879
v 0.000091 -0.000410 -0.007185
v -0.000073 0.006697 0.011646
v -0.000073 0.008191 0.011629
v -0.000045 0.008158 0.010535
v 0.000104 0.007949 0.004527
v -0.000055 0.007795 -0.000652
v -0.000087 0.007647 -0.003864
v -0.000065 0.007757 -0.006768
v -0.000063 0.007796 -0.007371
v 0.000064 0.008247 -0.007581
v 0.000050 0.008293 -0.008225
v 0.000051 0.008293 -0.009161
v 0.000057 0.008293 -0.012840
v 0.000244 0.008275 -0.014410
v 0.000105 0.007779 -0.014700
v 0.000268 0.004788 -0.015754
v 0.000226 0.004722 -0.015545
v 0.000205 0.004245 -0.015386
v -0.000973 0.003087 -0.015194
v -0.000956 0.002115 -0.015732
v -0.000944 0.001302 -0.016317
v -0.000973 -0.000147 -0.017204
v -0.000977 -0.001201 -0.017687
v -0.000978 -0.002192 -0.018087
v -0.000978 -0.003039 -0.018273
v -0.000978 -0.003860 -0.018406
v -0.000978 -0.004667 -0.018429
v -0.000978 -0.005534 -0.018347
v -0.000975 -0.006640 -0.017816
v -0.001015 -0.007014 -0.017434
v -0.001245 -0.007354 -0.015477
v -0.001149 -0.008217 -0.010774
v -0.001028 -0.008344 -0.009680
v -0.000808 -0.008262 -0.008904
v -0.000773 -0.007623 -0.008766
v -0.000772 -0.005672 -0.008719
v -0.000772 -0.004667 -0.008500
v -0.000772 -0.003858 -0.008195
v -0.000772 -0.003037 -0.008192
v -0.000772 -0.002196 -0.008356
v -0.000773 -0.001241 -0.008084
v -0.000773 -0.000399 -0.007879
v -0.000891 -0.000410 -0.007185
v -0.000727 0.006697 0.011646
v -0.000727 0.008191 0.011629
v -0.000755 0.008158 0.010535
v -0.000904 0.007949 0.004527
v -0.000745 0.007795 -0.000652
v -0.000713 0.007647 -0.003864
v -0.000735 0.007757 -0.006768
v -0.000737 0.007796 -0.007371
v -0.000864 0.008247 -0.007581
v -0.000850 0.008293 -0.008225
v -0.000850 0.008293 -0.009161
v -0.000857 0.008293 -0.012840
v -0.001044 0.008275 -0.014410
v -0.000905 0.007779 -0.014700
v -0.001068 0.004788 -0.015754
v -0.001026 0.004722 -0.015545
v -0.001005 0.004245 -0.015386
v -0.000071 0.007799 -0.012871
v -0.000076 0.007803 -0.009161
v -0.000084 0.007803 -0.008214
v -0.000716 0.007803 -0.008214
v -0.000724 0.007803 -0.009161
v -0.000729 0.007799 -0.012871
v -0.001938 0.008348 -0.012801
v -0.001669 0.008348 -0.009167
v -0.001582 0.008348 -0.008298
v 0.001138 0.008348 -0.012801
v 0.000869 0.008348 -0.009167
v 0.000782 0.008348 -0.008298
v 0.000294 0.008348 -0.012828
v 0.000241 0.008348 -0.009162
v 0.000229 0.008348 -0.008243
v 0.000268 0.008286 -0.007573
v -0.001094 0.008348 -0.012828
v -0.001041 0.008348 -0.009162
v -0.001028 0.008348 -0.008243
v -0.001068 0.008286 -0.007573
v 0.000039 0.007944 -0.012865
v 0.000033 0.007948 -0.009161
v 0.000025 0.007948 -0.008217
v 0.000043 0.007937 -0.007460
v -0.000838 0.007944 -0.012865
v -0.000833 0.007948 -0.009161
v -0.000825 0.007948 -0.008217
v -0.000843 0.007937 -0.007460
v -0.002725 0.007444 -0.009084
v -0.002622 0.007440 -0.007761
v -0.002458 0.007394 -0.004005
v -0.002670 0.007553 -0.000652
v -0.003709 0.007713 0.004527
v -0.002733 0.007940 0.010535
v -0.002520 0.007982 0.011629
v -0.002225 0.007983 0.011646
v -0.001481 0.007983 0.011646
v -0.000727 0.007983 0.011646
v -0.000073 0.007983 0.011646
v 0.000681 0.007983 0.011646
v 0.001425 0.007983 0.011646
v 0.001720 0.007982 0.011629
v 0.001933 0.007940 0.010535
v 0.002909 0.007713 0.004527
v 0.001870 0.007553 -0.000652
v 0.001658 0.007394 -0.004005
v 0.001822 0.007440 -0.007761
v 0.001925 0.007444 -0.009084
v 0.002164 0.007370 -0.012905
v 0.001350 0.007328 -0.014413
v 0.000145 0.007320 -0.014862
v -0.000945 0.007320 -0.014862
v -0.002149 0.007328 -0.014413
v -0.002964 0.007370 -0.012905
v 0.001042 0.008348 -0.013892
v 0.000306 0.008348 -0.014126
v 0.000086 0.008288 -0.014209
v 0.000077 0.007912 -0.014389
v -0.000041 0.007768 -0.014427
v -0.000759 0.007768 -0.014427
v -0.000877 0.007912 -0.014389
v -0.000886 0.008288 -0.014209
v -0.001106 0.008348 -0.014126
v -0.001841 0.008348 -0.013892
v 0.001884 0.006442 0.011646
v 0.002917 0.006441 0.011629
v 0.003084 0.006384 0.010535
v 0.003073 0.006074 0.004527
v 0.001871 0.005917 -0.000187
v 0.001380 0.005916 -0.000204
v -0.000400 0.005916 -0.000204
v -0.002180 0.005916 -0.000204
v -0.002671 0.005917 -0.000187
v -0.003873 0.006074 0.004527
v -0.003884 0.006384 0.010535
v -0.003717 0.006441 0.011629
v -0.002684 0.006442 0.011646
v -0.002296 0.006442 0.011646
v 0.001496 0.006442 0.011646
v 0.002164 0.005765 -0.008795
v 0.002017 0.005869 -0.007450
v 0.001685 0.006143 -0.003961
v 0.001870 0.006353 -0.000652
v 0.002909 0.006544 0.004527
v 0.001933 0.006863 0.010535
v 0.001720 0.006921 0.011629
v 0.001425 0.006922 0.011646
v 0.000681 0.006922 0.011646
v -0.000073 0.006922 0.011646
v -0.000727 0.006922 0.011646
v -0.001481 0.006922 0.011646
v -0.002225 0.006922 0.011646
v -0.002520 0.006921 0.011629
v -0.002733 0.006863 0.010535
v -0.003709 0.006544 0.004527
v -0.002670 0.006353 -0.000652
v -0.002485 0.006143 -0.003961
v -0.002817 0.005869 -0.007450
v -0.002964 0.005765 -0.008795
v -0.003255 0.005438 -0.013149
v -0.002465 0.005255 -0.015068
v -0.001053 0.005219 -0.015630
v 0.000253 0.005219 -0.015630
v 0.001665 0.005255 -0.015068
v 0.002455 0.005438 -0.013149
v 0.002097 0.000972 -0.009378
v 0.001943 0.000899 -0.007700
v 0.001675 0.000579 -0.003992
v 0.001870 0.000244 -0.000652
v 0.002909 0.000167 0.004527
v 0.001933 0.000098 0.010535
v 0.001720 0.000086 0.011629
v 0.001054 0.000086 0.011646
v -0.001854 0.000086 0.011646
v -0.002520 0.000086 0.011629
v -0.002733 0.000098 0.010535
v -0.003709 0.000167 0.004527
v -0.002670 0.000244 -0.000652
v -0.002474 0.000579 -0.003992
v -0.002743 0.000899 -0.007700
v -0.002897 0.000968 -0.009380
v -0.003173 0.000944 -0.014358
v -0.002188 0.000973 -0.016064
v -0.000947 0.000980 -0.016529
v 0.000148 0.000980 -0.016529
v 0.001389 0.000978 -0.016061
v 0.002373 0.000971 -0.014342
v 0.002917 0.000616 0.011629
v 0.001884 0.000615 0.011646
v 0.001496 0.000615 0.011646
v -0.002296 0.000615 0.011646
v -0.002684 0.000615 0.011646
v -0.003717 0.000616 0.011629
v -0.003884 0.000656 0.010535
v -0.003873 0.000874 0.004527
v -0.002671 0.000998 -0.000187
v -0.002180 0.000999 -0.000204
v -0.000400 0.000999 -0.000204
v 0.001380 0.000999 -0.000204
v 0.001871 0.000998 -0.000187
v 0.003073 0.000874 0.004527
v 0.003084 0.000656 0.010535
v 0.002038 0.007830 0.000337
v 0.002074 0.007594 0.000337
v 0.002074 0.006396 0.000337
v 0.002074 0.006138 0.000337
v 0.002074 0.005932 0.000337
v 0.002074 0.004789 0.000337
v 0.002074 0.002160 0.000337
v 0.002074 0.000986 0.000337
v 0.002074 0.000722 0.000337
v 0.002074 0.000193 0.000337
v 0.002038 -0.002265 0.000337
v 0.001274 -0.002672 0.000337
v -0.002073 -0.002672 0.000337
v -0.002838 -0.002265 0.000337
v -0.002874 0.000193 0.000337
v -0.002874 0.000722 0.000337
v -0.002874 0.000986 0.000337
v -0.002874 0.002160 0.000337
v -0.002874 0.004789 0.000337
v -0.002874 0.005932 0.000337
v -0.002874 0.006138 0.000337
v -0.002874 0.006396 0.000337
v -0.002874 0.007594 0.000337
v -0.002838 0.007830 0.000337
v -0.002501 0.007836 0.000337
v -0.001645 0.007836 0.000337
v -0.000776 0.007836 0.000337
v -0.000023 0.007836 0.000337
v 0.000845 0.007836 0.000337
v 0.001701 0.007836 0.000337
v 0.002879 0.006217 0.002911
v 0.002879 0.006473 0.002911
v 0.002879 0.007660 0.002911
v 0.002830 0.007893 0.002911
v 0.002384 0.007899 0.002911
v 0.001250 0.007899 0.002911
v 0.000099 0.007899 0.002911
v -0.000899 0.007899 0.002911
v -0.002050 0.007899 0.002911
v -0.003184 0.007899 0.002911
v -0.003630 0.007893 0.002911
v -0.003679 0.007660 0.002911
v -0.003679 0.006473 0.002911
v -0.003679 0.006217 0.002911
v -0.003679 0.006005 0.002911
v -0.003679 0.004829 0.002911
v -0.003679 0.002129 0.002911
v -0.003679 0.000925 0.002911
v -0.003679 0.000656 0.002911
v -0.003679 0.000181 0.002911
v -0.003630 -0.002018 0.002911
v -0.002618 -0.002382 0.002911
v 0.001818 -0.002382 0.002911
v 0.002830 -0.002018 0.002911
v 0.002879 0.000181 0.002911
v 0.002879 0.000656 0.002911
v 0.002879 0.000925 0.002911
v 0.002879 0.002129 0.002911
v 0.002879 0.004829 0.002911
v 0.002879 0.006005 0.002911
v 0.000748 0.007692 0.008748
v -0.001548 0.007692 0.008748
v 0.000748 0.007692 0.001372
v -0.001548 0.007692 0.001372
v -0.000400 0.007980 0.008748
v -0.000400 0.008308 0.001275
v -0.000400 0.007692 -0.000483
v 0.000072 0.007980 0.008748
v 0.000072 0.007692 -0.000483
v -0.000872 0.007980 0.008748
v -0.000872 0.007692 -0.000483
v 0.000746 0.007888 0.008748
v 0.000724 0.007956 0.008748
v 0.000605 0.007977 0.008748
v 0.000609 0.008347 0.001322
v 0.000724 0.008323 0.001369
v 0.000747 0.008241 0.000969
v -0.001405 0.007977 0.008748
v -0.001524 0.007956 0.008748
v -0.001546 0.007888 0.008748
v -0.001547 0.008241 0.000969
v -0.001524 0.008323 0.001369
v -0.001409 0.008347 0.001322
v 0.000605 0.007692 -0.000481
v 0.000724 0.007692 -0.000459
v 0.000746 0.007692 -0.000312
v 0.000746 0.008293 -0.000322
v 0.000724 0.008304 -0.000459
v 0.000604 0.008307 -0.000481
v -0.001404 0.008307 -0.000481
v -0.001524 0.008304 -0.000459
v -0.001546 0.008293 -0.000322
v -0.001546 0.007692 -0.000312
v -0.001524 0.007692 -0.000459
v -0.001405 0.007692 -0.000481
v -0.000400 0.008212 -0.000481
v -0.000400 0.008326 -0.000459
v -0.000400 0.008348 -0.000307
v -0.000873 0.008422 -0.000465
v -0.000796 0.008360 -0.000348
v -0.000795 0.008330 -0.000462
v -0.000816 0.008224 -0.000481
v -0.000963 0.008341 -0.000483
v 0.000073 0.008422 -0.000465
v 0.000163 0.008341 -0.000483
v 0.000016 0.008224 -0.000481
v -0.000005 0.008330 -0.000462
v -0.000004 0.008360 -0.000348
v -0.000871 0.008392 0.000273
v -0.000975 0.008384 0.000542
v -0.000854 0.008307 0.001414
v -0.000759 0.008341 0.000613
v -0.000835 0.008384 0.000109
v -0.001037 0.008620 -0.000226
v -0.000952 0.008645 -0.000351
v -0.000928 0.008585 -0.000400
v -0.001523 0.008631 -0.000307
v -0.001414 0.008652 -0.000302
v -0.001408 0.008686 -0.000452
v -0.001403 0.008611 -0.000477
v -0.001523 0.008608 -0.000456
v -0.001543 0.008563 -0.000322
v 0.000071 0.008392 0.000273
v 0.000035 0.008384 0.000109
v -0.000041 0.008341 0.000613
v 0.000055 0.008307 0.001414
v 0.000175 0.008384 0.000542
v 0.000128 0.008585 -0.000400
v 0.000152 0.008645 -0.000351
v 0.000237 0.008620 -0.000226
v 0.000608 0.008686 -0.000452
v 0.000614 0.008652 -0.000302
v 0.000723 0.008631 -0.000307
v 0.000744 0.008563 -0.000322
v 0.000723 0.008608 -0.000456
v 0.000603 0.008611 -0.000477
v -0.000863 0.008358 -0.000478
v 0.000063 0.008358 -0.000478
v -0.000843 0.008350 0.000436
v -0.001513 0.008673 -0.000444
v 0.000043 0.008350 0.000436
v 0.000714 0.008673 -0.000444
v 0.001132 -0.004190 0.008424
v 0.001132 -0.004439 0.002948
v 0.001807 -0.001049 0.009082
v 0.001807 -0.002266 0.000254
v -0.002607 -0.001049 0.009082
v -0.002607 -0.002266 0.000254
v -0.001932 -0.004190 0.008424
v -0.001932 -0.004439 0.002948
v 0.001803 -0.002051 0.009045
v 0.001673 -0.003383 0.008939
v -0.002473 -0.003383 0.008939
v -0.002603 -0.002051 0.009045
v -0.002473 -0.003923 0.001870
v -0.002603 -0.002919 0.000633
v 0.001673 -0.003923 0.001870
v 0.001803 -0.002919 0.000633
v 0.001374 -0.004407 0.005212
v 0.002187 -0.003701 0.004700
v 0.002432 -0.002562 0.004015
v 0.002451 -0.001766 0.003807
v -0.003251 -0.001766 0.003807
v -0.003232 -0.002562 0.004015
v -0.002987 -0.003701 0.004700
v -0.002173 -0.004407 0.005212
v -0.001857 -0.002332 -0.000204
v -0.001857 -0.002966 0.000197
v -0.001782 -0.003952 0.001506
v -0.001378 -0.004506 0.002807
v -0.001550 -0.004498 0.005280
v -0.001378 -0.004264 0.008844
v -0.001782 -0.003335 0.009585
v -0.001857 -0.001974 0.009811
v -0.001857 -0.000940 0.009885
v 0.001057 -0.002332 -0.000204
v 0.001057 -0.002966 0.000197
v 0.000982 -0.003952 0.001506
v 0.000579 -0.004506 0.002807
v 0.000751 -0.004498 0.005280
v 0.000579 -0.004264 0.008844
v 0.000982 -0.003335 0.009585
v 0.001057 -0.001974 0.009811
v 0.001057 -0.000940 0.009885
v 0.003065 0.000078 0.018455
v 0.003048 0.000337 0.012005
v 0.003065 0.007276 0.018455
v 0.003048 0.006672 0.011923
v -0.003865 0.007276 0.018455
v -0.003848 0.006672 0.011923
v -0.003865 0.000078 0.018455
v -0.003848 0.000337 0.012005
v 0.003072 0.000128 0.016891
v 0.003072 0.007171 0.016891
v -0.003872 0.007171 0.016891
v -0.003872 0.000128 0.016891
v -0.002551 0.007286 0.018466
v -0.002551 0.000067 0.018466
v -0.002550 0.000030 0.016893
v -0.002552 0.000059 0.011991
v -0.002552 0.006722 0.011923
v -0.002550 0.007195 0.016893
v 0.001751 0.007286 0.018466
v 0.001751 0.000067 0.018466
v 0.001751 0.000030 0.016893
v 0.001752 0.000059 0.011991
v 0.001752 0.006722 0.011923
v 0.001751 0.007195 0.016893
v 0.001714 -0.000504 0.016869
v 0.001706 -0.001052 0.011926
v -0.002514 -0.000504 0.016869
v -0.002506 -0.001052 0.011926
v 0.001714 0.007563 0.016869
v -0.002514 0.007563 0.016869
v 0.001706 0.008108 0.011923
v -0.002506 0.008108 0.011923
v 0.001523 0.000253 0.011783
v 0.002788 0.000513 0.011784
v 0.001523 0.006509 0.011777
v 0.002788 0.006463 0.011777
v -0.002323 0.000253 0.011783
v -0.002323 0.006509 0.011777
v -0.003588 0.000513 0.011784
v -0.003588 0.006463 0.011777
v 0.001479 -0.000800 0.011777
v -0.002279 -0.000800 0.011777
v -0.002279 0.007854 0.011777
v 0.001479 0.007854 0.011777
v 0.001502 0.000271 0.011344
v 0.002764 0.000529 0.011344
v 0.001502 0.006490 0.011344
v 0.002764 0.006444 0.011344
v -0.002302 0.000271 0.011344
v -0.002302 0.006490 0.011344
v -0.003564 0.000529 0.011344
v -0.003564 0.006444 0.011344
v 0.001458 -0.000776 0.011344
v -0.002258 -0.000776 0.011344
v -0.002258 0.007831 0.011344
v 0.001458 0.007831 0.011344
v 0.002776 0.003531 0.011344
v 0.002800 0.003531 0.013634
v 0.003060 0.003531 0.014289
v 0.003084 0.003531 0.016899
v 0.003072 0.003532 0.018466
v 0.001751 0.003532 0.018484
v -0.002551 0.003532 0.018484
v -0.003872 0.003532 0.018466
v -0.003884 0.003531 0.016899
v -0.003860 0.003531 0.014289
v -0.003600 0.003531 0.013634
v -0.003576 0.003531 0.011344
v -0.003576 0.005248 0.011344
v -0.003600 0.005248 0.013135
v -0.003860 0.005248 0.013653
v -0.003884 0.005250 0.016897
v -0.003872 0.005250 0.018466
v -0.002551 0.005250 0.018484
v 0.001751 0.005250 0.018484
v 0.003072 0.005250 0.018466
v 0.003084 0.005250 0.016897
v 0.003060 0.005248 0.013653
v 0.002800 0.005248 0.013135
v 0.002776 0.005248 0.011344
v -0.003576 0.005997 0.011344
v -0.003600 0.005998 0.012027
v -0.003860 0.006004 0.012242
v -0.003884 0.006020 0.016892
v -0.003872 0.006023 0.018466
v -0.002551 0.006024 0.018484
v 0.001751 0.006024 0.018484
v 0.003072 0.006023 0.018466
v 0.003084 0.006020 0.016892
v 0.003060 0.006004 0.012242
v 0.002800 0.005998 0.012027
v 0.002776 0.005997 0.011344
v 0.002776 0.001814 0.011344
v 0.002800 0.001814 0.013135
v 0.003060 0.001814 0.013653
v 0.003084 0.001814 0.016897
v 0.003072 0.001814 0.018466
v 0.001751 0.001814 0.018484
v -0.002551 0.001814 0.018484
v -0.003872 0.001814 0.018466
v -0.003884 0.001814 0.016897
v -0.003860 0.001814 0.013653
v -0.003600 0.001814 0.013135
v -0.003576 0.001814 0.011344
v 0.002776 0.001062 0.011344
v 0.002800 0.001062 0.012028
v 0.003060 0.001057 0.012244
v 0.003084 0.001050 0.016892
v 0.003072 0.001049 0.018466
v 0.001751 0.001049 0.018484
v -0.002551 0.001049 0.018484
v -0.003872 0.001049 0.018466
v -0.003884 0.001050 0.016892
v -0.003860 0.001057 0.012244
v -0.003600 0.001062 0.012028
v -0.003576 0.001062 0.011344
v 0.001638 0.000156 0.011935
v 0.002918 0.000425 0.011943
v 0.002930 0.001059 0.012220
v 0.002930 0.001814 0.013637
v 0.002930 0.003531 0.014276
v 0.002930 0.005248 0.013637
v 0.002930 0.006001 0.012219
v 0.002918 0.006566 0.011899
v 0.001638 0.006614 0.011898
v 0.001592 0.007982 0.011898
v -0.002392 0.007982 0.011898
v -0.002438 0.006614 0.011898
v -0.003718 0.006566 0.011899
v -0.003730 0.006001 0.012219
v -0.003730 0.005248 0.013637
v -0.003730 0.003531 0.014276
v -0.003730 0.001814 0.013637
v -0.003730 0.001059 0.012220
v -0.003718 0.000425 0.011943
v -0.002438 0.000156 0.011935
v -0.002392 -0.000927 0.011900
v 0.001592 -0.000927 0.011900
v -0.003576 0.006367 0.011344
v -0.003600 0.006382 0.011781
v -0.003730 0.006463 0.011903
v -0.003860 0.006546 0.011928
v -0.003884 0.006939 0.016891
v -0.003872 0.007029 0.018466
v -0.002551 0.007030 0.018484
v 0.001751 0.007030 0.018484
v 0.003072 0.007029 0.018466
v 0.003084 0.006939 0.016891
v 0.003060 0.006546 0.011928
v 0.002930 0.006463 0.011903
v 0.002800 0.006382 0.011781
v 0.002776 0.006367 0.011344
v 0.002776 0.000635 0.011344
v 0.002800 0.000622 0.011787
v 0.002930 0.000556 0.011938
v 0.003060 0.000488 0.011991
v 0.003084 0.000329 0.016891
v 0.003072 0.000282 0.018466
v 0.001751 0.000281 0.018484
v -0.002551 0.000281 0.018484
v -0.003872 0.000282 0.018466
v -0.003884 0.000329 0.016891
v -0.003860 0.000488 0.011991
v -0.003730 0.000556 0.011938
v -0.003600 0.000622 0.011787
v -0.003576 0.000635 0.011344
v 0.002776 0.006198 0.011344
v 0.002800 0.006204 0.011789
v 0.002930 0.006237 0.011913
v 0.003060 0.006270 0.011938
v 0.003084 0.006426 0.016891
v 0.003072 0.006462 0.018466
v 0.001751 0.006462 0.018484
v -0.002551 0.006462 0.018484
v -0.003872 0.006462 0.018466
v -0.003884 0.006426 0.016891
v -0.003860 0.006270 0.011938
v -0.003730 0.006237 0.011913
v -0.003600 0.006204 0.011789
v -0.003576 0.006198 0.011344
v -0.003576 0.000840 0.011344
v -0.003600 0.000835 0.011791
v -0.003730 0.000809 0.011927
v -0.003860 0.000782 0.011963
v -0.003884 0.000719 0.016891
v -0.003872 0.000700 0.018466
v -0.002551 0.000700 0.018484
v 0.001751 0.000700 0.018484
v 0.003072 0.000700 0.018466
v 0.003084 0.000719 0.016891
v 0.003060 0.000782 0.011963
v 0.002930 0.000809 0.011927
v 0.002800 0.000835 0.011791
v 0.002776 0.000840 0.011344
v -0.002551 0.007205 0.017116
v -0.003884 0.006952 0.017116
v -0.003872 0.007188 0.017116
v -0.003884 0.006020 0.017116
v -0.003884 0.005250 0.017116
v -0.003884 0.003531 0.017117
v -0.003884 0.001814 0.017116
v -0.003884 0.001050 0.017116
v -0.003884 0.000322 0.017116
v -0.003872 0.000119 0.017116
v -0.002551 0.000097 0.017116
v 0.000983 -0.000840 0.011777
v 0.000967 -0.000816 0.011344
v 0.001527 -0.000854 0.011890
v 0.001066 -0.000969 0.011898
v 0.001657 -0.001000 0.011903
v 0.001149 -0.001095 0.011923
v 0.001724 -0.001000 0.012580
v 0.001725 -0.000586 0.016236
v 0.001163 -0.000514 0.016878
v 0.001167 -0.000008 0.016908
v 0.001751 0.000097 0.017116
v 0.001751 0.000058 0.018245
v 0.001167 0.000067 0.018466
v 0.001167 0.000281 0.018484
v 0.001751 0.000118 0.018482
v 0.001167 0.007030 0.018484
v 0.001751 0.007236 0.018482
v 0.001167 0.007286 0.018466
v 0.001751 0.007286 0.018245
v 0.001751 0.007205 0.017116
v 0.001167 0.007200 0.016908
v 0.001163 0.007571 0.016878
v 0.001149 0.008164 0.011923
v 0.001066 0.008038 0.011898
v 0.000983 0.007909 0.011777
v 0.000967 0.007885 0.011344
v -0.002299 -0.000581 0.011778
v -0.002278 -0.000559 0.011344
v -0.002414 -0.000702 0.011907
v -0.002528 -0.000822 0.011939
v -0.002527 -0.000407 0.016879
v 0.001727 -0.000407 0.016879
v 0.001728 -0.000822 0.011939
v 0.001614 -0.000702 0.011907
v 0.001499 -0.000581 0.011778
v 0.001478 -0.000559 0.011344
v -0.003600 0.006117 0.011816
v -0.003576 0.006115 0.011344
v -0.003655 0.006218 0.011904
v -0.003730 0.006128 0.011948
v -0.003804 0.006255 0.011916
v -0.003860 0.006140 0.011972
v -0.003882 0.006295 0.012590
v -0.003884 0.006406 0.016240
v -0.003884 0.006194 0.016891
v -0.003884 0.006431 0.017116
v -0.003883 0.006457 0.018245
v -0.003872 0.006206 0.018466
v 0.002896 0.006462 0.018482
v 0.003072 0.006206 0.018466
v 0.003083 0.006457 0.018245
v 0.003084 0.006431 0.017116
v 0.003084 0.006194 0.016891
v 0.003084 0.006406 0.016240
v 0.003082 0.006295 0.012590
v 0.003060 0.006140 0.011972
v 0.002930 0.006128 0.011948
v 0.003005 0.006255 0.011916
v 0.002800 0.006117 0.011816
v 0.002855 0.006218 0.011904
v 0.002776 0.006115 0.011344
v 0.001717 0.006473 0.011777
v 0.001695 0.006453 0.011344
v 0.001834 0.006577 0.011898
v 0.001951 0.006684 0.011923
v 0.001971 0.007188 0.016891
v 0.001970 0.007286 0.018466
v 0.001970 0.007030 0.018484
v 0.001970 0.000067 0.018466
v 0.001970 0.000281 0.018484
v 0.001971 0.000106 0.016891
v 0.001951 0.000306 0.012005
v 0.001834 0.000397 0.011943
v 0.001717 0.000487 0.011784
v 0.001695 0.000503 0.011344
v -0.003417 0.006468 0.011777
v -0.003393 0.006449 0.011344
v -0.003545 0.006572 0.011898
v -0.003673 0.006679 0.011923
v -0.003696 0.007185 0.016891
v -0.003695 0.007285 0.018464
v -0.003696 0.007030 0.018482
v -0.003696 0.006024 0.018482
v -0.003696 0.006462 0.018482
v -0.003696 0.005250 0.018482
v -0.003696 0.003532 0.018482
v -0.003696 0.001814 0.018482
v -0.003696 0.001049 0.018482
v -0.003695 0.000068 0.018464
v -0.003696 0.000281 0.018482
v -0.003696 0.000112 0.016891
v -0.003673 0.000325 0.012006
v -0.003545 0.000415 0.011944
v -0.003417 0.000504 0.011784
v -0.003393 0.000521 0.011344
v 0.002800 0.000937 0.011816
v 0.002776 0.000939 0.011344
v 0.002855 0.000824 0.011912
v 0.002930 0.000928 0.011952
v 0.003005 0.000794 0.011936
v 0.003060 0.000918 0.011981
v 0.003082 0.000770 0.012614
v 0.003084 0.000727 0.016244
v 0.003084 0.000897 0.016891
v 0.003084 0.000716 0.017116
v 0.003083 0.000703 0.018245
v 0.003072 0.000890 0.018466
v 0.002896 0.000700 0.018482
v -0.003696 0.000700 0.018482
v -0.003872 0.000890 0.018466
v -0.003883 0.000703 0.018245
v -0.003884 0.000716 0.017116
v -0.003884 0.000897 0.016891
v -0.003884 0.000727 0.016244
v -0.003882 0.000770 0.012614
v -0.003860 0.000918 0.011981
v -0.003730 0.000928 0.011952
v -0.003804 0.000794 0.011936
v -0.003600 0.000937 0.011816
v -0.003655 0.000824 0.011912
v -0.003576 0.000939 0.011344
v -0.002517 0.000487 0.011784
v -0.002495 0.000503 0.011344
v -0.002634 0.000397 0.011943
v -0.002751 0.000306 0.012005
v -0.002771 0.000106 0.016891
v -0.002770 0.000067 0.018466
v -0.002770 0.000281 0.018484
v -0.002770 0.007030 0.018484
v -0.002770 0.007286 0.018466
v -0.002771 0.007188 0.016891
v -0.002751 0.006684 0.011923
v -0.002634 0.006577 0.011898
v -0.002517 0.006473 0.011777
v -0.002495 0.006453 0.011344
v 0.001970 0.006462 0.018484
v 0.001751 0.006207 0.018484
v 0.001970 0.006024 0.018484
v 0.001751 0.005742 0.018484
v 0.001970 0.005250 0.018484
v 0.001751 0.004471 0.018484
v 0.001970 0.003532 0.018484
v 0.001751 0.002593 0.018484
v 0.001970 0.001814 0.018484
v 0.001751 0.001322 0.018484
v 0.001970 0.001049 0.018484
v 0.001751 0.000890 0.018484
v 0.001970 0.000700 0.018484
v 0.001167 0.000700 0.018484
v 0.001167 0.001049 0.018484
v 0.001167 0.001814 0.018484
v 0.001167 0.003532 0.018484
v 0.001167 0.005250 0.018484
v 0.001167 0.006024 0.018484
v 0.001167 0.006462 0.018484
v -0.001967 0.006462 0.018484
v -0.001967 0.006024 0.018484
v -0.002551 0.006207 0.018484
v -0.001967 0.005250 0.018484
v -0.002551 0.005742 0.018484
v -0.002551 0.004471 0.018484
v -0.001967 0.003532 0.018484
v -0.002551 0.002593 0.018484
v -0.001967 0.001814 0.018484
v -0.002551 0.001322 0.018484
v -0.001967 0.001049 0.018484
v -0.002551 0.000890 0.018484
v -0.001967 0.000700 0.018484
v -0.002770 0.000700 0.018484
v -0.002770 0.001049 0.018484
v -0.002770 0.001814 0.018484
v -0.002770 0.003532 0.018484
v -0.002770 0.005250 0.018484
v -0.002770 0.006024 0.018484
v -0.002770 0.006462 0.018484
v 0.003071 0.000077 0.018244
v 0.003083 0.000289 0.018245
v 0.003071 0.000120 0.018464
v 0.003071 0.007269 0.018244
v 0.002896 0.007285 0.018464
v -0.003883 0.000289 0.018245
v -0.003871 0.000077 0.018244
v -0.003871 0.000120 0.018464
v 0.002896 0.000068 0.018464
v 0.002896 0.000281 0.018482
v 0.003084 0.000348 0.016248
v 0.003083 0.000176 0.016891
v 0.003072 0.000153 0.016250
v 0.002896 0.007185 0.016891
v 0.003072 0.007108 0.016238
v -0.003883 0.000176 0.016891
v -0.003884 0.000348 0.016248
v -0.003872 0.000153 0.016250
v 0.002896 0.000112 0.016891
v -0.001967 0.000067 0.018466
v -0.001967 0.000281 0.018484
v -0.002551 0.000118 0.018482
v -0.002551 0.000058 0.018245
v -0.001963 -0.000514 0.016878
v -0.002525 -0.000586 0.016236
v -0.001963 0.007571 0.016878
v -0.002525 0.007643 0.016236
v -0.002551 0.007286 0.018245
v -0.001967 0.007286 0.018466
v 0.001772 -0.000001 0.016248
v -0.001967 -0.000008 0.016908
v -0.002572 -0.000001 0.016248
v -0.001967 0.007200 0.016908
v -0.002529 0.007258 0.016880
v 0.001772 0.007138 0.016238
v 0.001729 0.007258 0.016880
v -0.002572 0.007138 0.016238
v 0.002617 0.000504 0.011784
v 0.002593 0.000521 0.011344
v 0.002617 0.006468 0.011777
v 0.002593 0.006449 0.011344
v 0.002799 0.000539 0.011785
v 0.002775 0.000554 0.011344
v -0.003599 0.000539 0.011785
v -0.003575 0.000554 0.011344
v -0.001783 -0.000840 0.011777
v -0.001767 -0.000816 0.011344
v -0.002301 0.006727 0.011777
v -0.002280 0.006707 0.011344
v -0.001783 0.007909 0.011777
v -0.001767 0.007885 0.011344
v 0.001501 0.006727 0.011777
v 0.001480 0.006707 0.011344
v 0.002799 0.006447 0.011778
v 0.002775 0.006429 0.011344
v 0.003083 0.007125 0.016891
v 0.003084 0.006889 0.016239
v 0.003083 0.007017 0.018245
v 0.003071 0.007234 0.018464
v 0.002896 0.007030 0.018482
v -0.001967 0.007030 0.018484
v -0.002551 0.007236 0.018482
v -0.003871 0.007269 0.018244
v -0.003883 0.007017 0.018245
v -0.003871 0.007234 0.018464
v -0.003884 0.006889 0.016239
v -0.003883 0.007125 0.016891
v -0.003872 0.007108 0.016238
v -0.003599 0.006447 0.011778
v -0.003575 0.006429 0.011344
v -0.003600 0.004469 0.013510
v -0.003576 0.004469 0.011344
v -0.003884 0.003531 0.016552
v -0.003884 0.004471 0.016899
v -0.003884 0.005250 0.016468
v -0.003883 0.005250 0.018245
v -0.003883 0.003532 0.018245
v -0.003872 0.004471 0.018466
v 0.002896 0.003532 0.018482
v 0.003072 0.004471 0.018466
v 0.002896 0.005250 0.018482
v 0.003083 0.003532 0.018245
v 0.003083 0.005250 0.018245
v 0.003084 0.005250 0.016468
v 0.003084 0.004471 0.016899
v 0.003084 0.003531 0.016552
v 0.002800 0.004469 0.013510
v 0.002776 0.004469 0.011344
v -0.003600 0.005738 0.012550
v -0.003576 0.005738 0.011344
v -0.003884 0.005742 0.016894
v -0.003884 0.006018 0.016280
v -0.003883 0.006023 0.018245
v -0.003872 0.005742 0.018466
v 0.003072 0.005742 0.018466
v 0.002896 0.006024 0.018482
v 0.003083 0.006023 0.018245
v 0.003084 0.006018 0.016280
v 0.003084 0.005742 0.016894
v 0.002800 0.005738 0.012550
v 0.002776 0.005738 0.011344
v 0.002800 0.002593 0.013510
v 0.002776 0.002593 0.011344
v 0.003084 0.002593 0.016899
v 0.003084 0.001814 0.016468
v 0.003083 0.001814 0.018245
v 0.003072 0.002593 0.018466
v 0.002896 0.001814 0.018482
v -0.003883 0.001814 0.018245
v -0.003872 0.002593 0.018466
v -0.003884 0.001814 0.016468
v -0.003884 0.002593 0.016899
v -0.003600 0.002593 0.013510
v -0.003576 0.002593 0.011344
v 0.002800 0.001324 0.012550
v 0.002776 0.001324 0.011344
v 0.003084 0.001322 0.016894
v 0.003084 0.001051 0.016281
v 0.003083 0.001049 0.018245
v 0.003072 0.001322 0.018466
v 0.002896 0.001049 0.018482
v -0.003883 0.001049 0.018245
v -0.003872 0.001322 0.018466
v -0.003884 0.001051 0.016281
v -0.003884 0.001322 0.016894
v -0.003600 0.001324 0.012550
v -0.003576 0.001324 0.011344
v 0.002745 0.000415 0.011944
v 0.002992 0.000375 0.011967
v 0.002873 0.000325 0.012006
v 0.002929 0.000457 0.011942
v 0.003005 0.000517 0.011957
v 0.003059 0.000373 0.012002
v 0.002930 0.001323 0.012888
v 0.003005 0.001814 0.013638
v 0.003060 0.001323 0.012908
v 0.003005 0.001058 0.012223
v 0.002930 0.002593 0.014116
v 0.003005 0.003531 0.014277
v 0.003060 0.002593 0.014130
v 0.002930 0.004470 0.014116
v 0.003005 0.005248 0.013638
v 0.003060 0.004470 0.014130
v 0.002930 0.005739 0.012888
v 0.003005 0.006003 0.012221
v 0.003060 0.005739 0.012908
v 0.003005 0.006510 0.011906
v 0.002929 0.006546 0.011899
v 0.002992 0.006626 0.011901
v 0.003059 0.006647 0.011924
v 0.002745 0.006572 0.011898
v 0.002873 0.006679 0.011923
v 0.001616 0.006836 0.011898
v 0.001730 0.006946 0.011923
v 0.001704 0.006675 0.011901
v -0.001866 0.008038 0.011898
v -0.002457 0.008056 0.011901
v -0.001949 0.008164 0.011923
v -0.002416 0.006836 0.011898
v -0.002504 0.006675 0.011901
v -0.002530 0.006946 0.011923
v -0.003729 0.006546 0.011899
v -0.003804 0.006510 0.011906
v -0.003859 0.006647 0.011924
v -0.003792 0.006626 0.011901
v -0.003730 0.005739 0.012888
v -0.003804 0.005248 0.013638
v -0.003860 0.005739 0.012908
v -0.003804 0.006003 0.012221
v -0.003730 0.004470 0.014116
v -0.003804 0.003531 0.014277
v -0.003860 0.004470 0.014130
v -0.003730 0.002593 0.014116
v -0.003804 0.001814 0.013638
v -0.003860 0.002593 0.014130
v -0.003730 0.001323 0.012888
v -0.003804 0.001058 0.012223
v -0.003860 0.001323 0.012908
v -0.003804 0.000517 0.011957
v -0.003729 0.000457 0.011942
v -0.003792 0.000375 0.011967
v -0.003859 0.000373 0.012002
v -0.002504 0.000101 0.011956
v -0.001866 -0.000969 0.011898
v -0.001949 -0.001095 0.011923
v -0.002457 -0.001000 0.011903
v 0.001704 0.000101 0.011956
v 0.002843 0.000476 0.011913
v 0.002855 0.000594 0.011913
v 0.002855 0.001814 0.013601
v 0.002855 0.001061 0.012206
v 0.002855 0.003531 0.014230
v 0.002855 0.005248 0.013601
v 0.002855 0.005999 0.012205
v 0.002855 0.006417 0.011894
v 0.002843 0.006507 0.011890
v 0.001572 0.006554 0.011890
v -0.002327 0.007909 0.011890
v -0.002372 0.006554 0.011890
v -0.003655 0.006417 0.011894
v -0.003643 0.006507 0.011890
v -0.003655 0.005248 0.013601
v -0.003655 0.005999 0.012205
v -0.003655 0.003531 0.014230
v -0.003655 0.001814 0.013601
v -0.003655 0.001061 0.012206
v -0.003655 0.000594 0.011913
v -0.003643 0.000476 0.011913
v -0.002372 0.000212 0.011909
v -0.002327 -0.000854 0.011890
v 0.001572 0.000212 0.011909
v 0.003082 0.000458 0.012640
v 0.003069 0.000297 0.012654
v 0.003082 0.001814 0.014080
v 0.003082 0.001055 0.012857
v 0.003082 0.003531 0.014632
v 0.003082 0.005249 0.014080
v 0.003082 0.006007 0.012854
v 0.003082 0.006610 0.012582
v 0.003069 0.006752 0.012578
v 0.001772 0.006800 0.012577
v -0.002524 0.008055 0.012577
v -0.002572 0.006800 0.012577
v -0.003882 0.006610 0.012582
v -0.003869 0.006752 0.012578
v -0.003882 0.005249 0.014080
v -0.003882 0.006007 0.012854
v -0.003882 0.003531 0.014632
v -0.003882 0.001814 0.014080
v -0.003882 0.001055 0.012857
v -0.003882 0.000458 0.012640
v -0.003869 0.000297 0.012654
v -0.002572 0.000036 0.012641
v -0.002524 -0.001000 0.012580
v 0.001772 0.000036 0.012641
v 0.001497 0.007599 0.011777
v 0.001476 0.007576 0.011344
v 0.001527 0.007909 0.011890
v 0.001611 0.007723 0.011898
v 0.001657 0.008056 0.011901
v 0.001726 0.007845 0.011923
v 0.001724 0.008055 0.012577
v 0.001725 0.007643 0.016236
v 0.001725 0.007500 0.016878
v -0.002525 0.007500 0.016878
v -0.002526 0.007845 0.011923
v -0.002411 0.007723 0.011898
v -0.002297 0.007599 0.011777
v -0.002276 0.007576 0.011344
v 0.003084 0.000322 0.017116
v 0.003072 0.000119 0.017116
v 0.003084 0.001050 0.017116
v 0.003084 0.001814 0.017116
v 0.003084 0.003531 0.017117
v 0.003084 0.005250 0.017116
v 0.003084 0.006020 0.017116
v 0.003084 0.006952 0.017116
v 0.003072 0.007188 0.017116
v 0.003082 0.000127 0.018245
v 0.002896 0.007284 0.018245
v -0.003882 0.000127 0.018245
v 0.002896 0.000060 0.018245
v 0.002896 0.000118 0.018480
v 0.003083 0.000200 0.016249
v 0.002896 0.007122 0.016238
v -0.003883 0.000200 0.016249
v 0.002896 0.000138 0.016250
v -0.001967 0.000118 0.018482
v -0.001967 0.000058 0.018245
v -0.001964 -0.000608 0.016237
v -0.001964 0.007663 0.016237
v -0.001967 0.007286 0.018245
v -0.001965 0.007259 0.016897
v 0.001749 0.007220 0.016237
v -0.002549 0.007220 0.016237
v 0.003083 0.007064 0.016238
v 0.003082 0.007219 0.018245
v 0.002896 0.007236 0.018480
v -0.001967 0.007236 0.018482
v -0.003882 0.007219 0.018245
v -0.003883 0.007064 0.016238
v -0.003884 0.004471 0.016531
v -0.003883 0.004471 0.018245
v 0.002896 0.004471 0.018482
v 0.003083 0.004471 0.018245
v 0.003084 0.004471 0.016531
v -0.003884 0.005741 0.016369
v -0.003883 0.005742 0.018245
v 0.002896 0.005742 0.018482
v 0.003083 0.005742 0.018245
v 0.003084 0.005741 0.016369
v 0.003084 0.002593 0.016531
v 0.003083 0.002593 0.018245
v 0.002896 0.002593 0.018482
v -0.003883 0.002593 0.018245
v -0.003884 0.002593 0.016531
v 0.003084 0.001323 0.016369
v 0.003083 0.001322 0.018245
v 0.002896 0.001322 0.018482
v -0.003883 0.001322 0.018245
v -0.003884 0.001323 0.016369
v 0.002818 0.000364 0.011968
v 0.003003 0.000409 0.011965
v 0.003005 0.001323 0.012890
v 0.003005 0.002593 0.014117
v 0.003005 0.004470 0.014117
v 0.003005 0.005739 0.012890
v 0.003003 0.006602 0.011902
v 0.002818 0.006633 0.011901
v 0.001682 0.006898 0.011901
v -0.001914 0.008111 0.011901
v -0.002482 0.006898 0.011901
v -0.003803 0.006602 0.011902
v -0.003804 0.005739 0.012890
v -0.003804 0.004470 0.014117
v -0.003804 0.002593 0.014117
v -0.003804 0.001323 0.012890
v -0.003803 0.000409 0.011965
v -0.001914 -0.001042 0.011901
v 0.002671 0.000466 0.011913
v 0.002854 0.000504 0.011913
v 0.002855 0.001324 0.012864
v 0.002855 0.002593 0.014073
v 0.002855 0.004469 0.014073
v 0.002855 0.005738 0.012864
v 0.002854 0.006489 0.011891
v 0.002671 0.006512 0.011890
v 0.001550 0.006773 0.011890
v -0.001818 0.007964 0.011890
v -0.002350 0.006773 0.011890
v -0.003654 0.006489 0.011891
v -0.003655 0.005738 0.012864
v -0.003655 0.004469 0.014073
v -0.003655 0.002593 0.014073
v -0.003655 0.001324 0.012864
v -0.003654 0.000504 0.011913
v -0.001818 -0.000895 0.011890
v 0.003080 0.000335 0.012651
v 0.003082 0.001323 0.013433
v 0.003082 0.002593 0.014494
v 0.003082 0.004470 0.014494
v 0.003082 0.005740 0.013433
v 0.003080 0.006724 0.012578
v 0.002894 0.006761 0.012577
v 0.001749 0.007003 0.012577
v -0.001963 0.008106 0.012577
v -0.002549 0.007003 0.012577
v -0.003880 0.006724 0.012578
v -0.003882 0.005740 0.013433
v -0.003882 0.004470 0.014494
v -0.003882 0.002593 0.014494
v -0.003882 0.001323 0.013433
v -0.003880 0.000335 0.012651
v -0.001963 -0.001039 0.012578
v 0.002894 0.000284 0.012655
v 0.001546 0.007652 0.011890
v 0.001677 0.007794 0.011901
v 0.001745 0.007817 0.012577
v 0.001745 0.007548 0.016237
v -0.001964 0.007500 0.016894
v -0.002545 0.007548 0.016237
v -0.002545 0.007817 0.012577
v -0.002477 0.007794 0.011901
v -0.002346 0.007652 0.011890
v 0.003083 0.000168 0.017116
v 0.003084 0.001322 0.017116
v 0.003084 0.002593 0.017116
v 0.003084 0.004471 0.017116
v 0.003084 0.005742 0.017116
v 0.003083 0.007141 0.017116
v 0.002896 0.007202 0.017116
v -0.001967 0.007205 0.017117
v -0.003883 0.007141 0.017116
v -0.003884 0.005742 0.017116
v -0.003884 0.004471 0.017116
v -0.003884 0.002593 0.017116
v -0.003884 0.001322 0.017116
v -0.003883 0.000168 0.017116
v -0.001967 0.000094 0.017117
v 0.002896 0.000103 0.017116
v 0.001018 -0.000895 0.011890
v 0.001114 -0.001042 0.011901
v 0.001163 -0.001039 0.012578
v 0.001164 -0.000608 0.016237
v 0.001167 0.000094 0.017117
v 0.001167 0.000058 0.018245
v 0.001167 0.000118 0.018482
v 0.001167 0.007236 0.018482
v 0.001167 0.007286 0.018245
v 0.001167 0.007205 0.017117
v 0.001165 0.007259 0.016897
v 0.001164 0.007500 0.016894
v 0.001164 0.007663 0.016237
v 0.001163 0.008106 0.012577
v 0.001114 0.008111 0.011901
v 0.001018 0.007964 0.011890
v -0.002348 -0.000633 0.011894
v -0.002479 -0.000772 0.011914
v -0.002547 -0.000785 0.012593
v -0.002547 -0.000466 0.016239
v -0.001965 -0.000408 0.016895
v 0.001165 -0.000408 0.016895
v 0.001747 -0.000466 0.016239
v 0.001747 -0.000785 0.012593
v 0.001679 -0.000772 0.011914
v 0.001548 -0.000633 0.011894
v -0.003655 0.006122 0.011938
v -0.003804 0.006135 0.011950
v -0.003882 0.006149 0.012620
v -0.003884 0.006187 0.016244
v -0.003884 0.006196 0.017116
v -0.003883 0.006205 0.018245
v 0.002896 0.006207 0.018482
v 0.003083 0.006205 0.018245
v 0.003084 0.006196 0.017116
v 0.003084 0.006187 0.016244
v 0.003082 0.006149 0.012620
v 0.003005 0.006135 0.011950
v 0.002855 0.006122 0.011938
v 0.001767 0.006517 0.011890
v 0.001901 0.006638 0.011901
v 0.001971 0.006766 0.012577
v 0.001972 0.007125 0.016238
v 0.001970 0.007204 0.017116
v 0.001970 0.007286 0.018245
v 0.001970 0.007236 0.018482
v 0.001970 0.000118 0.018482
v 0.001970 0.000058 0.018245
v 0.001970 0.000101 0.017116
v 0.001972 0.000127 0.016250
v 0.001971 0.000266 0.012654
v 0.001901 0.000345 0.011967
v 0.001767 0.000448 0.011913
v -0.003471 0.006512 0.011890
v -0.003618 0.006633 0.011901
v -0.003694 0.006761 0.012577
v -0.003696 0.007122 0.016238
v -0.003696 0.007202 0.017116
v -0.003696 0.007284 0.018245
v -0.003696 0.007236 0.018480
v -0.003696 0.006207 0.018482
v -0.003696 0.005742 0.018482
v -0.003696 0.004471 0.018482
v -0.003696 0.002593 0.018482
v -0.003696 0.001322 0.018482
v -0.003696 0.000118 0.018480
v -0.003696 0.000060 0.018245
v -0.003696 0.000103 0.017116
v -0.003696 0.000138 0.016250
v -0.003694 0.000284 0.012655
v -0.003618 0.000364 0.011968
v -0.003471 0.000466 0.011913
v 0.002855 0.000933 0.011941
v 0.003005 0.000922 0.011957
v 0.003082 0.000914 0.012628
v 0.003084 0.000899 0.016246
v 0.003084 0.000896 0.017116
v 0.003083 0.000891 0.018245
v 0.002896 0.000890 0.018482
v -0.003696 0.000890 0.018482
v -0.003883 0.000891 0.018245
v -0.003884 0.000896 0.017116
v -0.003884 0.000899 0.016246
v -0.003882 0.000914 0.012628
v -0.003804 0.000922 0.011957
v -0.003655 0.000933 0.011941
v -0.002567 0.000448 0.011913
v -0.002701 0.000345 0.011967
v -0.002770 0.000266 0.012654
v -0.002772 0.000127 0.016250
v -0.002770 0.000101 0.017116
v -0.002770 0.000058 0.018245
v -0.002770 0.000118 0.018482
v -0.002770 0.007236 0.018482
v -0.002770 0.007286 0.018245
v -0.002770 0.007204 0.017116
v -0.002772 0.007125 0.016238
v -0.002770 0.006766 0.012577
v -0.002701 0.006638 0.011901
v -0.002567 0.006517 0.011890
v 0.001970 0.006207 0.018484
v 0.001970 0.005742 0.018484
v 0.001970 0.004471 0.018484
v 0.001970 0.002593 0.018484
v 0.001970 0.001322 0.018484
v 0.001970 0.000890 0.018484
v 0.001167 0.000890 0.018484
v 0.001167 0.001322 0.018484
v 0.001167 0.002593 0.018484
v 0.001167 0.004471 0.018484
v 0.001167 0.005742 0.018484
v 0.001167 0.006207 0.018484
v -0.001967 0.006207 0.018484
v -0.001967 0.005742 0.018484
v -0.001967 0.004471 0.018484
v -0.001967 0.002593 0.018484
v -0.001967 0.001322 0.018484
v -0.001967 0.000890 0.018484
v -0.002770 0.000890 0.018484
v -0.002770 0.001322 0.018484
v -0.002770 0.002593 0.018484
v -0.002770 0.004471 0.018484
v -0.002770 0.005742 0.018484
v -0.002770 0.006207 0.018484
v 0.003372 0.002280 0.013171
v 0.003372 0.002280 0.010669
v 0.003372 0.004782 0.013171
v 0.003372 0.004782 0.010669
v 0.002776 0.005288 0.013677
v 0.002776 0.001774 0.010163
v 0.002776 0.001774 0.013677
v 0.003372 0.001814 0.011920
v 0.003372 0.003531 0.010203
v 0.003372 0.005248 0.011920
v 0.003372 0.003531 0.013637
v 0.002776 0.005288 0.010163
v 0.002776 0.005927 0.011920
v 0.002776 0.001135 0.011920
v 0.002776 0.003531 0.009524
v 0.002776 0.003531 0.014316
v 0.003084 0.005069 0.013458
v 0.003084 0.003531 0.014024
v 0.003084 0.001993 0.013458
v 0.003084 0.001427 0.011920
v 0.003084 0.001993 0.010382
v 0.003084 0.003531 0.009816
v 0.003084 0.005069 0.010382
v 0.003084 0.005635 0.011920
v 0.003406 0.002795 0.012656
v 0.003388 0.002649 0.011920
v 0.003261 0.003531 0.011920
v 0.003388 0.003531 0.012802
v 0.003406 0.002795 0.011184
v 0.003388 0.003531 0.011038
v 0.003406 0.004267 0.011184
v 0.003388 0.004413 0.011920
v 0.003406 0.004267 0.012656
v -0.004176 0.004782 0.013171
v -0.004176 0.004782 0.010669
v -0.004176 0.002280 0.013171
v -0.004176 0.002280 0.010669
v -0.003580 0.001774 0.013677
v -0.003580 0.005288 0.010163
v -0.003580 0.005288 0.013677
v -0.004176 0.005248 0.011920
v -0.004176 0.003531 0.010203
v -0.004176 0.001814 0.011920
v -0.004176 0.003531 0.013637
v -0.003580 0.001774 0.010163
v -0.003580 0.001135 0.011920
v -0.003580 0.005927 0.011920
v -0.003580 0.003531 0.009524
v -0.003580 0.003531 0.014316
v -0.003888 0.001993 0.013458
v -0.003888 0.003531 0.014024
v -0.003888 0.005069 0.013458
v -0.003888 0.005635 0.011920
v -0.003888 0.005069 0.010382
v -0.003888 0.003531 0.009816
v -0.003888 0.001993 0.010382
v -0.003888 0.001427 0.011920
v -0.004210 0.004267 0.012656
v -0.004192 0.004413 0.011920
v -0.004065 0.003531 0.011920
v -0.004192 0.003531 0.012802
v -0.004210 0.004267 0.011184
v -0.004192 0.003531 0.011038
v -0.004210 0.002795 0.011184
v -0.004192 0.002649 0.011920
v -0.004210 0.002795 0.012656
v -0.003571 0.000538 0.011344
v -0.003573 0.000523 0.011590
v -0.003595 0.000522 0.011785
v -0.003584 0.000548 0.011590
v -0.003600 0.000566 0.011785
v -0.003585 0.000630 0.011591
v -0.003576 0.000580 0.011344
v -0.002946 0.006449 0.011344
v -0.003403 0.006456 0.011587
v -0.002969 0.006469 0.011777
v -0.002504 0.006461 0.011587
v 0.001509 -0.000166 0.011781
v 0.001487 -0.000568 0.011587
v 0.001487 -0.000146 0.011344
v 0.001510 0.000264 0.011589
v -0.002259 -0.000826 0.011777
v -0.002267 -0.000786 0.011587
v -0.002239 -0.000803 0.011344
v -0.001773 -0.000825 0.011587
v -0.002287 -0.000568 0.011587
v -0.002309 -0.000166 0.011781
v -0.002310 0.000264 0.011589
v -0.002287 -0.000146 0.011344
v -0.002287 0.006530 0.011344
v -0.002310 0.006498 0.011587
v -0.002309 0.006550 0.011777
v -0.002289 0.006715 0.011587
v -0.002299 0.007160 0.011777
v -0.002284 0.007585 0.011587
v -0.002278 0.007138 0.011344
v -0.002239 0.007867 0.011344
v -0.002267 0.007840 0.011587
v -0.002259 0.007891 0.011777
v -0.001773 0.007894 0.011587
v -0.000400 0.007915 0.011777
v 0.000973 0.007894 0.011587
v -0.000400 0.007891 0.011344
v 0.001509 0.006550 0.011777
v 0.001510 0.006498 0.011587
v 0.001487 0.006530 0.011344
v 0.001489 0.006715 0.011587
v 0.002771 0.006439 0.011344
v 0.002795 0.006458 0.011777
v 0.002784 0.006436 0.011587
v 0.002800 0.006428 0.011779
v 0.002785 0.006373 0.011589
v 0.002776 0.006410 0.011344
v 0.003079 0.007156 0.016891
v 0.003083 0.007123 0.016866
v 0.003079 0.007094 0.016238
v 0.003084 0.007069 0.016891
v 0.003084 0.006937 0.016866
v 0.003084 0.007012 0.016238
v 0.003083 0.006895 0.014409
v 0.003084 0.006750 0.014410
v 0.003082 0.006689 0.012579
v 0.003077 0.006743 0.012578
v 0.003079 0.007028 0.018447
v 0.003083 0.007159 0.018245
v 0.003078 0.007233 0.018447
v 0.003072 0.007173 0.018466
v 0.003083 0.007180 0.017680
v 0.003084 0.006984 0.017680
v 0.003084 0.007084 0.017116
v 0.003078 0.007253 0.018244
v 0.003079 0.007172 0.017116
v 0.003068 0.007265 0.018460
v 0.002896 0.007174 0.018482
v 0.003059 0.007030 0.018476
v 0.003059 0.007235 0.018475
v 0.002896 0.007269 0.018475
v -0.002514 0.007030 0.018484
v -0.001967 0.007174 0.018484
v -0.002514 0.007236 0.018482
v -0.002551 0.007174 0.018484
v -0.000400 0.007030 0.018484
v 0.001167 0.007174 0.018484
v -0.000400 0.007236 0.018482
v -0.000400 0.007286 0.018466
v -0.001967 0.007270 0.018476
v 0.001167 0.007270 0.018476
v -0.002551 0.007270 0.018476
v -0.003696 0.007269 0.018475
v -0.003236 0.007236 0.018482
v -0.002770 0.007270 0.018476
v -0.003696 0.007174 0.018482
v -0.003236 0.007030 0.018484
v -0.002770 0.007174 0.018484
v -0.003868 0.007280 0.018443
v -0.003878 0.007253 0.018244
v -0.003878 0.007233 0.018447
v -0.003868 0.007265 0.018460
v -0.003872 0.007229 0.017680
v -0.003879 0.007172 0.017116
v -0.003883 0.007180 0.017680
v -0.003884 0.006984 0.017680
v -0.003883 0.007159 0.018245
v -0.003884 0.007084 0.017116
v -0.003879 0.007028 0.018447
v -0.003872 0.007173 0.018466
v -0.003883 0.006895 0.014409
v -0.003879 0.007094 0.016238
v -0.003872 0.006931 0.014408
v -0.003877 0.006743 0.012578
v -0.003884 0.006750 0.014410
v -0.003884 0.007012 0.016238
v -0.003882 0.006689 0.012579
v -0.003884 0.006937 0.016866
v -0.003884 0.007069 0.016891
v -0.003883 0.007123 0.016866
v -0.003879 0.007156 0.016891
v -0.003872 0.007169 0.016866
v -0.003576 0.006410 0.011344
v -0.003585 0.006373 0.011589
v -0.003600 0.006428 0.011779
v -0.003584 0.006436 0.011587
v -0.003595 0.006458 0.011777
v -0.003573 0.006452 0.011587
v -0.003571 0.006439 0.011344
v -0.003600 0.004010 0.013603
v -0.003585 0.004469 0.012557
v -0.003576 0.004010 0.011344
v -0.003585 0.003531 0.012627
v -0.003600 0.004889 0.013354
v -0.003585 0.005248 0.012347
v -0.003576 0.004889 0.011344
v -0.003884 0.004470 0.015512
v -0.003884 0.004890 0.016505
v -0.003884 0.005249 0.015274
v -0.003882 0.004889 0.014321
v -0.003884 0.003531 0.015592
v -0.003884 0.004011 0.016547
v -0.003882 0.004010 0.014597
v -0.003884 0.003531 0.016883
v -0.003884 0.004011 0.016899
v -0.003884 0.004471 0.016882
v -0.003884 0.004890 0.016898
v -0.003884 0.005250 0.016878
v -0.003879 0.005250 0.018447
v -0.003883 0.004891 0.018245
v -0.003879 0.004471 0.018447
v -0.003872 0.004891 0.018466
v -0.003884 0.005250 0.017680
v -0.003884 0.004890 0.017116
v -0.003884 0.004471 0.017680
v -0.003883 0.004011 0.018245
v -0.003884 0.004011 0.017117
v -0.003884 0.003531 0.017680
v -0.003879 0.003532 0.018447
v -0.003872 0.004011 0.018466
v -0.003696 0.004891 0.018482
v -0.003236 0.004471 0.018484
v -0.002770 0.004891 0.018484
v -0.003236 0.005250 0.018484
v -0.003696 0.004011 0.018482
v -0.003236 0.003532 0.018484
v -0.002770 0.004011 0.018484
v 0.002896 0.004011 0.018482
v 0.003059 0.003532 0.018476
v 0.003072 0.004011 0.018466
v 0.003059 0.004471 0.018476
v 0.002896 0.004891 0.018482
v 0.003072 0.004891 0.018466
v 0.003059 0.005250 0.018476
v 0.003079 0.003532 0.018447
v 0.003083 0.004011 0.018245
v 0.003079 0.004471 0.018447
v 0.003084 0.003531 0.017680
v 0.003084 0.004011 0.017117
v 0.003084 0.004471 0.017680
v 0.003083 0.004891 0.018245
v 0.003084 0.004890 0.017116
v 0.003084 0.005250 0.017680
v 0.003079 0.005250 0.018447
v 0.003084 0.004470 0.015512
v 0.003084 0.004011 0.016547
v 0.003084 0.003531 0.015592
v 0.003082 0.004010 0.014597
v 0.003084 0.005249 0.015274
v 0.003084 0.004890 0.016505
v 0.003082 0.004889 0.014321
v 0.003084 0.005250 0.016878
v 0.003084 0.004890 0.016898
v 0.003084 0.004471 0.016882
v 0.003084 0.004011 0.016899
v 0.003084 0.003531 0.016883
v 0.002800 0.004889 0.013354
v 0.002785 0.004469 0.012557
v 0.002776 0.004889 0.011344
v 0.002785 0.005248 0.012347
v 0.002800 0.004010 0.013603
v 0.002785 0.003531 0.012627
v 0.002776 0.004010 0.011344
v -0.003600 0.005527 0.012855
v -0.003585 0.005738 0.012020
v -0.003576 0.005527 0.011344
v -0.003600 0.005891 0.012262
v -0.003585 0.005998 0.011727
v -0.003576 0.005891 0.011344
v -0.003884 0.005741 0.014901
v -0.003884 0.005900 0.016320
v -0.003884 0.006012 0.014568
v -0.003882 0.005895 0.013113
v -0.003884 0.005529 0.016420
v -0.003882 0.005528 0.013769
v -0.003884 0.005529 0.016896
v -0.003884 0.005742 0.016873
v -0.003884 0.005901 0.016893
v -0.003884 0.006020 0.016868
v -0.003879 0.006023 0.018447
v -0.003883 0.005902 0.018245
v -0.003879 0.005742 0.018447
v -0.003872 0.005902 0.018466
v -0.003884 0.006022 0.017680
v -0.003884 0.005901 0.017116
v -0.003884 0.005742 0.017680
v -0.003883 0.005529 0.018245
v -0.003884 0.005529 0.017116
v -0.003872 0.005530 0.018466
v -0.003696 0.005902 0.018482
v -0.003236 0.005742 0.018484
v -0.002770 0.005902 0.018484
v -0.003236 0.006024 0.018484
v -0.003696 0.005530 0.018482
v -0.002770 0.005530 0.018484
v 0.002896 0.005530 0.018482
v 0.003072 0.005530 0.018466
v 0.003059 0.005742 0.018476
v 0.002896 0.005902 0.018482
v 0.003072 0.005902 0.018466
v 0.003059 0.006024 0.018476
v 0.003083 0.005529 0.018245
v 0.003079 0.005742 0.018447
v 0.003084 0.005529 0.017116
v 0.003084 0.005742 0.017680
v 0.003083 0.005902 0.018245
v 0.003084 0.005901 0.017116
v 0.003084 0.006022 0.017680
v 0.003079 0.006023 0.018447
v 0.003084 0.005741 0.014901
v 0.003084 0.005529 0.016420
v 0.003082 0.005528 0.013769
v 0.003084 0.006012 0.014568
v 0.003084 0.005900 0.016320
v 0.003082 0.005895 0.013113
v 0.003084 0.006020 0.016868
v 0.003084 0.005901 0.016893
v 0.003084 0.005742 0.016873
v 0.003084 0.005529 0.016896
v 0.002800 0.005891 0.012262
v 0.002785 0.005738 0.012020
v 0.002776 0.005891 0.011344
v 0.002785 0.005998 0.011727
v 0.002800 0.005527 0.012855
v 0.002776 0.005527 0.011344
v 0.002800 0.003052 0.013603
v 0.002785 0.002593 0.012557
v 0.002776 0.003052 0.011344
v 0.002800 0.002173 0.013354
v 0.002785 0.001814 0.012347
v 0.002776 0.002173 0.011344
v 0.003084 0.002593 0.015512
v 0.003084 0.002173 0.016505
v 0.003084 0.001814 0.015274
v 0.003082 0.002173 0.014321
v 0.003084 0.003052 0.016547
v 0.003082 0.003052 0.014597
v 0.003084 0.003052 0.016899
v 0.003084 0.002593 0.016882
v 0.003084 0.002173 0.016898
v 0.003084 0.001814 0.016878
v 0.003079 0.001814 0.018447
v 0.003083 0.002173 0.018245
v 0.003079 0.002593 0.018447
v 0.003072 0.002173 0.018466
v 0.003084 0.001814 0.017680
v 0.003084 0.002173 0.017116
v 0.003084 0.002593 0.017680
v 0.003083 0.003052 0.018245
v 0.003084 0.003052 0.017117
v 0.003072 0.003052 0.018466
v 0.002896 0.003052 0.018482
v 0.002436 0.003532 0.018484
v 0.001970 0.003052 0.018484
v 0.002436 0.002593 0.018484
v 0.002896 0.002173 0.018482
v 0.003059 0.001814 0.018476
v 0.003059 0.002593 0.018476
v -0.002770 0.002173 0.018484
v -0.003236 0.002593 0.018484
v -0.003696 0.002173 0.018482
v -0.003236 0.001814 0.018484
v -0.002770 0.003052 0.018484
v -0.003696 0.003052 0.018482
v -0.003883 0.003052 0.018245
v -0.003879 0.002593 0.018447
v -0.003872 0.003052 0.018466
v -0.003884 0.003052 0.017117
v -0.003884 0.002593 0.017680
v -0.003883 0.002173 0.018245
v -0.003884 0.002173 0.017116
v -0.003884 0.001814 0.017680
v -0.003879 0.001814 0.018447
v -0.003872 0.002173 0.018466
v -0.003884 0.002593 0.015512
v -0.003884 0.003052 0.016547
v -0.003882 0.003052 0.014597
v -0.003884 0.001814 0.015274
v -0.003884 0.002173 0.016505
v -0.003882 0.002173 0.014321
v -0.003884 0.001814 0.016878
v -0.003884 0.002173 0.016898
v -0.003884 0.002593 0.016882
v -0.003884 0.003052 0.016899
v -0.003600 0.002173 0.013354
v -0.003585 0.002593 0.012557
v -0.003576 0.002173 0.011344
v -0.003585 0.001814 0.012347
v -0.003600 0.003052 0.013603
v -0.003576 0.003052 0.011344
v 0.002800 0.001535 0.012855
v 0.002785 0.001324 0.012020
v 0.002776 0.001535 0.011344
v 0.002800 0.001170 0.012262
v 0.002785 0.001062 0.011727
v 0.002776 0.001170 0.011344
v 0.003084 0.001323 0.014901
v 0.003084 0.001166 0.016320
v 0.003084 0.001053 0.014569
v 0.003082 0.001167 0.013114
v 0.003084 0.001535 0.016420
v 0.003082 0.001535 0.013769
v 0.003084 0.001535 0.016896
v 0.003084 0.001322 0.016873
v 0.003084 0.001165 0.016893
v 0.003084 0.001051 0.016868
v 0.003079 0.001049 0.018447
v 0.003083 0.001165 0.018245
v 0.003079 0.001322 0.018447
v 0.003072 0.001165 0.018466
v 0.003084 0.001050 0.017680
v 0.003084 0.001165 0.017116
v 0.003084 0.001322 0.017680
v 0.003083 0.001535 0.018245
v 0.003084 0.001535 0.017116
v 0.003072 0.001535 0.018466
v 0.002896 0.001535 0.018482
v 0.002436 0.001814 0.018484
v 0.001970 0.001535 0.018484
v 0.002436 0.001322 0.018484
v 0.002896 0.001165 0.018482
v 0.003059 0.001049 0.018476
v 0.003059 0.001322 0.018476
v -0.002770 0.001165 0.018484
v -0.003236 0.001322 0.018484
v -0.003696 0.001165 0.018482
v -0.003236 0.001049 0.018484
v -0.002770 0.001535 0.018484
v -0.003696 0.001535 0.018482
v -0.003883 0.001535 0.018245
v -0.003879 0.001322 0.018447
v -0.003872 0.001535 0.018466
v -0.003884 0.001535 0.017116
v -0.003884 0.001322 0.017680
v -0.003883 0.001165 0.018245
v -0.003884 0.001165 0.017116
v -0.003884 0.001050 0.017680
v -0.003879 0.001049 0.018447
v -0.003872 0.001165 0.018466
v -0.003884 0.001323 0.014901
v -0.003884 0.001535 0.016420
v -0.003882 0.001535 0.013769
v -0.003884 0.001053 0.014569
v -0.003884 0.001166 0.016320
v -0.003882 0.001167 0.013114
v -0.003884 0.001051 0.016868
v -0.003884 0.001165 0.016893
v -0.003884 0.001322 0.016873
v -0.003884 0.001535 0.016896
v -0.003600 0.001170 0.012262
v -0.003585 0.001324 0.012020
v -0.003576 0.001170 0.011344
v -0.003585 0.001062 0.011727
v -0.003600 0.001535 0.012855
v -0.003576 0.001535 0.011344
v 0.002783 0.000389 0.011955
v 0.002906 0.000418 0.011944
v 0.002956 0.000399 0.011954
v 0.002980 0.000367 0.011968
v 0.002849 0.000342 0.011985
v 0.003024 0.000354 0.011984
v 0.003035 0.000329 0.012006
v 0.002925 0.000437 0.011943
v 0.002967 0.000432 0.011953
v 0.003000 0.000387 0.011966
v 0.002930 0.000488 0.011941
v 0.002968 0.000536 0.011946
v 0.003005 0.000444 0.011962
v 0.003036 0.000501 0.011971
v 0.003060 0.000410 0.011998
v 0.003035 0.000389 0.011981
v 0.003055 0.000350 0.012004
v 0.002930 0.001169 0.012519
v 0.002968 0.001323 0.012888
v 0.003005 0.001168 0.012522
v 0.002968 0.001058 0.012220
v 0.002930 0.001535 0.013277
v 0.002968 0.001814 0.013637
v 0.003005 0.001535 0.013279
v 0.003036 0.001814 0.013643
v 0.003060 0.001535 0.013295
v 0.003036 0.001323 0.012896
v 0.003060 0.001168 0.012541
v 0.003036 0.001057 0.012230
v 0.002930 0.002173 0.013916
v 0.002968 0.002593 0.014116
v 0.003005 0.002173 0.013918
v 0.002930 0.003052 0.014236
v 0.002968 0.003531 0.014276
v 0.003005 0.003052 0.014237
v 0.003036 0.003531 0.014281
v 0.003060 0.003052 0.014249
v 0.003036 0.002593 0.014121
v 0.003060 0.002173 0.013931
v 0.003005 0.004010 0.014237
v 0.003036 0.004470 0.014121
v 0.003060 0.004010 0.014249
v 0.002930 0.004010 0.014236
v 0.002968 0.004470 0.014116
v 0.002930 0.004889 0.013916
v 0.002968 0.005248 0.013637
v 0.003005 0.004889 0.013918
v 0.003036 0.005248 0.013643
v 0.003060 0.004889 0.013931
v 0.002930 0.005528 0.013277
v 0.002968 0.005739 0.012888
v 0.003005 0.005528 0.013279
v 0.002930 0.005893 0.012519
v 0.002968 0.006002 0.012219
v 0.003005 0.005893 0.012521
v 0.003036 0.006004 0.012228
v 0.003060 0.005894 0.012540
v 0.003036 0.005739 0.012896
v 0.003060 0.005528 0.013295
v 0.003036 0.006530 0.011913
v 0.003005 0.006575 0.011903
v 0.003035 0.006627 0.011909
v 0.003060 0.006616 0.011925
v 0.002968 0.006487 0.011903
v 0.002930 0.006521 0.011901
v 0.002967 0.006575 0.011899
v 0.002925 0.006559 0.011899
v 0.002956 0.006597 0.011899
v 0.003000 0.006618 0.011901
v 0.003024 0.006651 0.011908
v 0.003055 0.006663 0.011923
v 0.002906 0.006570 0.011898
v 0.002783 0.006603 0.011898
v 0.002980 0.006630 0.011901
v 0.002291 0.006573 0.011898
v 0.001869 0.006608 0.011898
v 0.002362 0.006633 0.011901
v 0.002414 0.006680 0.011923
v 0.002849 0.006658 0.011908
v 0.001929 0.006663 0.011908
v 0.003035 0.006677 0.011923
v 0.001623 0.006656 0.011898
v 0.001650 0.006868 0.011898
v 0.001689 0.006717 0.011901
v 0.001672 0.006646 0.011898
v 0.001613 0.007276 0.011898
v 0.001645 0.007759 0.011898
v 0.001679 0.007343 0.011901
v 0.001728 0.007392 0.011923
v 0.001709 0.006925 0.011908
v 0.001704 0.007823 0.011908
v 0.001738 0.006764 0.011923
v 0.001731 0.006701 0.011908
v -0.001890 0.008076 0.011898
v -0.002371 0.008019 0.011898
v -0.002426 0.008020 0.011898
v -0.002436 0.008093 0.011901
v -0.001934 0.008142 0.011908
v -0.002485 0.008086 0.011908
v -0.002483 0.008145 0.011923
v -0.002450 0.006868 0.011898
v -0.002423 0.006656 0.011898
v -0.002472 0.006646 0.011898
v -0.002489 0.006717 0.011901
v -0.002509 0.006925 0.011908
v -0.002531 0.006701 0.011908
v -0.002538 0.006764 0.011923
v -0.002729 0.006663 0.011908
v -0.003161 0.006633 0.011901
v -0.003649 0.006658 0.011908
v -0.003214 0.006680 0.011923
v -0.002669 0.006608 0.011898
v -0.003091 0.006573 0.011898
v -0.003583 0.006603 0.011898
v -0.003725 0.006559 0.011899
v -0.003767 0.006575 0.011899
v -0.003800 0.006618 0.011901
v -0.003756 0.006597 0.011899
v -0.003730 0.006521 0.011901
v -0.003768 0.006487 0.011903
v -0.003804 0.006575 0.011903
v -0.003836 0.006530 0.011913
v -0.003860 0.006616 0.011925
v -0.003835 0.006627 0.011909
v -0.003855 0.006663 0.011923
v -0.003824 0.006651 0.011908
v -0.003730 0.005893 0.012519
v -0.003768 0.005739 0.012888
v -0.003804 0.005893 0.012521
v -0.003768 0.006002 0.012219
v -0.003730 0.005528 0.013277
v -0.003768 0.005248 0.013637
v -0.003804 0.005528 0.013279
v -0.003836 0.005248 0.013643
v -0.003860 0.005528 0.013295
v -0.003836 0.005739 0.012896
v -0.003860 0.005894 0.012540
v -0.003836 0.006004 0.012228
v -0.003730 0.004889 0.013916
v -0.003768 0.004470 0.014116
v -0.003804 0.004889 0.013918
v -0.003730 0.004010 0.014236
v -0.003768 0.003531 0.014276
v -0.003804 0.004010 0.014237
v -0.003836 0.003531 0.014281
v -0.003860 0.004010 0.014249
v -0.003836 0.004470 0.014121
v -0.003860 0.004889 0.013931
v -0.003730 0.003052 0.014236
v -0.003768 0.002593 0.014116
v -0.003804 0.003052 0.014237
v -0.003730 0.002173 0.013916
v -0.003768 0.001814 0.013637
v -0.003804 0.002173 0.013918
v -0.003836 0.001814 0.013643
v -0.003860 0.002173 0.013931
v -0.003836 0.002593 0.014121
v -0.003860 0.003052 0.014249
v -0.003730 0.001535 0.013277
v -0.003768 0.001323 0.012888
v -0.003804 0.001535 0.013279
v -0.003730 0.001169 0.012519
v -0.003768 0.001058 0.012220
v -0.003804 0.001168 0.012522
v -0.003836 0.001057 0.012230
v -0.003860 0.001168 0.012541
v -0.003836 0.001323 0.012896
v -0.003860 0.001535 0.013295
v -0.003836 0.000501 0.011971
v -0.003804 0.000444 0.011962
v -0.003835 0.000389 0.011981
v -0.003860 0.000410 0.011998
v -0.003768 0.000536 0.011946
v -0.003730 0.000488 0.011941
v -0.003767 0.000432 0.011953
v -0.003725 0.000437 0.011943
v -0.003756 0.000399 0.011954
v -0.003800 0.000387 0.011966
v -0.003824 0.000354 0.011984
v -0.003855 0.000350 0.012004
v -0.003649 0.000342 0.011985
v -0.003161 0.000362 0.011968
v -0.002729 0.000323 0.011984
v -0.003214 0.000323 0.012006
v -0.003583 0.000389 0.011955
v -0.003091 0.000414 0.011944
v -0.002669 0.000370 0.011955
v -0.002472 0.000128 0.011945
v -0.002423 -0.000275 0.011921
v -0.002448 -0.000738 0.011909
v -0.002489 -0.000337 0.011935
v -0.002507 -0.000800 0.011923
v -0.002538 -0.000383 0.011965
v -0.002531 0.000077 0.011971
v -0.002371 -0.000955 0.011899
v -0.001890 -0.001007 0.011898
v -0.002436 -0.001028 0.011902
v -0.002426 -0.000965 0.011900
v -0.001934 -0.001073 0.011908
v -0.002483 -0.001081 0.011924
v -0.002485 -0.001030 0.011911
v 0.001707 -0.000800 0.011923
v 0.001689 -0.000337 0.011935
v 0.001731 0.000077 0.011971
v 0.001738 -0.000383 0.011965
v 0.001648 -0.000738 0.011909
v 0.001623 -0.000275 0.011921
v 0.001672 0.000128 0.011945
v 0.002641 0.000488 0.011878
v 0.002812 0.000497 0.011878
v 0.002831 0.000469 0.011913
v 0.002707 0.000441 0.011932
v 0.002879 0.000451 0.011932
v 0.002823 0.000524 0.011878
v 0.002850 0.000486 0.011913
v 0.002824 0.000610 0.011879
v 0.002855 0.000533 0.011913
v 0.002891 0.000575 0.011929
v 0.002890 0.000481 0.011931
v 0.002824 0.001324 0.012792
v 0.002855 0.001169 0.012501
v 0.002824 0.001061 0.012164
v 0.002824 0.001814 0.013494
v 0.002855 0.001535 0.013247
v 0.002891 0.001814 0.013637
v 0.002891 0.001323 0.012888
v 0.002891 0.001060 0.012220
v 0.002824 0.002593 0.013943
v 0.002855 0.002173 0.013876
v 0.002824 0.003531 0.014092
v 0.002855 0.003052 0.014191
v 0.002891 0.003531 0.014276
v 0.002891 0.002593 0.014116
v 0.002891 0.004469 0.014116
v 0.002855 0.004889 0.013876
v 0.002891 0.005248 0.013637
v 0.002855 0.004010 0.014191
v 0.002824 0.004469 0.013943
v 0.002824 0.005248 0.013494
v 0.002824 0.005738 0.012792
v 0.002855 0.005528 0.013247
v 0.002824 0.005999 0.012164
v 0.002855 0.005892 0.012500
v 0.002891 0.006000 0.012219
v 0.002891 0.005739 0.012888
v 0.002891 0.006439 0.011903
v 0.002855 0.006467 0.011892
v 0.002890 0.006516 0.011899
v 0.002824 0.006397 0.011868
v 0.002823 0.006465 0.011865
v 0.002812 0.006482 0.011864
v 0.002850 0.006501 0.011890
v 0.002879 0.006536 0.011899
v 0.002641 0.006487 0.011864
v 0.002831 0.006511 0.011890
v 0.001739 0.006492 0.011864
v 0.002221 0.006513 0.011890
v 0.002707 0.006541 0.011898
v 0.001799 0.006546 0.011898
v 0.001523 0.006747 0.011864
v 0.001557 0.006595 0.011890
v 0.001544 0.006529 0.011864
v 0.001499 0.007160 0.011777
v 0.001518 0.007622 0.011864
v 0.001548 0.007209 0.011890
v 0.001582 0.006803 0.011898
v 0.001577 0.007686 0.011898
v 0.001604 0.006583 0.011898
v -0.001798 0.007933 0.011864
v -0.002300 0.007878 0.011864
v -0.002307 0.007945 0.011890
v -0.001841 0.007999 0.011898
v -0.002359 0.007944 0.011898
v -0.002323 0.006747 0.011864
v -0.002344 0.006529 0.011864
v -0.002357 0.006595 0.011890
v -0.002382 0.006803 0.011898
v -0.002404 0.006583 0.011898
v -0.002599 0.006546 0.011898
v -0.003021 0.006513 0.011890
v -0.003507 0.006541 0.011898
v -0.002539 0.006492 0.011864
v -0.003441 0.006487 0.011864
v -0.003623 0.006465 0.011865
v -0.003650 0.006501 0.011890
v -0.003612 0.006482 0.011864
v -0.003624 0.006397 0.011868
v -0.003655 0.006467 0.011892
v -0.003691 0.006439 0.011903
v -0.003690 0.006516 0.011899
v -0.003679 0.006536 0.011899
v -0.003624 0.005738 0.012792
v -0.003655 0.005892 0.012500
v -0.003624 0.005999 0.012164
v -0.003624 0.005248 0.013494
v -0.003655 0.005528 0.013247
v -0.003691 0.005248 0.013637
v -0.003691 0.005739 0.012888
v -0.003691 0.006000 0.012219
v -0.003624 0.004469 0.013943
v -0.003655 0.004889 0.013876
v -0.003624 0.003531 0.014092
v -0.003655 0.004010 0.014191
v -0.003691 0.003531 0.014276
v -0.003691 0.004469 0.014116
v -0.003624 0.002593 0.013943
v -0.003655 0.003052 0.014191
v -0.003624 0.001814 0.013494
v -0.003655 0.002173 0.013876
v -0.003691 0.001814 0.013637
v -0.003691 0.002593 0.014116
v -0.003624 0.001324 0.012792
v -0.003655 0.001535 0.013247
v -0.003624 0.001061 0.012164
v -0.003655 0.001169 0.012501
v -0.003691 0.001060 0.012220
v -0.003691 0.001323 0.012888
v -0.003691 0.000575 0.011929
v -0.003655 0.000533 0.011913
v -0.003690 0.000481 0.011931
v -0.003624 0.000610 0.011879
v -0.003623 0.000524 0.011878
v -0.003612 0.000497 0.011878
v -0.003650 0.000486 0.011913
v -0.003679 0.000451 0.011932
v -0.003507 0.000441 0.011932
v -0.003021 0.000465 0.011913
v -0.002599 0.000423 0.011932
v -0.003441 0.000488 0.011878
v -0.002539 0.000470 0.011878
v -0.002344 0.000235 0.011875
v -0.002321 -0.000604 0.011866
v -0.002357 -0.000212 0.011901
v -0.002380 -0.000667 0.011905
v -0.002404 0.000185 0.011926
v -0.001798 -0.000864 0.011864
v -0.002307 -0.000881 0.011890
v -0.002300 -0.000823 0.011864
v -0.001841 -0.000930 0.011898
v -0.002359 -0.000890 0.011899
v 0.001580 -0.000667 0.011905
v 0.001557 -0.000212 0.011901
v 0.001604 0.000185 0.011926
v 0.001521 -0.000604 0.011866
v 0.001544 0.000235 0.011875
v 0.003074 0.000480 0.012018
v 0.003073 0.000363 0.012030
v 0.003062 0.000326 0.012034
v 0.003074 0.001814 0.013669
v 0.003074 0.001323 0.012928
v 0.003074 0.001056 0.012267
v 0.003074 0.003531 0.014301
v 0.003074 0.002593 0.014143
v 0.003074 0.005248 0.013669
v 0.003074 0.004470 0.014143
v 0.003074 0.006005 0.012265
v 0.003074 0.005739 0.012928
v 0.003074 0.006557 0.011952
v 0.003073 0.006660 0.011949
v 0.003062 0.006686 0.011948
v 0.002887 0.006693 0.011947
v 0.001743 0.006960 0.011947
v 0.001765 0.006736 0.011947
v -0.001958 0.008175 0.011947
v -0.002518 0.008119 0.011947
v -0.002565 0.006736 0.011947
v -0.002543 0.006960 0.011947
v -0.002528 0.007392 0.011923
v -0.002547 0.007407 0.012577
v -0.002538 0.007857 0.011947
v -0.003687 0.006693 0.011947
v -0.002764 0.006698 0.011947
v -0.003874 0.006557 0.011952
v -0.003873 0.006660 0.011949
v -0.003862 0.006686 0.011948
v -0.003874 0.005248 0.013669
v -0.003874 0.005739 0.012928
v -0.003874 0.006005 0.012265
v -0.003874 0.003531 0.014301
v -0.003874 0.004470 0.014143
v -0.003874 0.001814 0.013669
v -0.003874 0.002593 0.014143
v -0.003874 0.001056 0.012267
v -0.003874 0.001323 0.012928
v -0.003874 0.000480 0.012018
v -0.003873 0.000363 0.012030
v -0.003862 0.000326 0.012034
v -0.002764 0.000295 0.012034
v -0.003687 0.000314 0.012035
v -0.002541 -0.000833 0.011965
v -0.002565 0.000048 0.012019
v -0.001958 -0.001106 0.011948
v -0.002518 -0.001064 0.011950
v 0.001765 0.000048 0.012019
v 0.001741 -0.000833 0.011965
v 0.002414 0.000323 0.012006
v 0.002887 0.000314 0.012035
v 0.001964 0.000295 0.012034
v 0.001470 0.007770 0.011344
v 0.001467 0.007840 0.011587
v 0.001491 0.007794 0.011777
v 0.001484 0.007585 0.011587
v 0.001478 0.007138 0.011344
v 0.001500 0.007878 0.011864
v 0.001540 0.007848 0.011890
v 0.001559 0.007944 0.011898
v 0.001605 0.007921 0.011898
v 0.001626 0.008020 0.011898
v 0.001670 0.007993 0.011901
v 0.001685 0.008086 0.011908
v 0.001719 0.008045 0.011923
v 0.001738 0.007857 0.011947
v 0.001738 0.007999 0.012577
v 0.001718 0.008119 0.011947
v 0.001727 0.007851 0.014408
v 0.001738 0.007621 0.016236
v 0.001720 0.007570 0.016857
v 0.001720 0.007552 0.016874
v -0.000400 0.007572 0.016879
v -0.001964 0.007554 0.016888
v -0.000400 0.007500 0.016896
v 0.001164 0.007554 0.016888
v -0.002520 0.007552 0.016874
v -0.002547 0.007684 0.014408
v -0.002538 0.007621 0.016236
v -0.002538 0.007999 0.012577
v -0.002547 0.007383 0.016237
v -0.002538 0.007502 0.016860
v -0.002519 0.008045 0.011923
v -0.002405 0.007921 0.011898
v -0.002445 0.007759 0.011898
v -0.002470 0.007993 0.011901
v -0.002413 0.007276 0.011898
v -0.002479 0.007343 0.011901
v -0.002504 0.007823 0.011908
v -0.002291 0.007794 0.011777
v -0.002318 0.007622 0.011864
v -0.002340 0.007848 0.011890
v -0.002348 0.007209 0.011890
v -0.002377 0.007686 0.011898
v -0.002270 0.007770 0.011344
v 0.003084 0.000328 0.016913
v 0.003083 0.000176 0.016913
v 0.003072 0.000127 0.016913
v 0.003084 0.001050 0.016914
v 0.003084 0.001322 0.016915
v 0.003084 0.001814 0.016916
v 0.003084 0.002593 0.016917
v 0.003084 0.003531 0.016917
v 0.003084 0.004471 0.016917
v 0.003084 0.005250 0.016916
v 0.003084 0.005742 0.016915
v 0.003084 0.006020 0.016914
v 0.003084 0.006940 0.016913
v 0.003083 0.007127 0.016913
v 0.003072 0.007173 0.016913
v 0.002896 0.007187 0.016913
v -0.001967 0.007194 0.016920
v -0.002551 0.007192 0.016915
v -0.003696 0.007187 0.016913
v -0.002770 0.007189 0.016913
v -0.003884 0.006940 0.016913
v -0.003883 0.007127 0.016913
v -0.003872 0.007173 0.016913
v -0.003884 0.006020 0.016914
v -0.003884 0.005742 0.016915
v -0.003884 0.005250 0.016916
v -0.003884 0.004471 0.016917
v -0.003884 0.003531 0.016917
v -0.003884 0.002593 0.016917
v -0.003884 0.001814 0.016916
v -0.003884 0.001322 0.016915
v -0.003884 0.001050 0.016914
v -0.003884 0.000328 0.016913
v -0.003883 0.000176 0.016913
v -0.003872 0.000127 0.016913
v -0.002770 0.000107 0.016914
v -0.003696 0.000111 0.016913
v -0.001967 0.000079 0.016920
v -0.002551 0.000090 0.016915
v 0.002896 0.000111 0.016913
v 0.002436 0.000102 0.017116
v 0.001970 0.000107 0.016914
v 0.001439 -0.000803 0.011344
v 0.001467 -0.000786 0.011587
v 0.001459 -0.000826 0.011777
v 0.000973 -0.000825 0.011587
v -0.000400 -0.000844 0.011777
v -0.000400 -0.000820 0.011344
v 0.001041 -0.000930 0.011898
v -0.000400 -0.000973 0.011898
v -0.000400 -0.000899 0.011890
v 0.000998 -0.000864 0.011864
v 0.001500 -0.000823 0.011864
v 0.001507 -0.000881 0.011890
v 0.001559 -0.000890 0.011899
v 0.001571 -0.000955 0.011899
v 0.001134 -0.001073 0.011908
v -0.000400 -0.001099 0.011923
v -0.000400 -0.001047 0.011901
v 0.001091 -0.001007 0.011898
v 0.001626 -0.000965 0.011900
v 0.001636 -0.001028 0.011902
v 0.001685 -0.001030 0.011911
v 0.001683 -0.001081 0.011924
v 0.001718 -0.001064 0.011950
v 0.001702 -0.001026 0.012578
v 0.001158 -0.001106 0.011948
v -0.000400 -0.001043 0.012577
v 0.001164 -0.000528 0.016860
v -0.000400 -0.000515 0.016879
v -0.000400 -0.000610 0.016237
v 0.001165 -0.000826 0.014408
v 0.001727 -0.000795 0.014410
v 0.001703 -0.000601 0.016236
v 0.001720 -0.000511 0.016857
v 0.001699 -0.000510 0.016874
v 0.001712 -0.000001 0.016903
v 0.001166 -0.000209 0.016900
v 0.001704 -0.000407 0.016890
v -0.000400 -0.000409 0.016897
v -0.000400 -0.000010 0.016909
v 0.001167 0.000079 0.016920
v 0.001714 0.000095 0.017117
v 0.001751 0.000090 0.016915
v 0.001714 0.000058 0.018245
v 0.001751 0.000079 0.017680
v 0.001751 0.000056 0.018447
v 0.001714 0.000067 0.018466
v 0.001714 0.000281 0.018484
v 0.001167 0.000170 0.018484
v 0.001714 0.000118 0.018482
v 0.001751 0.000170 0.018484
v -0.000400 0.000281 0.018484
v -0.000400 0.000118 0.018482
v 0.001167 0.000085 0.018476
v 0.001751 0.000085 0.018476
v 0.001167 0.001165 0.018484
v -0.000400 0.001322 0.018484
v -0.001967 0.001165 0.018484
v -0.000400 0.001049 0.018484
v 0.001167 0.001535 0.018484
v -0.000400 0.001814 0.018484
v -0.001967 0.001535 0.018484
v 0.001167 0.002173 0.018484
v -0.000400 0.002593 0.018484
v -0.001967 0.002173 0.018484
v 0.001167 0.003052 0.018484
v -0.000400 0.003532 0.018484
v -0.001967 0.003052 0.018484
v 0.001167 0.004011 0.018484
v -0.000400 0.004471 0.018484
v -0.001967 0.004011 0.018484
v 0.001167 0.004891 0.018484
v -0.000400 0.005250 0.018484
v -0.001967 0.004891 0.018484
v 0.001167 0.005902 0.018484
v -0.000400 0.006024 0.018484
v -0.001967 0.005902 0.018484
v -0.000400 0.005742 0.018484
v 0.001167 0.005530 0.018484
v -0.001967 0.005530 0.018484
v 0.001714 0.007030 0.018484
v 0.001751 0.007174 0.018484
v 0.001714 0.007236 0.018482
v 0.001751 0.007270 0.018476
v 0.001714 0.007286 0.018466
v 0.001751 0.007295 0.018447
v 0.001714 0.007286 0.018245
v 0.001167 0.007295 0.018447
v 0.001751 0.007246 0.017680
v 0.001714 0.007205 0.017117
v 0.001167 0.007246 0.017680
v -0.000400 0.007286 0.018245
v -0.000400 0.007205 0.017117
v 0.001167 0.007194 0.016920
v -0.000400 0.007200 0.016909
v 0.001751 0.007192 0.016915
v 0.001712 0.007198 0.016903
v 0.001166 0.007210 0.016900
v -0.000400 0.007259 0.016899
v 0.001705 0.007259 0.016891
v 0.001165 0.007378 0.016896
v 0.001703 0.007500 0.016888
v 0.001699 0.007568 0.016874
v -0.000400 0.007665 0.016237
v 0.001165 0.007886 0.014408
v -0.000400 0.008111 0.012577
v 0.001164 0.007583 0.016860
v 0.001703 0.007657 0.016236
v 0.001702 0.008089 0.012577
v 0.001158 0.008175 0.011947
v -0.000400 0.008170 0.011923
v 0.001683 0.008145 0.011923
v 0.001571 0.008019 0.011898
v 0.001091 0.008076 0.011898
v 0.001636 0.008093 0.011901
v -0.000400 0.008044 0.011898
v -0.000400 0.008118 0.011901
v 0.001134 0.008142 0.011908
v 0.001459 0.007891 0.011777
v 0.000998 0.007933 0.011864
v 0.001507 0.007945 0.011890
v -0.000400 0.007970 0.011890
v 0.001041 0.007999 0.011898
v 0.001439 0.007867 0.011344
v -0.002270 -0.000732 0.011344
v -0.002291 -0.000755 0.011777
v -0.002340 -0.000809 0.011891
v -0.002405 -0.000882 0.011901
v -0.002470 -0.000954 0.011905
v -0.002519 -0.001005 0.011928
v -0.002538 -0.000956 0.012583
v -0.002538 -0.000562 0.016237
v -0.002520 -0.000489 0.016874
v -0.001964 -0.000492 0.016888
v 0.001164 -0.000492 0.016888
v 0.001720 -0.000489 0.016874
v 0.001738 -0.000562 0.016237
v 0.001738 -0.000956 0.012583
v 0.001719 -0.001005 0.011928
v 0.001605 -0.000882 0.011901
v 0.001670 -0.000954 0.011905
v 0.001491 -0.000755 0.011777
v 0.001540 -0.000809 0.011891
v 0.001470 -0.000732 0.011344
v -0.003576 0.006068 0.011344
v -0.003600 0.006069 0.011887
v -0.003585 0.006116 0.011608
v -0.003600 0.006154 0.011791
v -0.003585 0.006201 0.011593
v -0.003576 0.006150 0.011344
v -0.003691 0.006227 0.011913
v -0.003655 0.006162 0.011907
v -0.003691 0.006125 0.011948
v -0.003730 0.006172 0.011916
v -0.003624 0.006210 0.011878
v -0.003624 0.006119 0.011910
v -0.003655 0.006072 0.012028
v -0.003730 0.006076 0.012038
v -0.003836 0.006263 0.011923
v -0.003804 0.006183 0.011919
v -0.003836 0.006138 0.011957
v -0.003860 0.006191 0.011941
v -0.003768 0.006246 0.011913
v -0.003768 0.006132 0.011948
v -0.003804 0.006079 0.012041
v -0.003860 0.006082 0.012062
v -0.003882 0.006087 0.012699
v -0.003874 0.006141 0.011996
v -0.003882 0.006205 0.012593
v -0.003874 0.006274 0.011962
v -0.003884 0.006425 0.016866
v -0.003884 0.006269 0.016240
v -0.003884 0.006194 0.016866
v -0.003884 0.006280 0.016891
v -0.003884 0.006168 0.014433
v -0.003884 0.006351 0.014415
v -0.003884 0.006109 0.016256
v -0.003884 0.006112 0.016891
v -0.003884 0.006283 0.017116
v -0.003884 0.006427 0.016913
v -0.003884 0.006194 0.016913
v -0.003884 0.006113 0.017116
v -0.003879 0.006462 0.018447
v -0.003883 0.006298 0.018245
v -0.003879 0.006206 0.018447
v -0.003872 0.006301 0.018466
v -0.003884 0.006200 0.017680
v -0.003884 0.006444 0.017680
v -0.003883 0.006118 0.018245
v -0.003872 0.006119 0.018466
v -0.002770 0.006119 0.018484
v -0.003236 0.006207 0.018484
v -0.003696 0.006119 0.018482
v -0.002770 0.006301 0.018484
v -0.003236 0.006462 0.018484
v -0.003696 0.006301 0.018482
v 0.001167 0.006301 0.018484
v -0.000400 0.006462 0.018484
v -0.001967 0.006301 0.018484
v -0.000400 0.006207 0.018484
v 0.001167 0.006119 0.018484
v -0.001967 0.006119 0.018484
v 0.003059 0.006462 0.018476
v 0.002896 0.006301 0.018482
v 0.003059 0.006207 0.018476
v 0.003072 0.006301 0.018466
v 0.002436 0.006462 0.018484
v 0.001970 0.006301 0.018484
v 0.002436 0.006207 0.018484
v 0.002896 0.006119 0.018482
v 0.003072 0.006119 0.018466
v 0.003083 0.006118 0.018245
v 0.003079 0.006206 0.018447
v 0.003084 0.006113 0.017116
v 0.003084 0.006200 0.017680
v 0.003084 0.006444 0.017680
v 0.003083 0.006298 0.018245
v 0.003084 0.006283 0.017116
v 0.003079 0.006462 0.018447
v 0.003084 0.006427 0.016913
v 0.003084 0.006194 0.016913
v 0.003084 0.006280 0.016891
v 0.003084 0.006112 0.016891
v 0.003084 0.006351 0.014415
v 0.003084 0.006269 0.016240
v 0.003084 0.006168 0.014433
v 0.003082 0.006205 0.012593
v 0.003084 0.006425 0.016866
v 0.003084 0.006194 0.016866
v 0.003084 0.006109 0.016256
v 0.003082 0.006087 0.012699
v 0.003074 0.006274 0.011962
v 0.003074 0.006141 0.011996
v 0.003060 0.006191 0.011941
v 0.003060 0.006082 0.012062
v 0.002930 0.006076 0.012038
v 0.002968 0.006132 0.011948
v 0.003005 0.006079 0.012041
v 0.002930 0.006172 0.011916
v 0.002968 0.006246 0.011913
v 0.003005 0.006183 0.011919
v 0.003036 0.006263 0.011923
v 0.003036 0.006138 0.011957
v 0.002800 0.006069 0.011887
v 0.002824 0.006119 0.011910
v 0.002855 0.006072 0.012028
v 0.002800 0.006154 0.011791
v 0.002824 0.006210 0.011878
v 0.002855 0.006162 0.011907
v 0.002891 0.006227 0.011913
v 0.002891 0.006125 0.011948
v 0.002776 0.006150 0.011344
v 0.002785 0.006201 0.011593
v 0.002785 0.006116 0.011608
v 0.002776 0.006068 0.011344
v 0.001526 0.006465 0.011344
v 0.001547 0.006485 0.011777
v 0.001596 0.006529 0.011890
v 0.001662 0.006590 0.011898
v 0.001728 0.006650 0.011901
v 0.001777 0.006697 0.011923
v 0.001964 0.006698 0.011947
v 0.002434 0.006762 0.012577
v 0.001796 0.006777 0.012577
v 0.001790 0.007190 0.016891
v 0.001972 0.007186 0.016866
v 0.001797 0.007129 0.016238
v 0.002436 0.007187 0.016891
v 0.002436 0.007123 0.016238
v 0.001973 0.006946 0.014408
v 0.001970 0.007189 0.016913
v 0.002436 0.007204 0.017116
v 0.001789 0.007204 0.017116
v 0.001970 0.007246 0.017680
v 0.001789 0.007286 0.018245
v 0.001789 0.007286 0.018466
v 0.001789 0.007030 0.018484
v 0.001970 0.007174 0.018484
v 0.001789 0.007236 0.018482
v 0.002436 0.007030 0.018484
v 0.002436 0.007236 0.018482
v 0.001970 0.007270 0.018476
v 0.001970 0.006119 0.018484
v 0.002436 0.006024 0.018484
v 0.001970 0.005902 0.018484
v 0.002436 0.005742 0.018484
v 0.001970 0.005530 0.018484
v 0.002436 0.005250 0.018484
v 0.001970 0.004891 0.018484
v 0.002436 0.004471 0.018484
v 0.001970 0.004011 0.018484
v 0.001970 0.002173 0.018484
v 0.001970 0.001165 0.018484
v 0.002436 0.001049 0.018484
v 0.001789 0.000067 0.018466
v 0.001970 0.000085 0.018476
v 0.001789 0.000118 0.018482
v 0.002436 0.000067 0.018466
v 0.002436 0.000118 0.018482
v 0.001970 0.000170 0.018484
v 0.002436 0.000281 0.018484
v 0.001789 0.000281 0.018484
v 0.001789 0.000058 0.018245
v 0.001970 0.000056 0.018447
v 0.001789 0.000099 0.017116
v 0.001970 0.000079 0.017680
v 0.002436 0.000058 0.018245
v 0.001790 0.000091 0.016892
v 0.001797 0.000101 0.016249
v 0.001796 0.000217 0.012652
v 0.001777 0.000253 0.012002
v 0.001662 0.000345 0.011942
v 0.001869 0.000370 0.011955
v 0.001728 0.000293 0.011965
v 0.002291 0.000414 0.011944
v 0.002362 0.000362 0.011968
v 0.001929 0.000323 0.011984
v 0.001547 0.000437 0.011784
v 0.001739 0.000470 0.011878
v 0.001596 0.000398 0.011912
v 0.002221 0.000465 0.011913
v 0.001799 0.000423 0.011932
v 0.001526 0.000454 0.011344
v -0.003552 0.006447 0.011344
v -0.003576 0.006466 0.011777
v -0.003631 0.006511 0.011890
v -0.003706 0.006570 0.011898
v -0.003780 0.006630 0.011901
v -0.003835 0.006677 0.011923
v -0.003857 0.006758 0.012577
v -0.003859 0.007181 0.016891
v -0.003859 0.007117 0.016238
v -0.003859 0.007198 0.017116
v -0.003859 0.007279 0.018244
v -0.003856 0.007281 0.018460
v -0.003859 0.007030 0.018476
v -0.003859 0.007235 0.018475
v -0.003859 0.006024 0.018476
v -0.003859 0.006207 0.018476
v -0.003859 0.006462 0.018476
v -0.003859 0.005250 0.018476
v -0.003859 0.005742 0.018476
v -0.003859 0.003532 0.018476
v -0.003859 0.004471 0.018476
v -0.003859 0.001814 0.018476
v -0.003859 0.002593 0.018476
v -0.003859 0.001049 0.018476
v -0.003859 0.001322 0.018476
v -0.003856 0.000072 0.018460
v -0.003859 0.000119 0.018475
v -0.003859 0.000282 0.018476
v -0.003859 0.000066 0.018244
v -0.003859 0.000109 0.017116
v -0.003859 0.000118 0.016891
v -0.003859 0.000143 0.016250
v -0.003857 0.000288 0.012655
v -0.003835 0.000329 0.012006
v -0.003706 0.000418 0.011944
v -0.003780 0.000367 0.011968
v -0.003576 0.000507 0.011784
v -0.003631 0.000469 0.011913
v -0.003552 0.000523 0.011344
v 0.002776 0.000989 0.011344
v 0.002800 0.000988 0.011887
v 0.002785 0.000938 0.011608
v 0.002800 0.000895 0.011792
v 0.002785 0.000838 0.011594
v 0.002776 0.000898 0.011344
v 0.002891 0.000817 0.011924
v 0.002855 0.000889 0.011911
v 0.002891 0.000930 0.011951
v 0.002930 0.000880 0.011924
v 0.002824 0.000830 0.011882
v 0.002824 0.000935 0.011911
v 0.002855 0.000986 0.012029
v 0.002930 0.000983 0.012041
v 0.003036 0.000787 0.011946
v 0.003005 0.000872 0.011930
v 0.003036 0.000920 0.011965
v 0.003060 0.000865 0.011955
v 0.002968 0.000801 0.011930
v 0.002968 0.000925 0.011953
v 0.003005 0.000980 0.012045
v 0.003060 0.000978 0.012067
v 0.003082 0.000976 0.012703
v 0.003074 0.000917 0.012005
v 0.003082 0.000858 0.012606
v 0.003074 0.000779 0.011989
v 0.003084 0.000719 0.016866
v 0.003084 0.000833 0.016242
v 0.003084 0.000897 0.016866
v 0.003084 0.000829 0.016891
v 0.003084 0.000907 0.014437
v 0.003084 0.000748 0.014429
v 0.003084 0.000967 0.016257
v 0.003084 0.000966 0.016891
v 0.003084 0.000827 0.017116
v 0.003084 0.000719 0.016913
v 0.003084 0.000896 0.016913
v 0.003084 0.000965 0.017116
v 0.003079 0.000700 0.018447
v 0.003083 0.000820 0.018245
v 0.003079 0.000890 0.018447
v 0.003072 0.000818 0.018466
v 0.003084 0.000893 0.017680
v 0.003084 0.000710 0.017680
v 0.003083 0.000963 0.018245
v 0.003072 0.000962 0.018466
v 0.002896 0.000962 0.018482
v 0.001970 0.000962 0.018484
v 0.002436 0.000890 0.018484
v 0.002896 0.000818 0.018482
v 0.003059 0.000700 0.018476
v 0.003059 0.000890 0.018476
v 0.001970 0.000818 0.018484
v 0.002436 0.000700 0.018484
v 0.001167 0.000818 0.018484
v -0.000400 0.000890 0.018484
v -0.001967 0.000818 0.018484
v -0.000400 0.000700 0.018484
v 0.001167 0.000962 0.018484
v -0.001967 0.000962 0.018484
v -0.002770 0.000818 0.018484
v -0.003236 0.000890 0.018484
v -0.003696 0.000818 0.018482
v -0.003236 0.000700 0.018484
v -0.002770 0.000962 0.018484
v -0.003696 0.000962 0.018482
v -0.003859 0.000700 0.018476
v -0.003859 0.000890 0.018476
v -0.003872 0.000818 0.018466
v -0.003872 0.000962 0.018466
v -0.003883 0.000963 0.018245
v -0.003879 0.000890 0.018447
v -0.003884 0.000965 0.017116
v -0.003884 0.000893 0.017680
v -0.003884 0.000710 0.017680
v -0.003883 0.000820 0.018245
v -0.003884 0.000827 0.017116
v -0.003879 0.000700 0.018447
v -0.003884 0.000719 0.016913
v -0.003884 0.000896 0.016913
v -0.003884 0.000829 0.016891
v -0.003884 0.000966 0.016891
v -0.003884 0.000748 0.014429
v -0.003884 0.000833 0.016242
v -0.003884 0.000907 0.014437
v -0.003882 0.000858 0.012606
v -0.003884 0.000719 0.016866
v -0.003884 0.000897 0.016866
v -0.003884 0.000967 0.016257
v -0.003882 0.000976 0.012703
v -0.003874 0.000779 0.011989
v -0.003874 0.000917 0.012005
v -0.003860 0.000865 0.011955
v -0.003860 0.000978 0.012067
v -0.003730 0.000983 0.012041
v -0.003768 0.000925 0.011953
v -0.003804 0.000980 0.012045
v -0.003730 0.000880 0.011924
v -0.003768 0.000801 0.011930
v -0.003804 0.000872 0.011930
v -0.003836 0.000787 0.011946
v -0.003836 0.000920 0.011965
v -0.003600 0.000988 0.011887
v -0.003624 0.000935 0.011911
v -0.003655 0.000986 0.012029
v -0.003600 0.000895 0.011792
v -0.003624 0.000830 0.011882
v -0.003655 0.000889 0.011911
v -0.003691 0.000817 0.011924
v -0.003691 0.000930 0.011951
v -0.003576 0.000898 0.011344
v -0.003585 0.000838 0.011594
v -0.003585 0.000938 0.011608
v -0.003576 0.000989 0.011344
v -0.002326 0.000454 0.011344
v -0.002347 0.000437 0.011784
v -0.002396 0.000398 0.011912
v -0.002462 0.000345 0.011942
v -0.002528 0.000293 0.011965
v -0.002577 0.000253 0.012002
v -0.002596 0.000217 0.012652
v -0.002597 0.000101 0.016249
v -0.002590 0.000091 0.016892
v -0.002589 0.000099 0.017116
v -0.002589 0.000058 0.018245
v -0.002589 0.000067 0.018466
v -0.002589 0.000281 0.018484
v -0.002589 0.000118 0.018482
v -0.002589 0.007030 0.018484
v -0.002589 0.007236 0.018482
v -0.002589 0.007286 0.018466
v -0.002589 0.007286 0.018245
v -0.002589 0.007204 0.017116
v -0.002590 0.007190 0.016891
v -0.002597 0.007129 0.016238
v -0.002596 0.006777 0.012577
v -0.002577 0.006697 0.011923
v -0.002462 0.006590 0.011898
v -0.002528 0.006650 0.011901
v -0.002347 0.006485 0.011777
v -0.002396 0.006529 0.011890
v -0.002326 0.006465 0.011344
v 0.002800 0.006294 0.011785
v 0.002776 0.006284 0.011344
v 0.002855 0.006318 0.011899
v 0.002930 0.006351 0.011908
v 0.003005 0.006384 0.011911
v 0.003060 0.006409 0.011933
v 0.003082 0.006454 0.012586
v 0.003084 0.006650 0.016239
v 0.003084 0.006685 0.016891
v 0.003084 0.006694 0.017116
v 0.003083 0.006740 0.018245
v 0.003072 0.006748 0.018466
v 0.002896 0.006749 0.018482
v 0.001970 0.006749 0.018484
v 0.001167 0.006749 0.018484
v -0.001967 0.006749 0.018484
v -0.002770 0.006749 0.018484
v -0.003696 0.006749 0.018482
v -0.003872 0.006748 0.018466
v -0.003883 0.006740 0.018245
v -0.003884 0.006694 0.017116
v -0.003884 0.006685 0.016891
v -0.003884 0.006650 0.016239
v -0.003882 0.006454 0.012586
v -0.003860 0.006409 0.011933
v -0.003804 0.006384 0.011911
v -0.003730 0.006351 0.011908
v -0.003655 0.006318 0.011899
v -0.003600 0.006294 0.011785
v -0.003576 0.006284 0.011344
v -0.003600 0.000728 0.011789
v -0.003576 0.000737 0.011344
v -0.003655 0.000708 0.011912
v -0.003730 0.000682 0.011932
v -0.003804 0.000655 0.011946
v -0.003860 0.000634 0.011977
v -0.003882 0.000613 0.012627
v -0.003884 0.000536 0.016246
v -0.003884 0.000523 0.016891
v -0.003884 0.000518 0.017116
v -0.003883 0.000495 0.018245
v -0.003872 0.000490 0.018466
v -0.003696 0.000490 0.018482
v -0.002770 0.000490 0.018484
v -0.001967 0.000490 0.018484
v 0.001167 0.000490 0.018484
v 0.001970 0.000490 0.018484
v 0.002896 0.000490 0.018482
v 0.003072 0.000490 0.018466
v 0.003083 0.000495 0.018245
v 0.003084 0.000518 0.017116
v 0.003084 0.000523 0.016891
v 0.003084 0.000536 0.016246
v 0.003082 0.000613 0.012627
v 0.003060 0.000634 0.011977
v 0.003005 0.000655 0.011946
v 0.002930 0.000682 0.011932
v 0.002855 0.000708 0.011912
v 0.002800 0.000728 0.011789
v 0.002776 0.000737 0.011344
v 0.001789 0.006462 0.018484
v 0.001751 0.006749 0.018484
v 0.001751 0.006301 0.018484
v 0.001789 0.006207 0.018484
v 0.001751 0.006119 0.018484
v 0.001789 0.006024 0.018484
v 0.001751 0.005902 0.018484
v 0.001789 0.005742 0.018484
v 0.001751 0.005530 0.018484
v 0.001789 0.005250 0.018484
v 0.001751 0.004891 0.018484
v 0.001789 0.004471 0.018484
v 0.001751 0.004011 0.018484
v 0.001789 0.003532 0.018484
v 0.001751 0.003052 0.018484
v 0.001789 0.002593 0.018484
v 0.001751 0.002173 0.018484
v 0.001789 0.001814 0.018484
v 0.001751 0.001535 0.018484
v 0.001789 0.001322 0.018484
v 0.001751 0.001165 0.018484
v 0.001789 0.001049 0.018484
v 0.001751 0.000962 0.018484
v 0.001789 0.000890 0.018484
v 0.001751 0.000818 0.018484
v 0.001789 0.000700 0.018484
v 0.001751 0.000490 0.018484
v 0.001714 0.000700 0.018484
v 0.001714 0.001049 0.018484
v 0.001714 0.000890 0.018484
v 0.001714 0.001322 0.018484
v 0.001714 0.001814 0.018484
v 0.001714 0.002593 0.018484
v 0.001714 0.003532 0.018484
v 0.001714 0.004471 0.018484
v 0.001714 0.005250 0.018484
v 0.001714 0.005742 0.018484
v 0.001714 0.006024 0.018484
v 0.001714 0.006207 0.018484
v 0.001714 0.006462 0.018484
v -0.002514 0.006462 0.018484
v -0.002551 0.006749 0.018484
v -0.002514 0.006024 0.018484
v -0.002514 0.006207 0.018484
v -0.002551 0.006119 0.018484
v -0.002551 0.006301 0.018484
v -0.002514 0.005250 0.018484
v -0.002514 0.005742 0.018484
v -0.002551 0.005530 0.018484
v -0.002551 0.005902 0.018484
v -0.002551 0.004891 0.018484
v -0.002514 0.004471 0.018484
v -0.002551 0.004011 0.018484
v -0.002514 0.003532 0.018484
v -0.002551 0.003052 0.018484
v -0.002514 0.002593 0.018484
v -0.002551 0.002173 0.018484
v -0.002514 0.001814 0.018484
v -0.002551 0.001535 0.018484
v -0.002514 0.001322 0.018484
v -0.002551 0.001165 0.018484
v -0.002514 0.001049 0.018484
v -0.002551 0.000962 0.018484
v -0.002514 0.000890 0.018484
v -0.002551 0.000818 0.018484
v -0.002514 0.000700 0.018484
v -0.002551 0.000490 0.018484
v -0.002589 0.000700 0.018484
v -0.002589 0.001049 0.018484
v -0.002589 0.000890 0.018484
v -0.002589 0.001814 0.018484
v -0.002589 0.001322 0.018484
v -0.002589 0.003532 0.018484
v -0.002589 0.002593 0.018484
v -0.002589 0.004471 0.018484
v -0.002589 0.005250 0.018484
v -0.002589 0.005742 0.018484
v -0.002589 0.006024 0.018484
v -0.002589 0.006462 0.018484
v -0.002589 0.006207 0.018484
v 0.003396 0.002710 0.012328
v 0.003312 0.003092 0.011920
v 0.003312 0.003531 0.012359
v 0.003396 0.003123 0.012741
v 0.003396 0.002710 0.011512
v 0.003396 0.003123 0.011099
v 0.003312 0.003531 0.011481
v 0.003396 0.003939 0.011099
v 0.003396 0.004352 0.011512
v 0.003312 0.003970 0.011920
v 0.003396 0.004352 0.012328
v 0.003396 0.003939 0.012741
v 0.003372 0.005130 0.012601
v 0.003247 0.005481 0.011920
v 0.003084 0.005492 0.012758
v 0.003247 0.004953 0.013342
v 0.003372 0.005130 0.011239
v 0.003247 0.004953 0.010497
v 0.003084 0.005492 0.011082
v 0.003084 0.001570 0.011082
v 0.003247 0.002109 0.010497
v 0.003372 0.001932 0.011239
v 0.003247 0.001581 0.011920
v 0.003084 0.001570 0.012758
v 0.003372 0.001932 0.012601
v 0.003247 0.002109 0.013342
v 0.003084 0.002693 0.009958
v 0.003247 0.003531 0.009970
v 0.003372 0.002850 0.010321
v 0.003084 0.004369 0.009958
v 0.003372 0.004212 0.010321
v 0.003084 0.002693 0.013881
v 0.003372 0.002850 0.013519
v 0.003247 0.003531 0.013870
v 0.003084 0.004369 0.013881
v 0.003372 0.004212 0.013519
v 0.002928 0.003531 0.014171
v 0.002928 0.005180 0.013569
v 0.002776 0.004489 0.014156
v 0.002928 0.001882 0.013569
v 0.002776 0.002573 0.014156
v 0.002776 0.001295 0.012878
v 0.002928 0.001280 0.011920
v 0.002776 0.001295 0.010962
v 0.002928 0.001882 0.010271
v 0.002776 0.002573 0.009684
v 0.002928 0.003531 0.009668
v 0.002776 0.004489 0.009684
v 0.002928 0.005180 0.010271
v 0.002776 0.005767 0.010962
v 0.002928 0.005782 0.011920
v 0.002776 0.005767 0.012878
v 0.003413 0.002196 0.011920
v 0.003413 0.002559 0.012891
v 0.003413 0.003531 0.013255
v 0.003413 0.002559 0.010948
v 0.003413 0.003531 0.010585
v 0.003413 0.004502 0.010948
v 0.003413 0.004866 0.011920
v 0.003413 0.004502 0.012891
v -0.004200 0.004352 0.012328
v -0.004116 0.003970 0.011920
v -0.004116 0.003531 0.012359
v -0.004200 0.003939 0.012741
v -0.004200 0.004352 0.011512
v -0.004200 0.003939 0.011099
v -0.004116 0.003531 0.011481
v -0.004200 0.003123 0.011099
v -0.004200 0.002710 0.011512
v -0.004116 0.003092 0.011920
v -0.004200 0.002710 0.012328
v -0.004200 0.003123 0.012741
v -0.004176 0.001932 0.012601
v -0.004051 0.001581 0.011920
v -0.003888 0.001570 0.012758
v -0.004051 0.002109 0.013342
v -0.004176 0.001932 0.011239
v -0.004051 0.002109 0.010497
v -0.003888 0.001570 0.011082
v -0.003888 0.005492 0.011082
v -0.004051 0.004953 0.010497
v -0.004176 0.005130 0.011239
v -0.004051 0.005481 0.011920
v -0.003888 0.005492 0.012758
v -0.004176 0.005130 0.012601
v -0.004051 0.004953 0.013342
v -0.003888 0.004369 0.009958
v -0.004051 0.003531 0.009970
v -0.004176 0.004212 0.010321
v -0.003888 0.002693 0.009958
v -0.004176 0.002850 0.010321
v -0.003888 0.004369 0.013881
v -0.004176 0.004212 0.013519
v -0.004051 0.003531 0.013870
v -0.003888 0.002693 0.013881
v -0.004176 0.002850 0.013519
v -0.003732 0.003531 0.014171
v -0.003732 0.001882 0.013569
v -0.003580 0.002573 0.014156
v -0.003732 0.005180 0.013569
v -0.003580 0.004489 0.014156
v -0.003580 0.005767 0.012878
v -0.003732 0.005782 0.011920
v -0.003580 0.005767 0.010962
v -0.003732 0.005180 0.010271
v -0.003580 0.004489 0.009684
v -0.003732 0.003531 0.009668
v -0.003580 0.002573 0.009684
v -0.003732 0.001882 0.010271
v -0.003580 0.001295 0.010962
v -0.003732 0.001280 0.011920
v -0.003580 0.001295 0.012878
v -0.004217 0.004866 0.011920
v -0.004217 0.004502 0.012891
v -0.004217 0.003531 0.013255
v -0.004217 0.004502 0.010948
v -0.004217 0.003531 0.010585
v -0.004217 0.002559 0.010948
v -0.004217 0.002196 0.011920
v -0.004217 0.002559 0.012891
v 0.000558 0.000740 -0.006342
v 0.000734 0.001238 -0.007593
v 0.000556 0.001923 -0.006899
v 0.000230 0.001346 -0.005913
v -0.001356 0.001923 -0.006899
v -0.001533 0.001238 -0.007593
v -0.001358 0.000740 -0.006342
v -0.001030 0.001346 -0.005913
v -0.000400 0.000819 -0.005392
v -0.000400 0.001970 -0.005928
v -0.000400 0.004972 -0.005792
v 0.000224 0.005582 -0.005775
v -0.000400 0.006155 -0.005245
v -0.001024 0.005582 -0.005775
v -0.001351 0.006155 -0.006276
v -0.001533 0.005553 -0.007561
v -0.001354 0.004943 -0.006802
v 0.000554 0.004943 -0.006802
v 0.000734 0.005553 -0.007561
v 0.000551 0.006155 -0.006276
v -0.000400 0.003502 -0.006203
v 0.000226 0.004259 -0.006305
v -0.001026 0.004259 -0.006305
v 0.000554 0.003471 -0.007196
v 0.000734 0.004205 -0.008058
v -0.001533 0.004205 -0.008058
v -0.001354 0.003471 -0.007196
v 0.000227 0.002701 -0.006379
v -0.001027 0.002701 -0.006379
v -0.001533 0.002636 -0.008098
v 0.000734 0.002636 -0.008098
v -0.000851 0.008293 -0.010956
v -0.000915 0.008348 -0.012834
v -0.001066 0.008348 -0.010956
v -0.000904 0.008348 -0.009162
v -0.001141 -0.007130 -0.016819
v -0.002186 -0.007354 -0.015456
v -0.002617 -0.007097 -0.016675
v -0.001701 -0.007014 -0.017292
v -0.002273 0.008068 -0.008308
v -0.002326 0.008278 -0.008495
v -0.002594 0.008066 -0.009157
v -0.002481 0.007857 -0.008442
v -0.002469 0.008274 -0.013701
v -0.002063 0.008047 -0.014156
v -0.002593 0.007816 -0.013823
v -0.002850 0.008054 -0.012833
v 0.001526 0.008278 -0.008495
v 0.001474 0.008068 -0.008308
v 0.001681 0.007857 -0.008442
v 0.001794 0.008066 -0.009157
v 0.001670 0.008274 -0.013701
v 0.002050 0.008054 -0.012833
v 0.001793 0.007816 -0.013823
v 0.001263 0.008047 -0.014156
v 0.001263 0.001315 -0.007892
v 0.001636 0.001663 -0.008309
v 0.001267 0.002121 -0.008075
v 0.000786 0.001663 -0.007681
v -0.002436 0.001663 -0.008309
v -0.002668 0.002121 -0.008559
v -0.002862 0.001659 -0.009335
v -0.002664 0.001315 -0.008373
v -0.002809 0.002105 -0.014773
v -0.002192 0.001651 -0.015597
v -0.002790 0.001289 -0.015369
v -0.003173 0.001638 -0.013940
v 0.002009 0.002108 -0.014771
v 0.002373 0.001646 -0.013936
v 0.001990 0.001296 -0.015365
v 0.001393 0.001652 -0.015597
v 0.001817 -0.007097 -0.016675
v 0.001455 -0.006920 -0.017207
v 0.002039 -0.006726 -0.016840
v 0.002378 -0.007206 -0.015490
v 0.002053 -0.005546 -0.017401
v 0.001470 -0.005069 -0.017969
v 0.002055 -0.004667 -0.017504
v 0.002398 -0.005069 -0.016204
v 0.001657 -0.003441 -0.009178
v 0.001877 -0.003847 -0.009408
v 0.002057 -0.003440 -0.010375
v 0.001877 -0.003031 -0.009392
v 0.001878 -0.004660 -0.009705
v 0.001658 -0.005067 -0.009650
v 0.001879 -0.005675 -0.009912
v 0.002058 -0.005066 -0.010792
v 0.001883 -0.007656 -0.009944
v 0.001663 -0.008131 -0.009773
v 0.001680 -0.008300 -0.009948
v 0.002060 -0.008001 -0.010787
v -0.002855 -0.003863 -0.017501
v -0.003198 -0.003462 -0.016114
v -0.002855 -0.003055 -0.017360
v -0.002269 -0.003453 -0.017893
v -0.002856 -0.004665 -0.017518
v -0.002270 -0.005068 -0.017974
v -0.002854 -0.005541 -0.017421
v -0.003198 -0.005063 -0.016235
v -0.002839 -0.006725 -0.016846
v -0.002255 -0.006920 -0.017207
v -0.003178 -0.007205 -0.015493
v 0.002055 -0.003860 -0.017494
v 0.001469 -0.003451 -0.017890
v 0.002055 -0.003039 -0.017344
v 0.002398 -0.003449 -0.016098
v 0.002055 -0.002191 -0.017135
v 0.001468 -0.001708 -0.017436
v 0.002051 -0.001203 -0.016715
v 0.002396 -0.001711 -0.015652
v 0.001883 -0.001235 -0.009268
v 0.001660 -0.001725 -0.009253
v 0.001879 -0.002194 -0.009542
v 0.002060 -0.001722 -0.010367
v -0.002460 -0.001725 -0.009253
v -0.002683 -0.001235 -0.009268
v -0.002860 -0.001733 -0.010376
v -0.002679 -0.002193 -0.009542
v -0.002796 0.000956 -0.015582
v -0.002221 0.000463 -0.016377
v -0.002841 -0.000219 -0.016261
v -0.003181 0.000399 -0.014664
v -0.002852 -0.001258 -0.016754
v -0.002268 -0.001719 -0.017444
v -0.002855 -0.002224 -0.017163
v -0.003196 -0.001776 -0.015702
v 0.002040 -0.000152 -0.016220
v 0.001421 0.000474 -0.016370
v 0.001996 0.000974 -0.015571
v 0.002380 0.000464 -0.014624
v -0.002458 -0.005066 -0.009665
v -0.002678 -0.004659 -0.009718
v -0.002858 -0.005065 -0.010815
v -0.002679 -0.005674 -0.009933
v -0.002677 -0.003846 -0.009410
v -0.002457 -0.003440 -0.009179
v -0.002677 -0.003030 -0.009393
v -0.002857 -0.003441 -0.010378
v -0.002480 -0.008300 -0.009949
v -0.002463 -0.008131 -0.009774
v -0.002683 -0.007655 -0.009950
v -0.002860 -0.008001 -0.010790
v 0.000410 0.008099 -0.007511
v 0.000775 0.008092 -0.007714
v 0.000466 0.008301 -0.007648
v -0.002839 0.007836 -0.010949
v -0.002631 0.008276 -0.010955
v -0.001490 0.008273 -0.014288
v -0.001038 0.008054 -0.014539
v -0.001504 0.007809 -0.014527
v 0.001831 0.008276 -0.010955
v 0.002039 0.007836 -0.010949
v 0.000215 0.002121 -0.007457
v -0.000400 0.001663 -0.007259
v 0.000214 0.001315 -0.007279
v -0.003112 0.001294 -0.011681
v -0.003112 0.002108 -0.011441
v -0.000949 0.001655 -0.016064
v -0.001551 0.001302 -0.016156
v -0.001576 0.002115 -0.015571
v 0.002312 0.001301 -0.011677
v 0.002312 0.002112 -0.011439
v 0.002062 0.001660 -0.009334
v 0.002315 -0.004663 -0.013388
v 0.002314 -0.005616 -0.013429
v 0.002314 -0.003853 -0.013242
v 0.002315 -0.003034 -0.013149
v 0.002307 -0.007234 -0.013149
v 0.002063 -0.007754 -0.013053
v -0.003107 -0.007232 -0.013158
v -0.002863 -0.007754 -0.013054
v -0.000974 -0.006894 -0.017681
v -0.001615 -0.006640 -0.017654
v 0.000831 -0.008129 -0.009149
v 0.000388 -0.007639 -0.008907
v -0.000027 -0.008090 -0.008775
v 0.000462 -0.008281 -0.009031
v 0.000828 -0.005070 -0.009010
v 0.000387 -0.004667 -0.008642
v -0.000028 -0.005070 -0.008631
v 0.000387 -0.005674 -0.008861
v 0.000827 -0.003448 -0.008533
v 0.000387 -0.003037 -0.008335
v -0.000028 -0.003449 -0.008153
v 0.000386 -0.003858 -0.008338
v -0.003115 -0.004660 -0.013410
v -0.003114 -0.005611 -0.013461
v -0.003114 -0.003855 -0.013250
v -0.003115 -0.003050 -0.013166
v -0.000978 -0.003451 -0.018348
v -0.001622 -0.003860 -0.018244
v -0.001622 -0.003039 -0.018112
v -0.000978 -0.005069 -0.018431
v -0.001622 -0.005534 -0.018186
v -0.001623 -0.004667 -0.018267
v 0.002314 -0.000180 -0.012379
v 0.002312 0.000974 -0.011817
v 0.002096 0.000441 -0.009624
v -0.003112 0.000956 -0.011827
v -0.003114 -0.000246 -0.012420
v -0.002896 0.000430 -0.009630
v -0.001558 0.000980 -0.016368
v -0.000960 0.000477 -0.016841
v -0.001611 -0.000147 -0.017043
v 0.002315 -0.002192 -0.013108
v 0.002314 -0.001220 -0.012750
v 0.000830 -0.001727 -0.008624
v 0.000388 -0.001241 -0.008227
v -0.000027 -0.001728 -0.008246
v 0.000387 -0.002196 -0.008499
v -0.003115 -0.002224 -0.013136
v -0.003115 -0.001274 -0.012789
v -0.000978 -0.001708 -0.017905
v -0.001622 -0.002192 -0.017925
v -0.001621 -0.001201 -0.017526
v 0.000704 0.007809 -0.014527
v 0.000238 0.008054 -0.014539
v 0.000690 0.008273 -0.014288
v 0.000752 0.001302 -0.016156
v 0.000150 0.001655 -0.016064
v 0.000777 0.002115 -0.015571
v 0.000759 0.000980 -0.016368
v 0.000811 -0.000147 -0.017042
v 0.000161 0.000477 -0.016841
v 0.000822 -0.002192 -0.017925
v 0.000178 -0.001708 -0.017905
v 0.000821 -0.001201 -0.017526
v 0.000822 -0.003860 -0.018244
v 0.000178 -0.003451 -0.018348
v 0.000822 -0.003039 -0.018112
v 0.000822 -0.005534 -0.018186
v 0.000178 -0.005069 -0.018431
v 0.000823 -0.004667 -0.018267
v 0.000901 -0.007014 -0.017292
v 0.000174 -0.006894 -0.017681
v 0.000815 -0.006640 -0.017654
v -0.000812 0.007843 -0.007440
v -0.001070 0.007906 -0.007435
v -0.001090 0.007797 -0.007413
v -0.001014 0.001315 -0.007279
v -0.001015 0.002121 -0.007457
v -0.001586 0.001663 -0.007681
v -0.001187 -0.002196 -0.008499
v -0.000773 -0.001728 -0.008246
v -0.001188 -0.001241 -0.008227
v -0.001629 -0.001727 -0.008624
v -0.001186 -0.003858 -0.008338
v -0.000772 -0.003449 -0.008153
v -0.001187 -0.003037 -0.008335
v -0.001627 -0.003448 -0.008533
v -0.001187 -0.005674 -0.008861
v -0.000772 -0.005070 -0.008631
v -0.001187 -0.004667 -0.008642
v -0.001628 -0.005070 -0.009012
v -0.000773 -0.008090 -0.008775
v -0.001188 -0.007639 -0.008907
v -0.001631 -0.008129 -0.009149
v -0.001262 -0.008281 -0.009031
v 0.001574 0.008348 -0.012803
v 0.001009 0.008348 -0.010956
v 0.001291 0.008348 -0.009169
v 0.001386 -0.007354 -0.015456
v 0.000341 -0.007130 -0.016819
v 0.001183 -0.008217 -0.010779
v 0.000423 -0.007800 -0.013045
v -0.001223 -0.007800 -0.013045
v -0.001983 -0.008217 -0.010779
v 0.000928 -0.008350 -0.009723
v 0.000295 -0.008352 -0.009917
v -0.001095 -0.008352 -0.009917
v -0.001728 -0.008350 -0.009723
v 0.001182 0.008348 -0.013970
v 0.001163 0.008348 -0.013652
v -0.000872 0.008291 -0.013806
v -0.000930 0.008348 -0.014164
v -0.001109 0.008348 -0.013758
v -0.000851 0.008293 -0.008459
v -0.001031 0.008348 -0.008464
v -0.000903 0.008348 -0.008232
v 0.000810 0.008348 -0.008480
v 0.001130 0.008348 -0.008340
v -0.002890 0.003938 -0.009039
v -0.002678 0.003154 -0.008482
v -0.002473 0.003962 -0.008106
v -0.002744 0.004727 -0.008101
v -0.001018 0.003154 -0.007379
v -0.000400 0.003962 -0.007036
v -0.001036 0.004727 -0.006949
v -0.001607 0.003962 -0.007465
v 0.000218 0.003154 -0.007379
v 0.000807 0.003962 -0.007465
v 0.000236 0.004727 -0.006949
v 0.001274 0.003154 -0.007998
v 0.001673 0.003962 -0.008106
v 0.001323 0.004727 -0.007593
v 0.002090 0.003938 -0.009039
v 0.002307 0.003124 -0.011108
v 0.002336 0.003787 -0.013073
v 0.002281 0.004560 -0.010914
v 0.002027 0.003091 -0.014207
v 0.001486 0.003712 -0.014744
v 0.002018 0.004327 -0.014285
v 0.000812 0.003088 -0.015031
v 0.000189 0.003698 -0.015242
v 0.000880 0.004251 -0.015213
v -0.000989 0.003698 -0.015242
v -0.001612 0.003088 -0.015031
v -0.002286 0.003712 -0.014744
v -0.001680 0.004251 -0.015213
v -0.002827 0.003091 -0.014207
v -0.003136 0.003787 -0.013073
v -0.002818 0.004327 -0.014285
v -0.003107 0.003124 -0.011108
v -0.003081 0.004560 -0.010914
v 0.002389 -0.006264 -0.015878
v 0.001463 -0.006134 -0.017621
v 0.002059 -0.006629 -0.010837
v 0.001661 -0.006688 -0.009763
v 0.000830 -0.006687 -0.009132
v -0.000027 -0.006670 -0.008755
v -0.000773 -0.006670 -0.008755
v -0.001629 -0.006687 -0.009134
v -0.002461 -0.006688 -0.009774
v -0.002859 -0.006627 -0.010854
v -0.003189 -0.006259 -0.015901
v -0.002263 -0.006133 -0.017624
v -0.000976 -0.006122 -0.018090
v 0.000176 -0.006122 -0.018090
v 0.002417 0.005223 -0.011107
v 0.002305 0.005145 -0.011085
v 0.002406 0.005009 -0.013391
v 0.002224 0.004908 -0.014502
v 0.002043 0.004838 -0.014379
v 0.001641 0.004816 -0.015095
v 0.000923 0.004730 -0.015366
v 0.000248 0.004774 -0.015659
v 0.001013 0.004797 -0.015566
v -0.001813 0.004797 -0.015566
v -0.001048 0.004774 -0.015659
v -0.001723 0.004730 -0.015366
v -0.002441 0.004816 -0.015095
v -0.003024 0.004908 -0.014502
v -0.002843 0.004838 -0.014379
v -0.003206 0.005009 -0.013391
v -0.003217 0.005223 -0.011107
v -0.003105 0.005145 -0.011085
v 0.001722 0.005175 -0.007786
v 0.001342 0.005396 -0.007388
v 0.000836 0.005175 -0.007119
v 0.000243 0.005396 -0.006737
v -0.000400 0.005175 -0.006680
v -0.001043 0.005396 -0.006737
v -0.001636 0.005175 -0.007119
v -0.002522 0.005175 -0.007786
v -0.002771 0.005396 -0.007905
v -0.002928 0.005123 -0.008777
v -0.003077 0.004789 -0.013106
v -0.002338 0.004603 -0.014938
v -0.001014 0.004567 -0.015470
v 0.001538 0.004603 -0.014938
v 0.000214 0.004567 -0.015470
v 0.002277 0.004789 -0.013106
v 0.002128 0.005123 -0.008777
v 0.001635 0.002580 -0.008375
v 0.000786 0.002580 -0.007751
v -0.000400 0.002580 -0.007330
v -0.001586 0.002580 -0.007751
v -0.002435 0.002580 -0.008375
v -0.002861 0.002577 -0.009305
v -0.003178 0.002563 -0.013350
v -0.002229 0.002574 -0.014930
v -0.000963 0.002576 -0.015400
v 0.001429 0.002574 -0.014930
v 0.000164 0.002576 -0.015400
v 0.002378 0.002566 -0.013348
v 0.002061 0.002577 -0.009304
v 0.001465 -0.000694 -0.016996
v 0.002392 -0.000705 -0.015208
v 0.002063 -0.000740 -0.010077
v 0.001881 -0.000389 -0.009048
v 0.001664 -0.000748 -0.008989
v 0.000832 -0.000753 -0.008360
v 0.000388 -0.000399 -0.008020
v -0.000027 -0.000755 -0.007982
v -0.000773 -0.000755 -0.007982
v -0.001188 -0.000399 -0.008020
v -0.001632 -0.000753 -0.008360
v -0.002464 -0.000748 -0.008989
v -0.002681 -0.000389 -0.009048
v -0.002863 -0.000757 -0.010087
v -0.003192 -0.000805 -0.015273
v -0.002266 -0.000712 -0.017007
v -0.000977 -0.000693 -0.017470
v 0.000177 -0.000693 -0.017470
v 0.001658 -0.002623 -0.009312
v 0.002058 -0.002622 -0.010463
v 0.000828 -0.002625 -0.008677
v -0.000028 -0.002626 -0.008299
v -0.000772 -0.002626 -0.008299
v -0.001628 -0.002625 -0.008678
v -0.002458 -0.002623 -0.009312
v -0.002858 -0.002628 -0.010469
v -0.003198 -0.002661 -0.015982
v -0.002269 -0.002633 -0.017739
v -0.000978 -0.002628 -0.018198
v 0.001469 -0.002627 -0.017734
v 0.000178 -0.002628 -0.018198
v 0.002398 -0.002625 -0.015948
v 0.001469 -0.004265 -0.017969
v 0.002398 -0.004263 -0.016193
v 0.002057 -0.004254 -0.010545
v 0.001657 -0.004256 -0.009360
v 0.000827 -0.004263 -0.008713
v -0.000028 -0.004264 -0.008332
v -0.000772 -0.004264 -0.008332
v -0.001627 -0.004263 -0.008714
v -0.002457 -0.004255 -0.009366
v -0.002857 -0.004253 -0.010554
v -0.003198 -0.004263 -0.016207
v -0.002269 -0.004265 -0.017971
v -0.000978 -0.004265 -0.018426
v 0.000178 -0.004265 -0.018426
v 0.002509 0.005080 -0.013194
v 0.002367 0.005611 -0.010888
v 0.002209 0.005455 -0.008742
v 0.002189 0.005322 -0.014422
v 0.001723 0.004872 -0.015189
v 0.000981 0.005226 -0.015446
v 0.000273 0.004831 -0.015772
v -0.001780 0.005226 -0.015446
v -0.001073 0.004831 -0.015772
v -0.002523 0.004872 -0.015189
v -0.002989 0.005322 -0.014422
v -0.003309 0.005080 -0.013194
v -0.003009 0.005455 -0.008742
v -0.003167 0.005611 -0.010888
v 0.002919 0.000334 0.011578
v 0.003084 0.000444 0.010535
v 0.003084 0.000618 0.011578
v 0.002917 0.000401 0.011629
v 0.002919 0.006678 0.011578
v 0.002481 0.006653 0.010866
v 0.001926 0.006700 0.011578
v 0.002418 0.006681 0.011629
v 0.001929 -0.002672 0.000337
v 0.001174 -0.002726 -0.000136
v 0.001737 -0.002518 -0.000652
v 0.001892 -0.002311 -0.000136
v 0.000595 0.000999 -0.000204
v 0.001380 0.000813 -0.000204
v 0.000577 0.000771 -0.000670
v -0.000400 0.000813 -0.000204
v 0.001622 0.000615 0.011646
v 0.001496 0.000401 0.011646
v 0.001622 0.000324 0.011646
v 0.001884 0.000401 0.011646
v 0.001926 0.000303 0.011578
v 0.002481 0.000339 0.010866
v 0.002418 0.000332 0.011629
v 0.002417 0.000615 0.011646
v 0.001434 0.008194 0.011578
v 0.001625 0.008191 0.011629
v 0.001728 0.008189 0.011578
v 0.001795 0.008158 0.010535
v 0.001760 0.006918 0.011578
v 0.001720 0.006725 0.011629
v 0.001933 0.006663 0.010535
v 0.001622 0.006922 0.011646
v 0.001425 0.006726 0.011646
v 0.001622 0.006689 0.011646
v 0.001871 0.000813 -0.000187
v 0.001927 0.000997 -0.000136
v 0.002074 0.000799 0.000337
v 0.001927 0.000734 -0.000136
v 0.001870 0.006131 -0.000652
v 0.001927 0.006382 -0.000136
v 0.002074 0.006175 0.000337
v 0.001927 0.006124 -0.000136
v 0.001929 0.007836 0.000337
v 0.001892 0.007818 -0.000136
v 0.001737 0.007795 -0.000652
v 0.001576 0.007825 -0.000136
v 0.001728 -0.000962 0.011578
v 0.001625 -0.000957 0.011629
v 0.001061 -0.001136 0.011578
v 0.001795 -0.001289 0.010535
v 0.001256 0.006014 -0.002065
v 0.000577 0.006085 -0.000670
v -0.000400 0.006014 -0.002065
v 0.000518 0.005868 -0.003910
v 0.001713 0.007703 -0.002065
v 0.001531 0.007647 -0.004000
v 0.001421 0.007709 -0.002065
v 0.001708 0.006022 -0.002065
v 0.001691 0.005911 -0.003953
v 0.001745 0.006268 -0.002065
v 0.001256 0.000806 -0.002065
v 0.000571 0.000897 -0.003910
v -0.000400 0.000806 -0.002065
v 0.001713 -0.001559 -0.002065
v 0.001051 -0.001881 -0.002065
v 0.001552 -0.001155 -0.004042
v 0.001416 -0.000640 -0.006394
v 0.001803 -0.000412 -0.008061
v 0.001752 -0.000477 -0.006254
v 0.000314 0.001037 -0.005700
v 0.000154 0.001151 -0.006750
v -0.000400 0.001049 -0.005636
v 0.001814 0.005704 -0.005872
v 0.002054 0.005579 -0.007393
v 0.001830 0.005993 -0.005925
v 0.001666 0.007680 -0.006123
v 0.001655 0.007757 -0.007729
v 0.001382 0.007687 -0.005999
v 0.001156 0.005526 -0.006866
v 0.001356 0.005684 -0.005762
v -0.000400 0.005674 -0.005426
v 0.000337 0.005526 -0.006394
v 0.001720 -0.000439 0.011629
v 0.001622 0.000086 0.011646
v 0.001054 -0.000438 0.011646
v 0.001870 -0.000949 -0.000652
v 0.001927 0.000195 -0.000136
v 0.002074 -0.001045 0.000337
v 0.001674 -0.000170 -0.004019
v 0.001745 0.000389 -0.002065
v 0.001941 0.000333 -0.007895
v 0.001786 0.000761 -0.006049
v 0.001884 0.006636 0.011646
v 0.002417 0.006442 0.011646
v 0.002917 0.006635 0.011629
v 0.001622 0.006442 0.011646
v 0.001496 0.006636 0.011646
v 0.001380 0.006076 -0.000204
v 0.000595 0.005916 -0.000204
v -0.000400 0.006076 -0.000204
v 0.002074 0.006092 0.000337
v 0.001927 0.005918 -0.000136
v 0.001871 0.006076 -0.000187
v 0.003084 0.006438 0.011578
v 0.003084 0.006574 0.010535
v -0.003717 0.000401 0.011629
v -0.003884 0.000618 0.011578
v -0.003884 0.000444 0.010535
v -0.003718 0.000334 0.011578
v -0.003218 0.006681 0.011629
v -0.002726 0.006700 0.011578
v -0.003281 0.006653 0.010866
v -0.003718 0.006678 0.011578
v -0.002537 -0.002518 -0.000652
v -0.001974 -0.002726 -0.000136
v -0.002728 -0.002672 0.000337
v -0.002692 -0.002311 -0.000136
v -0.001395 0.000999 -0.000204
v -0.001377 0.000771 -0.000670
v -0.002180 0.000813 -0.000204
v -0.002296 0.000401 0.011646
v -0.002422 0.000615 0.011646
v -0.002684 0.000401 0.011646
v -0.002422 0.000324 0.011646
v -0.003218 0.000332 0.011629
v -0.003281 0.000339 0.010866
v -0.002726 0.000303 0.011578
v -0.003216 0.000615 0.011646
v -0.002528 0.008189 0.011578
v -0.002425 0.008191 0.011629
v -0.002234 0.008194 0.011578
v -0.002595 0.008158 0.010535
v -0.002874 0.000799 0.000337
v -0.002727 0.000997 -0.000136
v -0.002671 0.000813 -0.000187
v -0.002727 0.000734 -0.000136
v -0.002728 0.007836 0.000337
v -0.002376 0.007825 -0.000136
v -0.002537 0.007795 -0.000652
v -0.002692 0.007818 -0.000136
v -0.001861 -0.001136 0.011578
v -0.002425 -0.000957 0.011629
v -0.002528 -0.000962 0.011578
v -0.002595 -0.001289 0.010535
v -0.001377 0.006085 -0.000670
v -0.002056 0.006014 -0.002065
v -0.001318 0.005868 -0.003910
v -0.002513 0.007703 -0.002065
v -0.002221 0.007709 -0.002065
v -0.002331 0.007647 -0.004000
v -0.001371 0.000897 -0.003910
v -0.002056 0.000806 -0.002065
v -0.002513 -0.001559 -0.002065
v -0.002352 -0.001155 -0.004042
v -0.001850 -0.001881 -0.002065
v -0.002552 -0.000477 -0.006254
v -0.002603 -0.000412 -0.008061
v -0.002216 -0.000640 -0.006394
v -0.000954 0.001151 -0.006750
v -0.001113 0.001037 -0.005700
v -0.002182 0.007687 -0.005999
v -0.002455 0.007757 -0.007729
v -0.002466 0.007680 -0.006123
v -0.001137 0.005526 -0.006394
v -0.002156 0.005684 -0.005762
v -0.001956 0.005526 -0.006866
v -0.002474 -0.000170 -0.004019
v -0.002586 0.000761 -0.006049
v -0.002741 0.000333 -0.007895
v -0.002670 -0.000949 -0.000652
v -0.002544 0.000389 -0.002065
v -0.002874 -0.001045 0.000337
v -0.002727 0.000195 -0.000136
v -0.002520 -0.000439 0.011629
v -0.002560 0.000086 0.011578
v -0.002733 -0.000501 0.010535
v -0.002422 0.000086 0.011646
v -0.001854 -0.000438 0.011646
v -0.002422 0.006922 0.011646
v -0.002520 0.006725 0.011629
v -0.002422 0.006689 0.011646
v -0.002225 0.006726 0.011646
v -0.002560 0.006918 0.011578
v -0.002733 0.006663 0.010535
v -0.002874 0.006175 0.000337
v -0.002727 0.006382 -0.000136
v -0.002670 0.006131 -0.000652
v -0.002727 0.006124 -0.000136
v -0.002544 0.006268 -0.002065
v -0.002491 0.005911 -0.003953
v -0.002508 0.006022 -0.002065
v -0.002630 0.005993 -0.005925
v -0.002853 0.005579 -0.007393
v -0.002614 0.005704 -0.005872
v -0.003717 0.006635 0.011629
v -0.003216 0.006442 0.011646
v -0.002684 0.006636 0.011646
v -0.002422 0.006442 0.011646
v -0.002296 0.006636 0.011646
v -0.001395 0.005916 -0.000204
v -0.002180 0.006076 -0.000204
v -0.002671 0.006076 -0.000187
v -0.002727 0.005918 -0.000136
v -0.002874 0.006092 0.000337
v -0.003884 0.006438 0.011578
v -0.003884 0.006574 0.010535
v 0.002975 0.000482 0.007870
v 0.003073 0.000679 0.004527
v 0.003084 0.000765 0.007539
v 0.002975 0.006470 0.007870
v 0.002482 0.006492 0.007870
v 0.002482 0.000449 0.007870
v 0.002001 0.008054 0.007539
v 0.002386 0.008048 0.007539
v 0.002714 0.007949 0.004527
v 0.002428 0.006704 0.007539
v 0.002909 0.006328 0.004527
v 0.002386 -0.001463 0.007539
v 0.001513 -0.001727 0.007539
v 0.002714 -0.002166 0.004527
v 0.001760 0.000086 0.011578
v 0.001933 -0.000501 0.010535
v 0.003084 0.006229 0.007539
v 0.003073 0.006243 0.004527
v -0.003775 0.000482 0.007870
v -0.003884 0.000765 0.007539
v -0.003873 0.000679 0.004527
v -0.003282 0.006492 0.007870
v -0.003775 0.006470 0.007870
v -0.003282 0.000449 0.007870
v -0.003186 0.008048 0.007539
v -0.002801 0.008054 0.007539
v -0.003514 0.007949 0.004527
v -0.003186 -0.001463 0.007539
v -0.003514 -0.002166 0.004527
v -0.002313 -0.001727 0.007539
v -0.003228 0.000132 0.007539
v -0.003709 -0.000841 0.004527
v -0.003228 0.006704 0.007539
v -0.003709 0.006328 0.004527
v -0.003884 0.006229 0.007539
v -0.003873 0.006243 0.004527
v 0.002417 0.005074 0.011646
v 0.001884 0.003524 0.011646
v 0.002417 0.001977 0.011646
v 0.002917 0.003524 0.011629
v 0.001622 0.005074 0.011646
v 0.001496 0.003524 0.011646
v 0.001622 0.001977 0.011646
v -0.002296 0.003524 0.011646
v -0.002422 0.005074 0.011646
v -0.002684 0.003524 0.011646
v -0.002422 0.001977 0.011646
v -0.003717 0.003524 0.011629
v -0.003216 0.001977 0.011646
v -0.003216 0.005074 0.011646
v -0.003884 0.001978 0.011578
v -0.003884 0.005072 0.011578
v -0.003884 0.003518 0.010535
v -0.003873 0.003487 0.004527
v -0.003884 0.002050 0.007539
v -0.003884 0.004955 0.007539
v -0.002671 0.003476 -0.000187
v -0.002727 0.002166 -0.000136
v -0.002874 0.003477 0.000337
v -0.002727 0.004782 -0.000136
v -0.000400 0.003476 -0.000204
v -0.001395 0.002167 -0.000204
v -0.002180 0.003476 -0.000204
v -0.001395 0.004781 -0.000204
v 0.001380 0.003476 -0.000204
v 0.000595 0.002167 -0.000204
v 0.000595 0.004781 -0.000204
v 0.001871 0.003476 -0.000187
v 0.001927 0.004782 -0.000136
v 0.002074 0.003477 0.000337
v 0.001927 0.002166 -0.000136
v 0.003084 0.004955 0.007539
v 0.003084 0.003518 0.010535
v 0.003084 0.002050 0.007539
v 0.003073 0.003487 0.004527
v 0.003084 0.001978 0.011578
v 0.003084 0.005072 0.011578
v 0.002428 0.000132 0.007539
v 0.002909 -0.000841 0.004527
v 0.000659 0.007687 -0.005704
v 0.000308 0.007757 -0.006876
v -0.000079 0.007687 -0.005538
v 0.000261 0.007647 -0.003879
v 0.000679 0.007709 -0.002065
v -0.000074 0.007709 -0.002065
v 0.000330 0.007795 -0.000652
v 0.000396 0.007836 0.000337
v 0.000771 0.007825 -0.000136
v -0.000046 0.007825 -0.000136
v 0.000351 0.008158 0.010535
v 0.001023 0.008054 0.007539
v 0.000665 0.007949 0.004527
v 0.000030 0.008054 0.007539
v 0.000687 0.008194 0.011578
v -0.000071 0.008194 0.011578
v 0.000292 0.008191 0.011629
v 0.000291 0.006697 0.011646
v 0.000681 0.006726 0.011646
v 0.000291 0.006922 0.011646
v -0.000073 0.006726 0.011646
v -0.001091 0.006697 0.011646
v -0.000727 0.006726 0.011646
v -0.001091 0.006922 0.011646
v -0.001481 0.006726 0.011646
v -0.000729 0.008194 0.011578
v -0.001150 0.008158 0.010535
v -0.001487 0.008194 0.011578
v -0.001092 0.008191 0.011629
v -0.001823 0.008054 0.007539
v -0.000830 0.008054 0.007539
v -0.001465 0.007949 0.004527
v -0.000726 0.007709 -0.002065
v -0.001061 0.007647 -0.003879
v -0.001479 0.007709 -0.002065
v -0.001130 0.007795 -0.000652
v -0.000721 0.007687 -0.005538
v -0.001108 0.007757 -0.006876
v -0.001459 0.007687 -0.005704
v -0.002165 0.001025 -0.005857
v -0.002585 0.001139 -0.007510
v -0.002549 0.001017 -0.005989
v -0.002333 0.000897 -0.003965
v -0.002508 0.000792 -0.002065
v -0.002510 0.000771 -0.000670
v -0.002547 0.000999 -0.000204
v -0.002547 0.002167 -0.000204
v -0.002547 0.004781 -0.000204
v -0.002547 0.005916 -0.000204
v -0.002510 0.006085 -0.000670
v -0.002348 0.005878 -0.003934
v -0.002692 0.005536 -0.007265
v 0.002011 0.000958 -0.008407
v 0.001972 -0.000117 -0.008841
v 0.000774 0.001188 -0.007404
v 0.001142 0.001139 -0.007120
v 0.001617 0.001188 -0.008003
v -0.000400 0.001188 -0.007003
v -0.001574 0.001188 -0.007404
v -0.002417 0.001188 -0.008003
v -0.002770 0.001181 -0.008280
v -0.002811 0.000958 -0.008407
v -0.002771 -0.000117 -0.008841
v -0.002447 -0.000298 -0.008668
v -0.000770 -0.000306 -0.007712
v -0.001321 -0.000377 -0.007513
v -0.001621 -0.000304 -0.008071
v 0.000821 -0.000304 -0.008071
v 0.000521 -0.000377 -0.007513
v -0.000030 -0.000306 -0.007712
v 0.001647 -0.000298 -0.008668
v 0.001878 0.003154 -0.008482
v 0.001944 0.004727 -0.008101
v 0.001971 0.005396 -0.007905
v 0.001548 0.005878 -0.003934
v 0.001892 0.005536 -0.007265
v 0.001710 0.006085 -0.000670
v 0.001747 0.005916 -0.000204
v 0.001747 0.002167 -0.000204
v 0.001747 0.004781 -0.000204
v 0.001710 0.000771 -0.000670
v 0.001747 0.000999 -0.000204
v 0.001708 0.000792 -0.002065
v 0.001533 0.000897 -0.003965
v 0.001785 0.001139 -0.007510
v 0.001365 0.001025 -0.005857
v 0.001749 0.001017 -0.005989
v 0.001971 0.001181 -0.008280
v 0.001864 0.001315 -0.008373
v 0.001868 0.002121 -0.008559
v -0.002074 0.003154 -0.007998
v -0.002123 0.004727 -0.007593
v -0.002142 0.005396 -0.007388
v -0.001942 0.001139 -0.007120
v -0.002063 0.001315 -0.007892
v -0.002067 0.002121 -0.008075
v 0.002088 0.005822 -0.008028
v 0.002092 0.005488 -0.007919
v 0.001484 0.007784 -0.008181
v 0.001784 0.007775 -0.008434
v 0.000723 0.007784 -0.007575
v 0.000290 0.007797 -0.007413
v -0.000060 0.007784 -0.007234
v -0.000740 0.007784 -0.007234
v -0.001523 0.007784 -0.007575
v -0.002284 0.007784 -0.008181
v -0.002584 0.007775 -0.008434
v -0.002888 0.005822 -0.008028
v -0.002892 0.005488 -0.007919
v -0.002522 0.005477 -0.007616
v -0.001635 0.005477 -0.006960
v -0.000400 0.005477 -0.006528
v 0.000835 0.005477 -0.006960
v 0.001722 0.005477 -0.007616
v -0.000400 0.007757 -0.006732
v -0.000400 0.007787 -0.007383
v -0.000400 0.007647 -0.003859
v -0.000400 0.007795 -0.000652
v -0.000400 0.007836 0.000337
v -0.000754 0.007825 -0.000136
v -0.000400 0.008158 0.010535
v -0.000400 0.007949 0.004527
v -0.000400 0.008191 0.011629
v -0.000400 0.006697 0.011646
v -0.000400 0.006922 0.011646
v -0.000400 -0.000421 -0.007076
v -0.000400 -0.000400 -0.007832
v -0.000400 -0.001241 -0.008036
v -0.000400 -0.002196 -0.008308
v -0.000400 -0.003037 -0.008144
v -0.000400 -0.003858 -0.008147
v -0.000400 -0.004667 -0.008452
v -0.000400 -0.005671 -0.008671
v -0.000400 -0.007618 -0.008718
v -0.000400 -0.008256 -0.008861
v -0.000845 0.008293 -0.007836
v -0.001024 0.008348 -0.007882
v -0.000930 0.008286 -0.007519
v 0.000735 0.008348 -0.008019
v 0.001098 0.008278 -0.008047
v 0.001139 0.007857 -0.007966
v 0.001114 0.007757 -0.007327
v 0.001019 0.007647 -0.003943
v 0.001169 0.007795 -0.000652
v 0.001310 0.007836 0.000337
v 0.001212 0.008158 0.010535
v 0.001887 0.007949 0.004527
v 0.001087 0.008191 0.011629
v 0.001085 0.006922 0.011646
v 0.001085 0.006697 0.011646
v 0.001183 -0.000373 -0.007897
v 0.001282 -0.000394 -0.008572
v 0.001283 -0.001238 -0.008785
v 0.001281 -0.002195 -0.009059
v 0.001280 -0.003034 -0.008901
v 0.001279 -0.003853 -0.008909
v 0.001280 -0.004664 -0.009211
v 0.001281 -0.005676 -0.009424
v 0.001283 -0.007658 -0.009463
v 0.001134 -0.008300 -0.009447
v 0.000113 -0.008330 -0.009274
v -0.000913 -0.008330 -0.009274
v -0.001934 -0.008300 -0.009447
v -0.002083 -0.007658 -0.009466
v -0.002081 -0.005676 -0.009433
v -0.002080 -0.004664 -0.009216
v -0.002079 -0.003853 -0.008910
v -0.002079 -0.003034 -0.008901
v -0.002081 -0.002195 -0.009059
v -0.002083 -0.001238 -0.008786
v -0.002082 -0.000394 -0.008572
v -0.001983 -0.000373 -0.007897
v 0.000462 -0.000643 -0.006004
v -0.000400 -0.001157 -0.003904
v -0.000400 -0.002518 -0.000652
v -0.000400 -0.002672 0.000337
v -0.000400 -0.001289 0.010535
v -0.000400 -0.002166 0.004527
v -0.000400 -0.000957 0.011629
v -0.000400 0.000088 0.011646
v -0.001885 0.006922 0.011646
v -0.001885 0.006697 0.011646
v -0.001887 0.008191 0.011629
v -0.002012 0.008158 0.010535
v -0.002687 0.007949 0.004527
v -0.001969 0.007795 -0.000652
v -0.002110 0.007836 0.000337
v -0.001571 0.007825 -0.000136
v -0.001819 0.007647 -0.003943
v -0.001914 0.007757 -0.007327
v -0.001938 0.007857 -0.007966
v -0.001898 0.008278 -0.008047
v -0.001575 0.008092 -0.007714
v -0.000400 0.002116 -0.015786
v -0.000400 0.003087 -0.015249
v -0.000400 0.001303 -0.016371
v -0.000400 0.000981 -0.016582
v -0.000400 -0.000146 -0.017257
v -0.000400 -0.001201 -0.017741
v -0.000400 -0.002192 -0.018141
v -0.000400 -0.003039 -0.018327
v -0.000400 -0.003860 -0.018459
v -0.000400 -0.004667 -0.018483
v -0.000400 -0.005534 -0.018401
v -0.000400 -0.006640 -0.017870
v -0.000400 -0.007014 -0.017481
v -0.000400 -0.007354 -0.015483
v -0.000400 -0.008216 -0.010773
v -0.000400 -0.008342 -0.009666
v -0.000400 0.007788 -0.008213
v -0.000685 0.007803 -0.007790
v -0.000115 0.007803 -0.007790
v -0.000400 0.007788 -0.009161
v -0.000725 0.007803 -0.008459
v -0.000075 0.007803 -0.008459
v -0.000400 0.007784 -0.012871
v -0.000724 0.007803 -0.010956
v -0.000076 0.007803 -0.010956
v -0.000400 0.007754 -0.014430
v -0.000744 0.007785 -0.013931
v -0.000056 0.007785 -0.013931
v -0.000400 0.004786 -0.015817
v -0.000400 0.005217 -0.015692
v -0.000400 0.004720 -0.015604
v -0.000400 0.004244 -0.015443
v 0.000074 0.008106 -0.014302
v 0.000057 0.007934 -0.013909
v 0.000038 0.008126 -0.012853
v 0.000072 0.008291 -0.013806
v 0.000032 0.007948 -0.010956
v 0.000033 0.008128 -0.009161
v 0.000051 0.008293 -0.010956
v 0.000034 0.007948 -0.008459
v 0.000029 0.008128 -0.008220
v 0.000051 0.008293 -0.008459
v -0.000006 0.007948 -0.007802
v 0.000052 0.008120 -0.007478
v 0.000045 0.008293 -0.007836
v -0.000794 0.007948 -0.007802
v -0.000822 0.007848 -0.008214
v -0.000834 0.007948 -0.008459
v -0.000833 0.007848 -0.009161
v -0.000832 0.007948 -0.010956
v -0.000839 0.007844 -0.012870
v -0.000878 0.007812 -0.014417
v -0.000857 0.007934 -0.013909
v 0.001786 0.007724 -0.007817
v 0.001861 0.007454 -0.008390
v 0.001882 0.007748 -0.009136
v 0.001719 0.007403 -0.006101
v 0.001653 0.007620 -0.004013
v 0.001745 0.007467 -0.002065
v 0.001870 0.007769 -0.000652
v 0.002074 0.007811 0.000337
v 0.001927 0.007582 -0.000136
v 0.001933 0.008135 0.010535
v 0.002428 0.007827 0.007539
v 0.002909 0.007924 0.004527
v 0.001720 0.008174 0.011629
v 0.001760 0.007980 0.011578
v 0.001622 0.007983 0.011646
v 0.001425 0.008174 0.011646
v 0.001085 0.007983 0.011646
v 0.000681 0.008174 0.011646
v 0.000291 0.007983 0.011646
v -0.000073 0.008174 0.011646
v -0.000400 0.007983 0.011646
v -0.000727 0.008174 0.011646
v -0.001091 0.007983 0.011646
v -0.001481 0.008174 0.011646
v -0.002225 0.008174 0.011646
v -0.001885 0.007983 0.011646
v -0.002520 0.008174 0.011629
v -0.002422 0.007983 0.011646
v -0.002560 0.007980 0.011578
v -0.002733 0.008135 0.010535
v -0.003228 0.007827 0.007539
v -0.003709 0.007924 0.004527
v -0.002670 0.007769 -0.000652
v -0.002727 0.007582 -0.000136
v -0.002874 0.007811 0.000337
v -0.002544 0.007467 -0.002065
v -0.002453 0.007620 -0.004013
v -0.002519 0.007403 -0.006101
v -0.002586 0.007724 -0.007817
v -0.002661 0.007454 -0.008390
v -0.002682 0.007748 -0.009136
v -0.002905 0.007410 -0.010938
v -0.002911 0.007719 -0.012860
v -0.002093 0.007703 -0.014295
v -0.002666 0.007344 -0.013937
v -0.000925 0.007699 -0.014723
v -0.001552 0.007322 -0.014708
v -0.000400 0.007319 -0.014913
v -0.000400 0.007734 -0.014736
v 0.000125 0.007699 -0.014723
v 0.001293 0.007703 -0.014295
v 0.000752 0.007322 -0.014708
v 0.002111 0.007719 -0.012860
v 0.001866 0.007344 -0.013937
v 0.002105 0.007410 -0.010938
v -0.002374 0.008348 -0.012803
v -0.001963 0.008348 -0.013652
v -0.001982 0.008348 -0.013970
v -0.001809 0.008348 -0.010956
v -0.002090 0.008348 -0.009169
v -0.001930 0.008348 -0.008340
v -0.001610 0.008348 -0.008480
v -0.001535 0.008348 -0.008019
v 0.000723 0.008348 -0.014023
v 0.000309 0.008348 -0.013758
v 0.000673 0.008348 -0.012813
v 0.000266 0.008348 -0.010956
v 0.000508 0.008348 -0.009164
v 0.000231 0.008348 -0.008464
v 0.000468 0.008348 -0.008266
v 0.000224 0.008348 -0.007882
v 0.000130 0.008348 -0.014164
v 0.000115 0.008348 -0.012834
v 0.000104 0.008348 -0.009162
v 0.000103 0.008348 -0.008232
v 0.000130 0.008286 -0.007519
v -0.001522 0.008348 -0.014023
v -0.001473 0.008348 -0.012813
v -0.001307 0.008348 -0.009164
v -0.001268 0.008348 -0.008266
v -0.001266 0.008301 -0.007648
v 0.000270 0.007906 -0.007435
v -0.001210 0.008099 -0.007511
v 0.000078 0.007812 -0.014417
v 0.000039 0.007844 -0.012870
v 0.000033 0.007848 -0.009161
v 0.000022 0.007848 -0.008214
v 0.000012 0.007843 -0.007440
v -0.000874 0.008106 -0.014302
v -0.000838 0.008126 -0.012853
v -0.000833 0.008128 -0.009161
v -0.000829 0.008128 -0.008220
v -0.000852 0.008120 -0.007478
v 0.000277 0.008348 -0.014310
v 0.000090 0.008281 -0.014400
v 0.000087 0.007873 -0.014611
v -0.000034 0.007758 -0.014651
v -0.000766 0.007758 -0.014651
v -0.000887 0.007873 -0.014611
v -0.000890 0.008281 -0.014400
v -0.001077 0.008348 -0.014310
v 0.001884 0.005984 0.011646
v 0.002917 0.005983 0.011629
v 0.003084 0.005935 0.010535
v 0.003073 0.005672 0.004527
v 0.001871 0.005540 -0.000187
v 0.002074 0.005553 0.000337
v 0.001380 0.005540 -0.000204
v -0.000400 0.005540 -0.000204
v -0.002180 0.005540 -0.000204
v -0.002671 0.005540 -0.000187
v -0.002874 0.005553 0.000337
v -0.003884 0.005935 0.010535
v -0.003873 0.005672 0.004527
v -0.003717 0.005983 0.011629
v -0.002684 0.005984 0.011646
v -0.002296 0.005984 0.011646
v 0.001496 0.005984 0.011646
v 0.001919 0.006656 -0.007606
v 0.002045 0.006606 -0.008940
v 0.001672 0.006769 -0.003983
v 0.001870 0.006953 -0.000652
v 0.002074 0.006996 0.000337
v 0.001933 0.007402 0.010535
v 0.002909 0.007130 0.004527
v 0.001720 0.007452 0.011629
v 0.001425 0.007453 0.011646
v 0.000681 0.007453 0.011646
v -0.000073 0.007453 0.011646
v -0.000727 0.007453 0.011646
v -0.001481 0.007453 0.011646
v -0.002225 0.007453 0.011646
v -0.002520 0.007452 0.011629
v -0.002733 0.007402 0.010535
v -0.003709 0.007130 0.004527
v -0.002670 0.006953 -0.000652
v -0.002874 0.006996 0.000337
v -0.002472 0.006769 -0.003983
v -0.002719 0.006656 -0.007606
v -0.002845 0.006606 -0.008940
v -0.003109 0.006405 -0.013027
v -0.002307 0.006293 -0.014740
v -0.000999 0.006271 -0.015246
v 0.000199 0.006271 -0.015246
v 0.001507 0.006293 -0.014740
v 0.002309 0.006405 -0.013027
v 0.001944 0.001108 -0.007628
v 0.002098 0.001169 -0.009287
v 0.001675 0.000856 -0.003981
v 0.001870 0.000685 -0.000652
v 0.002074 0.000651 0.000337
v 0.001933 0.000320 0.010535
v 0.002909 0.000539 0.004527
v 0.001720 0.000280 0.011629
v 0.001054 0.000282 0.011646
v -0.000400 0.000308 0.011646
v -0.001885 0.000308 0.011646
v -0.001854 0.000282 0.011646
v 0.001085 0.000308 0.011646
v -0.002520 0.000280 0.011629
v -0.002733 0.000320 0.010535
v -0.003709 0.000539 0.004527
v -0.002670 0.000685 -0.000652
v -0.002874 0.000651 0.000337
v -0.002475 0.000856 -0.003981
v -0.002744 0.001108 -0.007628
v -0.002898 0.001167 -0.009288
v -0.003170 0.001146 -0.014245
v -0.002176 0.001162 -0.015948
v -0.000943 0.001167 -0.016413
v 0.000144 0.001167 -0.016413
v 0.001377 0.001164 -0.015947
v 0.002370 0.001159 -0.014238
v 0.001884 0.001074 0.011646
v 0.002917 0.001075 0.011629
v 0.001496 0.001074 0.011646
v -0.002296 0.001074 0.011646
v -0.002684 0.001074 0.011646
v -0.003717 0.001075 0.011629
v -0.003884 0.001108 0.010535
v -0.003873 0.001291 0.004527
v -0.002671 0.001395 -0.000187
v -0.002874 0.001385 0.000337
v -0.002180 0.001396 -0.000204
v -0.000400 0.001396 -0.000204
v 0.001380 0.001396 -0.000204
v 0.001871 0.001395 -0.000187
v 0.002074 0.001385 0.000337
v 0.003073 0.001291 0.004527
v 0.003084 0.001108 0.010535
v -0.001196 0.007836 0.000337
v -0.001262 -0.000643 -0.006004
v 0.003042 0.007673 0.003433
v 0.002879 0.007874 0.002911
v 0.002991 0.007906 0.003433
v 0.003042 0.006489 0.003433
v 0.002879 0.007067 0.002911
v 0.003042 0.006233 0.003433
v 0.002879 0.006254 0.002911
v 0.003042 0.006019 0.003433
v 0.002879 0.006170 0.002911
v 0.003042 0.004837 0.003433
v 0.002879 0.005614 0.002911
v 0.003042 0.002123 0.003433
v 0.002879 0.003481 0.002911
v 0.003042 0.000912 0.003433
v 0.002879 0.001333 0.002911
v 0.003042 0.000643 0.003433
v 0.002879 0.000734 0.002911
v 0.003042 0.000178 0.003433
v 0.002879 0.000590 0.002911
v 0.002991 -0.001968 0.003433
v 0.002879 -0.000926 0.002911
v 0.001928 -0.002323 0.003433
v 0.002685 -0.002382 0.002911
v -0.002728 -0.002323 0.003433
v -0.000400 -0.002382 0.002911
v -0.003791 -0.001968 0.003433
v -0.003485 -0.002382 0.002911
v -0.003842 0.000178 0.003433
v -0.003679 -0.000926 0.002911
v -0.003842 0.000643 0.003433
v -0.003679 0.000590 0.002911
v -0.003842 0.000912 0.003433
v -0.003679 0.000734 0.002911
v -0.003842 0.002123 0.003433
v -0.003679 0.001333 0.002911
v -0.003842 0.004837 0.003433
v -0.003679 0.003481 0.002911
v -0.003842 0.006019 0.003433
v -0.003679 0.005614 0.002911
v -0.003842 0.006233 0.003433
v -0.003679 0.006170 0.002911
v -0.003842 0.006489 0.003433
v -0.003679 0.006254 0.002911
v -0.003842 0.007673 0.003433
v -0.003679 0.007067 0.002911
v -0.003791 0.007906 0.003433
v -0.003679 0.007874 0.002911
v -0.003322 0.007912 0.003433
v -0.003485 0.007899 0.002911
v -0.002132 0.007912 0.003433
v -0.002666 0.007899 0.002911
v -0.000924 0.007912 0.003433
v -0.001455 0.007899 0.002911
v 0.000124 0.007912 0.003433
v -0.000400 0.007899 0.002911
v 0.001332 0.007912 0.003433
v 0.000655 0.007899 0.002911
v 0.002523 0.007912 0.003433
v 0.001866 0.007899 0.002911
v 0.002685 0.007899 0.002911
v 0.002474 0.006177 0.001615
v 0.002474 0.006434 0.001615
v 0.002474 0.007627 0.001615
v 0.002432 0.007861 0.001615
v 0.002040 0.007868 0.001615
v 0.001046 0.007868 0.001615
v 0.000037 0.007868 0.001615
v -0.000837 0.007868 0.001615
v -0.001846 0.007868 0.001615
v -0.002840 0.007868 0.001615
v -0.003231 0.007861 0.001615
v -0.003274 0.007627 0.001615
v -0.003274 0.006434 0.001615
v -0.003274 0.006177 0.001615
v -0.003274 0.005968 0.001615
v -0.003274 0.004809 0.001615
v -0.003274 0.002145 0.001615
v -0.003274 0.000956 0.001615
v -0.003274 0.000689 0.001615
v -0.003274 0.000187 0.001615
v -0.003231 -0.002143 0.001615
v -0.002344 -0.002528 0.001615
v 0.001544 -0.002528 0.001615
v 0.002432 -0.002143 0.001615
v 0.002474 0.000187 0.001615
v 0.002474 0.000689 0.001615
v 0.002474 0.000956 0.001615
v 0.002474 0.002145 0.001615
v 0.002474 0.004809 0.001615
v 0.002474 0.005968 0.001615
v 0.000068 0.008182 0.004204
v -0.000023 0.008312 0.001299
v -0.000178 0.008313 0.001178
v -0.000400 0.008183 0.004186
v -0.000175 0.007980 0.008748
v -0.000622 0.008313 0.001178
v -0.000777 0.008312 0.001299
v -0.000868 0.008182 0.004204
v -0.000625 0.007980 0.008748
v 0.000703 0.007970 0.008748
v 0.000724 0.008141 0.004592
v 0.000703 0.008337 0.001371
v 0.000593 0.008172 0.004390
v 0.000738 0.007934 0.008748
v 0.000746 0.008050 0.004588
v 0.000738 0.008302 0.001365
v -0.001538 0.007934 0.008748
v -0.001524 0.008141 0.004592
v -0.001538 0.008302 0.001365
v -0.001546 0.008050 0.004588
v -0.001503 0.007970 0.008748
v -0.001393 0.008172 0.004390
v -0.001503 0.008337 0.001371
v 0.000738 0.007692 -0.000437
v 0.000724 0.008021 -0.000459
v 0.000738 0.008303 -0.000437
v 0.000746 0.008017 -0.000313
v 0.000703 0.007692 -0.000473
v 0.000594 0.008034 -0.000481
v 0.000703 0.008304 -0.000473
v -0.001538 0.008303 -0.000437
v -0.001524 0.008021 -0.000459
v -0.001538 0.007692 -0.000437
v -0.001546 0.008017 -0.000313
v -0.001503 0.008304 -0.000473
v -0.001393 0.008034 -0.000481
v -0.001503 0.007692 -0.000473
v -0.000400 0.008340 -0.000437
v -0.000625 0.008326 -0.000459
v -0.000794 0.008346 -0.000443
v -0.000633 0.008348 -0.000302
v -0.000400 0.008304 -0.000473
v -0.000625 0.008212 -0.000481
v -0.000798 0.008310 -0.000474
v -0.000892 0.008393 0.000312
v -0.000876 0.008519 -0.000044
v -0.000971 0.008653 -0.000324
v -0.000986 0.008524 0.000013
v -0.000855 0.008390 0.000221
v -0.000853 0.008486 -0.000159
v -0.000938 0.008628 -0.000374
v 0.000055 0.008390 0.000221
v 0.000076 0.008519 -0.000044
v 0.000139 0.008628 -0.000374
v 0.000053 0.008486 -0.000159
v 0.000092 0.008393 0.000312
v 0.000186 0.008524 0.000013
v 0.000171 0.008653 -0.000324
v 0.000748 0.007692 0.004594
v 0.000748 0.007967 0.001366
v 0.000748 0.007801 0.008748
v -0.001548 0.007967 0.001366
v -0.001548 0.007692 0.004594
v -0.001548 0.007801 0.008748
v 0.000748 0.007692 0.000014
v 0.000748 0.008263 -0.000028
v -0.000400 0.008350 0.000035
v -0.000020 0.008350 0.000272
v 0.000001 0.008373 -0.000106
v -0.000167 0.008348 -0.000302
v -0.001548 0.008263 -0.000028
v -0.001548 0.007692 0.000014
v -0.000175 0.008212 -0.000481
v 0.000060 0.008008 -0.000483
v -0.000175 0.007692 -0.000483
v -0.000400 0.007986 -0.000483
v -0.001179 0.008356 0.001169
v -0.001197 0.008654 -0.000302
v -0.001415 0.008522 0.000019
v -0.000941 0.008312 0.001293
v -0.001164 0.007980 0.008748
v 0.000379 0.008356 0.001169
v 0.000141 0.008312 0.001293
v 0.000364 0.007980 0.008748
v 0.000615 0.008522 0.000019
v 0.000397 0.008654 -0.000302
v 0.000364 0.007692 -0.000483
v 0.000140 0.008257 -0.000482
v 0.000359 0.008314 -0.000483
v -0.000801 0.008373 -0.000106
v -0.000780 0.008350 0.000272
v -0.000625 0.007692 -0.000483
v -0.000860 0.008008 -0.000483
v -0.000850 0.008395 -0.000411
v -0.000917 0.008498 -0.000435
v -0.001546 0.008451 -0.000028
v -0.001546 0.008472 -0.000349
v 0.000746 0.008472 -0.000349
v 0.000746 0.008451 -0.000028
v 0.000142 0.008408 -0.000483
v 0.000117 0.008498 -0.000435
v 0.000353 0.008609 -0.000480
v 0.000594 0.008493 -0.000481
v -0.000942 0.008408 -0.000483
v -0.001159 0.008314 -0.000483
v -0.001393 0.008493 -0.000481
v -0.001153 0.008609 -0.000480
v -0.000940 0.008257 -0.000482
v -0.001164 0.007692 -0.000483
v 0.000050 0.008395 -0.000411
v 0.000724 0.008500 0.000014
v 0.000702 0.008644 -0.000304
v 0.000736 0.008610 -0.000310
v -0.001524 0.008500 0.000014
v -0.001536 0.008610 -0.000310
v -0.001502 0.008644 -0.000304
v 0.000724 0.008495 -0.000458
v 0.000736 0.008604 -0.000436
v 0.000702 0.008611 -0.000470
v -0.001524 0.008495 -0.000458
v -0.001502 0.008611 -0.000470
v -0.001536 0.008604 -0.000436
v -0.000175 0.008326 -0.000459
v -0.000002 0.008310 -0.000474
v -0.000006 0.008346 -0.000443
v -0.001177 0.008687 -0.000453
v -0.001411 0.008693 -0.000428
v -0.001406 0.008667 -0.000468
v 0.000377 0.008687 -0.000453
v 0.000606 0.008667 -0.000468
v 0.000611 0.008693 -0.000428
v -0.000855 0.008343 -0.000471
v -0.000856 0.008379 -0.000477
v -0.000880 0.008351 -0.000482
v 0.000055 0.008343 -0.000471
v 0.000080 0.008351 -0.000482
v 0.000056 0.008379 -0.000477
v -0.000858 0.008350 0.000407
v -0.000823 0.008350 0.000428
v -0.000850 0.008349 0.000465
v -0.001519 0.008676 -0.000429
v -0.001519 0.008660 -0.000451
v -0.001499 0.008681 -0.000449
v 0.000058 0.008350 0.000407
v 0.000050 0.008349 0.000465
v 0.000023 0.008350 0.000428
v 0.000699 0.008681 -0.000449
v 0.000719 0.008660 -0.000451
v 0.000719 0.008676 -0.000429
v -0.001749 -0.004264 0.008844
v -0.002025 -0.004331 0.007175
v -0.001986 -0.004498 0.005280
v -0.001452 -0.004436 0.007198
v -0.002594 -0.002717 0.008998
v -0.002305 -0.003335 0.009585
v -0.001857 -0.002654 0.009709
v -0.002409 -0.001974 0.009811
v 0.001336 -0.003917 0.008878
v 0.001225 -0.004331 0.007175
v 0.001780 -0.004133 0.005006
v 0.001991 -0.003527 0.007001
v -0.002136 -0.003917 0.008878
v -0.002791 -0.003527 0.007001
v -0.002580 -0.004133 0.005006
v -0.001555 -0.004304 0.002102
v -0.001749 -0.004506 0.002807
v -0.002136 -0.004285 0.002432
v -0.002305 -0.003952 0.001506
v -0.001555 -0.003884 0.009468
v -0.001857 -0.001424 0.009861
v -0.002409 -0.000940 0.009885
v -0.002607 -0.001517 0.009069
v -0.003003 -0.001375 0.006674
v -0.003251 -0.002130 0.003869
v -0.002990 -0.002283 0.006748
v -0.000400 -0.002332 -0.000204
v 0.001057 -0.002613 -0.000084
v -0.000400 -0.002966 0.000197
v -0.001857 -0.002613 -0.000084
v 0.002203 -0.001375 0.006674
v 0.001807 -0.001517 0.009069
v 0.002190 -0.002283 0.006748
v 0.002451 -0.002130 0.003869
v -0.003174 -0.003132 0.004331
v -0.001857 -0.003459 0.000799
v -0.002594 -0.003421 0.001202
v -0.002409 -0.002966 0.000197
v 0.001794 -0.002717 0.008998
v 0.002374 -0.003132 0.004331
v 0.001991 -0.003836 0.002962
v 0.001225 -0.004465 0.003737
v 0.001336 -0.004285 0.002432
v 0.002190 -0.002779 0.001942
v 0.001794 -0.003421 0.001202
v 0.001807 -0.002558 0.000368
v 0.002203 -0.002070 0.001629
v -0.002990 -0.002779 0.001942
v -0.003003 -0.002070 0.001629
v -0.002607 -0.002558 0.000368
v -0.002791 -0.003836 0.002962
v -0.002025 -0.004465 0.003737
v -0.001452 -0.004545 0.003841
v -0.002409 -0.002332 -0.000204
v 0.001057 -0.003459 0.000799
v -0.000400 -0.003952 0.001506
v -0.000400 -0.004506 0.002807
v 0.000755 -0.004304 0.002102
v -0.000400 -0.004498 0.005280
v 0.000652 -0.004545 0.003841
v -0.000400 -0.004264 0.008844
v 0.000652 -0.004436 0.007198
v -0.000400 -0.003335 0.009585
v 0.000755 -0.003884 0.009468
v 0.001057 -0.002654 0.009709
v -0.000400 -0.001974 0.009811
v -0.000400 -0.000940 0.009885
v 0.001057 -0.001424 0.009861
v 0.001609 -0.002966 0.000197
v 0.001609 -0.002332 -0.000204
v 0.001505 -0.003952 0.001506
v 0.000949 -0.004506 0.002807
v 0.001186 -0.004498 0.005280
v 0.000949 -0.004264 0.008844
v 0.001505 -0.003335 0.009585
v 0.001609 -0.001974 0.009811
v 0.001609 -0.000940 0.009885
v 0.003068 0.000073 0.018443
v 0.003078 0.000095 0.018244
v 0.003078 0.000120 0.018447
v 0.003068 0.000090 0.018460
v 0.003072 0.000097 0.017680
v 0.003079 0.000137 0.017116
v 0.003083 0.000147 0.017680
v 0.003084 0.000305 0.017680
v 0.003083 0.000179 0.018245
v 0.003084 0.000218 0.017116
v 0.003079 0.000282 0.018447
v 0.003072 0.000171 0.018466
v 0.003068 0.007280 0.018443
v 0.003059 0.007279 0.018244
v 0.002896 0.007294 0.018447
v 0.003056 0.007281 0.018460
v 0.003072 0.007229 0.017680
v 0.003059 0.007198 0.017116
v 0.002896 0.007244 0.017680
v 0.002436 0.007286 0.018466
v 0.002436 0.007286 0.018245
v 0.001970 0.007295 0.018447
v -0.003879 0.000282 0.018447
v -0.003883 0.000179 0.018245
v -0.003878 0.000120 0.018447
v -0.003872 0.000171 0.018466
v -0.003883 0.000147 0.017680
v -0.003884 0.000305 0.017680
v -0.003884 0.000218 0.017116
v -0.003872 0.000097 0.017680
v -0.003878 0.000095 0.018244
v -0.003879 0.000137 0.017116
v -0.003868 0.000073 0.018443
v -0.003868 0.000090 0.018460
v 0.003059 0.000066 0.018244
v 0.002896 0.000081 0.017680
v 0.003059 0.000109 0.017116
v 0.002896 0.000058 0.018447
v 0.003056 0.000072 0.018460
v 0.003059 0.000282 0.018476
v 0.002896 0.000170 0.018482
v 0.003059 0.000119 0.018475
v 0.002896 0.000086 0.018475
v 0.003083 0.000267 0.014451
v 0.003079 0.000171 0.016250
v 0.003072 0.000224 0.014453
v 0.003077 0.000311 0.012653
v 0.003084 0.000402 0.014445
v 0.003084 0.000248 0.016249
v 0.003082 0.000375 0.012648
v 0.003084 0.000330 0.016866
v 0.003084 0.000225 0.016891
v 0.003083 0.000177 0.016866
v 0.003079 0.000146 0.016891
v 0.003072 0.000129 0.016866
v 0.002896 0.007183 0.016866
v 0.003059 0.007181 0.016891
v 0.003072 0.007169 0.016866
v 0.003059 0.007117 0.016238
v 0.002896 0.006942 0.014408
v 0.003072 0.006931 0.014408
v 0.003057 0.006758 0.012577
v -0.003879 0.000146 0.016891
v -0.003883 0.000177 0.016866
v -0.003879 0.000171 0.016250
v -0.003872 0.000129 0.016866
v -0.003884 0.000225 0.016891
v -0.003884 0.000330 0.016866
v -0.003884 0.000248 0.016249
v -0.003883 0.000267 0.014451
v -0.003884 0.000402 0.014445
v -0.003882 0.000375 0.012648
v -0.003872 0.000224 0.014453
v -0.003877 0.000311 0.012653
v 0.003059 0.000118 0.016891
v 0.002896 0.000113 0.016866
v 0.003059 0.000143 0.016250
v 0.002436 0.000110 0.016891
v 0.001972 0.000105 0.016866
v 0.002436 0.000136 0.016250
v 0.002896 0.000210 0.014453
v 0.001973 0.000196 0.014453
v 0.002434 0.000283 0.012655
v 0.003057 0.000288 0.012655
v -0.002770 0.000085 0.018476
v -0.003236 0.000118 0.018482
v -0.003696 0.000086 0.018475
v -0.003236 0.000067 0.018466
v -0.002770 0.000170 0.018484
v -0.003236 0.000281 0.018484
v -0.003696 0.000170 0.018482
v -0.003696 0.000058 0.018447
v -0.003236 0.000058 0.018245
v -0.002770 0.000056 0.018447
v -0.003236 0.000102 0.017116
v -0.002770 0.000079 0.017680
v -0.003696 0.000081 0.017680
v -0.003696 0.000113 0.016866
v -0.003236 0.000136 0.016250
v -0.002772 0.000105 0.016866
v -0.003236 0.000110 0.016891
v -0.002773 0.000196 0.014453
v -0.003696 0.000210 0.014453
v -0.003234 0.000283 0.012655
v -0.003696 0.006942 0.014408
v -0.003236 0.007123 0.016238
v -0.002773 0.006946 0.014408
v -0.003234 0.006762 0.012577
v -0.003696 0.007183 0.016866
v -0.003236 0.007187 0.016891
v -0.002772 0.007186 0.016866
v -0.002770 0.007295 0.018447
v -0.003236 0.007286 0.018245
v -0.003696 0.007294 0.018447
v -0.003236 0.007286 0.018466
v -0.003236 0.007204 0.017116
v -0.003696 0.007244 0.017680
v -0.002770 0.007246 0.017680
v -0.002514 0.000067 0.018466
v -0.001967 0.000085 0.018476
v -0.002514 0.000118 0.018482
v -0.002551 0.000085 0.018476
v -0.001967 0.000170 0.018484
v -0.002514 0.000281 0.018484
v -0.002551 0.000170 0.018484
v -0.002551 0.000056 0.018447
v -0.002514 0.000058 0.018245
v -0.001967 0.000056 0.018447
v -0.002551 0.000079 0.017680
v -0.002514 0.000095 0.017117
v -0.001967 0.000079 0.017680
v -0.000400 0.000058 0.018245
v -0.000400 0.000094 0.017117
v 0.001167 0.000079 0.017680
v 0.001167 0.000056 0.018447
v -0.000400 0.000067 0.018466
v -0.001964 -0.000826 0.014408
v -0.002503 -0.000601 0.016236
v -0.002526 -0.000795 0.014410
v -0.002502 -0.001026 0.012578
v -0.001964 -0.000528 0.016860
v -0.002499 -0.000510 0.016874
v -0.002520 -0.000511 0.016857
v -0.002499 0.007568 0.016874
v -0.001964 0.007583 0.016860
v -0.002503 0.007657 0.016236
v -0.002520 0.007570 0.016857
v -0.002526 0.007851 0.014408
v -0.001964 0.007886 0.014408
v -0.002502 0.008089 0.012577
v -0.002514 0.007286 0.018245
v -0.001967 0.007246 0.017680
v -0.002514 0.007205 0.017117
v -0.002551 0.007246 0.017680
v -0.001967 0.007295 0.018447
v -0.002551 0.007295 0.018447
v -0.002514 0.007286 0.018466
v 0.001740 -0.000409 0.016861
v 0.001757 -0.000234 0.016244
v 0.001766 -0.000001 0.016866
v 0.001735 -0.000202 0.016884
v 0.001774 0.000016 0.014445
v 0.001749 -0.000626 0.014417
v 0.001757 -0.000376 0.012617
v -0.002504 -0.000407 0.016890
v -0.001966 -0.000209 0.016900
v -0.002512 -0.000001 0.016903
v -0.002535 -0.000202 0.016884
v -0.002566 -0.000001 0.016866
v -0.002557 -0.000234 0.016244
v -0.002540 -0.000409 0.016861
v -0.002549 -0.000626 0.014417
v -0.002574 0.000016 0.014445
v -0.002557 -0.000376 0.012617
v -0.002512 0.007198 0.016903
v -0.001966 0.007210 0.016900
v -0.002505 0.007259 0.016891
v -0.002535 0.007208 0.016884
v -0.002526 0.007379 0.016879
v -0.001964 0.007378 0.016896
v -0.002503 0.007500 0.016888
v 0.001766 0.007195 0.016866
v 0.001757 0.007154 0.016237
v 0.001742 0.007257 0.016862
v 0.001735 0.007208 0.016884
v 0.001751 0.007113 0.014408
v 0.001774 0.006970 0.014408
v 0.001757 0.006838 0.012577
v 0.001747 0.007684 0.014408
v 0.001747 0.007383 0.016237
v 0.001747 0.007407 0.012577
v 0.001727 0.007379 0.016879
v 0.001738 0.007502 0.016860
v -0.002574 0.006970 0.014408
v -0.002557 0.007154 0.016237
v -0.002551 0.007113 0.014408
v -0.002557 0.006838 0.012577
v -0.002542 0.007257 0.016862
v -0.002566 0.007195 0.016866
v 0.002752 0.000523 0.011344
v 0.002774 0.000523 0.011590
v 0.002776 0.000507 0.011784
v 0.002603 0.000514 0.011589
v 0.002146 0.000520 0.011344
v 0.002169 0.000503 0.011784
v 0.001704 0.000497 0.011589
v 0.002169 0.006469 0.011777
v 0.002603 0.006456 0.011587
v 0.002146 0.006449 0.011344
v 0.001704 0.006461 0.011587
v 0.002776 0.006466 0.011777
v 0.002774 0.006452 0.011587
v 0.002752 0.006447 0.011344
v 0.002776 0.000580 0.011344
v 0.002785 0.000630 0.011591
v 0.002800 0.000566 0.011785
v 0.002784 0.000548 0.011590
v 0.002795 0.000522 0.011785
v 0.002771 0.000538 0.011344
v -0.002946 0.000520 0.011344
v -0.002504 0.000497 0.011589
v -0.002969 0.000503 0.011784
v -0.003403 0.000514 0.011589
v 0.000557 0.001300 -0.006633
v -0.001357 0.001300 -0.006633
v -0.000400 0.001362 -0.005673
v -0.000400 0.005586 -0.005520
v -0.001352 0.005570 -0.006541
v 0.000552 0.005570 -0.006541
v -0.000400 0.004266 -0.006054
v 0.000554 0.004236 -0.007056
v -0.001354 0.004236 -0.007056
v -0.000400 0.002710 -0.006133
v -0.001355 0.002673 -0.007116
v 0.000555 0.002673 -0.007116
v -0.000908 0.008348 -0.010956
v -0.001966 -0.007130 -0.016738
v -0.002457 0.008068 -0.008484
v -0.002561 0.008050 -0.013765
v 0.001657 0.008068 -0.008484
v 0.001761 0.008050 -0.013765
v 0.001267 0.001663 -0.008012
v -0.002669 0.001663 -0.008497
v -0.002798 0.001643 -0.015111
v 0.001998 0.001648 -0.015108
v 0.002036 -0.006999 -0.016699
v 0.002055 -0.005069 -0.017497
v 0.001877 -0.003439 -0.009361
v 0.001878 -0.005066 -0.009831
v 0.001884 -0.008130 -0.009949
v -0.002855 -0.003460 -0.017441
v -0.002856 -0.005065 -0.017516
v -0.002836 -0.006998 -0.016700
v 0.002055 -0.003451 -0.017431
v 0.002053 -0.001709 -0.016942
v 0.001881 -0.001725 -0.009430
v -0.002681 -0.001725 -0.009430
v -0.002818 0.000427 -0.015896
v -0.002854 -0.001752 -0.016976
v 0.002018 0.000471 -0.015869
v -0.002678 -0.005065 -0.009850
v -0.002677 -0.003438 -0.009362
v -0.002684 -0.008130 -0.009951
v 0.000533 0.008162 -0.007569
v -0.002793 0.008061 -0.010952
v -0.001493 0.008046 -0.014417
v 0.001993 0.008061 -0.010952
v 0.000215 0.001663 -0.007392
v -0.003112 0.001647 -0.011582
v -0.001561 0.001654 -0.015903
v 0.002312 0.001653 -0.011579
v 0.002315 -0.005068 -0.013443
v 0.002314 -0.003444 -0.013184
v 0.002305 -0.007617 -0.013077
v -0.003105 -0.007616 -0.013080
v -0.001614 -0.006894 -0.017520
v 0.000389 -0.008110 -0.008916
v 0.000387 -0.005070 -0.008774
v 0.000386 -0.003449 -0.008296
v -0.003115 -0.005063 -0.013472
v -0.003114 -0.003453 -0.013194
v -0.001622 -0.003451 -0.018187
v -0.001623 -0.005069 -0.018270
v 0.002313 0.000455 -0.012080
v -0.003113 0.000412 -0.012107
v -0.001584 0.000476 -0.016680
v 0.002315 -0.001717 -0.012950
v 0.000388 -0.001728 -0.008389
v -0.003115 -0.001760 -0.012984
v -0.001622 -0.001708 -0.017743
v 0.000693 0.008046 -0.014417
v 0.000762 0.001654 -0.015903
v 0.000785 0.000476 -0.016680
v 0.000822 -0.001708 -0.017743
v 0.000822 -0.003451 -0.018187
v 0.000823 -0.005069 -0.018270
v 0.000814 -0.006894 -0.017520
v -0.000996 0.007828 -0.007397
v -0.001015 0.001663 -0.007392
v -0.001188 -0.001728 -0.008389
v -0.001186 -0.003449 -0.008296
v -0.001187 -0.005070 -0.008774
v -0.001189 -0.008110 -0.008916
v 0.001463 0.008348 -0.010956
v 0.001166 -0.007130 -0.016738
v 0.001340 -0.007800 -0.013045
v -0.002140 -0.007800 -0.013045
v 0.001070 -0.008354 -0.009933
v -0.001870 -0.008354 -0.009933
v 0.001476 0.008348 -0.013657
v -0.000926 0.008348 -0.013783
v -0.000903 0.008348 -0.008461
v 0.001202 0.008348 -0.008491
v -0.002710 0.003962 -0.008298
v -0.001026 0.003962 -0.007172
v 0.000226 0.003962 -0.007172
v 0.001297 0.003962 -0.007802
v 0.002295 0.003867 -0.010992
v 0.002025 0.003739 -0.014200
v 0.000846 0.003701 -0.015074
v -0.001646 0.003701 -0.015074
v -0.002824 0.003739 -0.014200
v -0.003095 0.003867 -0.010992
v 0.002046 -0.006170 -0.017128
v 0.002310 -0.006452 -0.013299
v 0.001881 -0.006688 -0.009941
v 0.000388 -0.006679 -0.008897
v -0.001188 -0.006679 -0.008897
v -0.002681 -0.006687 -0.009955
v -0.003111 -0.006449 -0.013321
v -0.002847 -0.006166 -0.017142
v -0.001619 -0.006122 -0.017928
v 0.000819 -0.006122 -0.017928
v 0.002410 0.005152 -0.011793
v 0.002135 0.004894 -0.014446
v 0.000970 0.004783 -0.015475
v -0.001770 0.004783 -0.015475
v -0.002935 0.004894 -0.014446
v -0.003210 0.005152 -0.011793
v 0.001337 0.005175 -0.007470
v 0.000241 0.005175 -0.006818
v -0.001041 0.005175 -0.006818
v -0.002765 0.005175 -0.007986
v -0.003073 0.004967 -0.010869
v -0.002815 0.004671 -0.014335
v -0.001699 0.004574 -0.015295
v 0.000899 0.004574 -0.015295
v 0.002015 0.004671 -0.014335
v 0.002273 0.004967 -0.010869
v 0.001267 0.002580 -0.008080
v 0.000215 0.002580 -0.007463
v -0.001015 0.002580 -0.007463
v -0.002668 0.002580 -0.008562
v -0.003111 0.002569 -0.011270
v -0.002821 0.002567 -0.014435
v -0.001591 0.002576 -0.015238
v 0.000791 0.002576 -0.015238
v 0.002021 0.002569 -0.014434
v 0.002311 0.002571 -0.011269
v 0.002049 -0.000697 -0.016488
v 0.002314 -0.000723 -0.012581
v 0.001885 -0.000746 -0.009166
v 0.000389 -0.000754 -0.008125
v -0.001189 -0.000754 -0.008125
v -0.002685 -0.000746 -0.009166
v -0.003114 -0.000789 -0.012624
v -0.002850 -0.000764 -0.016531
v -0.001620 -0.000694 -0.017308
v 0.000820 -0.000693 -0.017308
v 0.001878 -0.002622 -0.009491
v 0.000387 -0.002626 -0.008442
v -0.001187 -0.002626 -0.008442
v -0.002678 -0.002622 -0.009491
v -0.003115 -0.002648 -0.013172
v -0.002855 -0.002651 -0.017279
v -0.001622 -0.002628 -0.018036
v 0.000822 -0.002628 -0.018036
v 0.002055 -0.002626 -0.017257
v 0.002315 -0.002624 -0.013149
v 0.002055 -0.004265 -0.017511
v 0.002314 -0.004259 -0.013316
v 0.001877 -0.004254 -0.009543
v 0.000386 -0.004264 -0.008475
v -0.001186 -0.004264 -0.008475
v -0.002677 -0.004253 -0.009550
v -0.003115 -0.004258 -0.013329
v -0.002855 -0.004265 -0.017519
v -0.001622 -0.004265 -0.018265
v 0.000822 -0.004265 -0.018265
v 0.002415 0.005279 -0.010879
v 0.002248 0.004948 -0.014512
v 0.001023 0.004839 -0.015583
v -0.001823 0.004839 -0.015583
v -0.003048 0.004948 -0.014512
v -0.003215 0.005279 -0.010879
v 0.003084 0.000403 0.011578
v 0.002422 0.006693 0.011578
v 0.001790 -0.002726 -0.000136
v 0.000595 0.000813 -0.000204
v 0.001622 0.000401 0.011646
v 0.002422 0.000311 0.011578
v 0.002417 0.000401 0.011646
v 0.001633 0.008194 0.011578
v 0.001760 0.006722 0.011578
v 0.001622 0.006726 0.011646
v 0.001927 0.000811 -0.000136
v 0.001927 0.006160 -0.000136
v 0.001790 0.007825 -0.000136
v 0.001633 -0.001136 0.011578
v 0.000525 0.006014 -0.002065
v 0.001618 0.007709 -0.002065
v 0.001745 0.006046 -0.002065
v 0.000525 0.000806 -0.002065
v 0.001618 -0.001881 -0.002065
v 0.001656 -0.000682 -0.006252
v 0.000002 0.001074 -0.005949
v 0.001850 0.005732 -0.005892
v 0.001573 0.007687 -0.006083
v 0.000633 0.005653 -0.005724
v 0.001622 -0.000438 0.011646
v 0.001927 -0.001066 -0.000136
v 0.001745 -0.000592 -0.002065
v 0.001785 0.000138 -0.006159
v 0.002417 0.006636 0.011646
v 0.001622 0.006636 0.011646
v 0.000595 0.006076 -0.000204
v 0.001927 0.006078 -0.000136
v 0.003084 0.006632 0.011578
v -0.003884 0.000403 0.011578
v -0.003222 0.006693 0.011578
v -0.002590 -0.002726 -0.000136
v -0.001395 0.000813 -0.000204
v -0.002422 0.000401 0.011646
v -0.003222 0.000311 0.011578
v -0.003216 0.000401 0.011646
v -0.002433 0.008194 0.011578
v -0.002727 0.000811 -0.000136
v -0.002590 0.007825 -0.000136
v -0.002433 -0.001136 0.011578
v -0.001325 0.006014 -0.002065
v -0.002418 0.007709 -0.002065
v -0.001325 0.000806 -0.002065
v -0.002418 -0.001881 -0.002065
v -0.002456 -0.000682 -0.006252
v -0.000802 0.001074 -0.005949
v -0.002373 0.007687 -0.006083
v -0.001433 0.005653 -0.005724
v -0.002585 0.000138 -0.006159
v -0.002544 -0.000592 -0.002065
v -0.002727 -0.001066 -0.000136
v -0.002560 -0.000442 0.011578
v -0.002422 -0.000438 0.011646
v -0.002422 0.006726 0.011646
v -0.002560 0.006722 0.011578
v -0.002727 0.006160 -0.000136
v -0.002544 0.006046 -0.002065
v -0.002650 0.005732 -0.005892
v -0.003216 0.006636 0.011646
v -0.002422 0.006636 0.011646
v -0.001395 0.006076 -0.000204
v -0.002727 0.006078 -0.000136
v -0.003884 0.006632 0.011578
v 0.003084 0.000561 0.007539
v 0.002646 0.006540 0.008863
v 0.002646 0.000420 0.008863
v 0.002261 0.008054 0.007539
v 0.002428 0.006496 0.007539
v 0.002261 -0.001727 0.007539
v 0.001760 -0.000442 0.011578
v 0.003084 0.006409 0.007539
v -0.003884 0.000561 0.007539
v -0.003446 0.006540 0.008863
v -0.003446 0.000420 0.008863
v -0.003061 0.008054 0.007539
v -0.003061 -0.001727 0.007539
v -0.003228 -0.000671 0.007539
v -0.003228 0.006496 0.007539
v -0.003884 0.006409 0.007539
v 0.002417 0.003524 0.011646
v 0.001622 0.003524 0.011646
v -0.002422 0.003524 0.011646
v -0.003216 0.003524 0.011646
v -0.003884 0.003524 0.011578
v -0.003884 0.003503 0.007539
v -0.002727 0.003476 -0.000136
v -0.001395 0.003476 -0.000204
v 0.000595 0.003476 -0.000204
v 0.001927 0.003476 -0.000136
v 0.003084 0.003503 0.007539
v 0.003084 0.003524 0.011578
v 0.002428 -0.000671 0.007539
v 0.000278 0.007687 -0.005599
v 0.000290 0.007709 -0.002065
v 0.000349 0.007825 -0.000136
v 0.000510 0.008054 0.007539
v 0.000295 0.008194 0.011578
v 0.000291 0.006726 0.011646
v -0.001091 0.006726 0.011646
v -0.001095 0.008194 0.011578
v -0.001310 0.008054 0.007539
v -0.001090 0.007709 -0.002065
v -0.001078 0.007687 -0.005599
v -0.002437 0.001025 -0.005942
v -0.002398 0.000806 -0.002065
v -0.002547 0.000813 -0.000204
v -0.002547 0.003476 -0.000204
v -0.002547 0.006076 -0.000204
v -0.002398 0.006014 -0.002065
v -0.002500 0.005695 -0.005820
v 0.002009 0.000417 -0.008639
v 0.001251 0.001188 -0.007719
v 0.000209 0.001188 -0.007129
v -0.001009 0.001188 -0.007129
v -0.002648 0.001188 -0.008182
v -0.002808 0.000417 -0.008639
v -0.002666 -0.000296 -0.008836
v -0.001182 -0.000306 -0.007848
v 0.000382 -0.000306 -0.007848
v 0.001866 -0.000296 -0.008836
v 0.001910 0.003962 -0.008298
v 0.001965 0.005175 -0.007986
v 0.001700 0.005695 -0.005820
v 0.001598 0.006014 -0.002065
v 0.001747 0.006076 -0.000204
v 0.001747 0.003476 -0.000204
v 0.001747 0.000813 -0.000204
v 0.001598 0.000806 -0.002065
v 0.001637 0.001025 -0.005942
v 0.001848 0.001188 -0.008182
v 0.001869 0.001663 -0.008497
v 0.001868 0.002580 -0.008562
v -0.002097 0.003962 -0.007802
v -0.002137 0.005175 -0.007470
v -0.002051 0.001188 -0.007719
v -0.002067 0.001663 -0.008012
v -0.002067 0.002580 -0.008080
v 0.002131 0.005520 -0.007961
v 0.001685 0.007784 -0.008353
v 0.000320 0.007784 -0.007360
v -0.001120 0.007784 -0.007360
v -0.002485 0.007784 -0.008353
v -0.002931 0.005520 -0.007961
v -0.002765 0.005477 -0.007812
v -0.002137 0.005477 -0.007304
v -0.001041 0.005477 -0.006664
v 0.000241 0.005477 -0.006664
v 0.001337 0.005477 -0.007304
v 0.001965 0.005477 -0.007812
v -0.000400 0.007784 -0.007192
v -0.000400 0.007687 -0.005518
v -0.000400 0.007709 -0.002065
v -0.000400 0.007825 -0.000136
v -0.000400 0.008054 0.007539
v -0.000400 0.008194 0.011578
v -0.000400 0.006726 0.011646
v -0.000400 -0.000306 -0.007667
v -0.000400 -0.000755 -0.007935
v -0.000400 -0.001728 -0.008199
v -0.000400 -0.002626 -0.008251
v -0.000400 -0.003449 -0.008105
v -0.000400 -0.004264 -0.008285
v -0.000400 -0.005070 -0.008583
v -0.000400 -0.006667 -0.008708
v -0.000400 -0.008083 -0.008727
v -0.000902 0.008348 -0.007853
v 0.001007 0.008348 -0.008132
v 0.001134 0.008068 -0.008006
v 0.001137 0.007784 -0.007885
v 0.001052 0.007687 -0.005855
v 0.001082 0.007709 -0.002065
v 0.001208 0.007825 -0.000136
v 0.001554 0.008054 0.007539
v 0.001093 0.008194 0.011578
v 0.001085 0.006726 0.011646
v 0.001271 -0.000301 -0.008379
v 0.001285 -0.000751 -0.008684
v 0.001282 -0.001726 -0.008948
v 0.001280 -0.002624 -0.009004
v 0.001279 -0.003445 -0.008865
v 0.001279 -0.004259 -0.009046
v 0.001280 -0.005069 -0.009340
v 0.001282 -0.006689 -0.009457
v 0.001284 -0.008133 -0.009470
v 0.000684 -0.008344 -0.009361
v -0.001484 -0.008344 -0.009361
v -0.002084 -0.008133 -0.009471
v -0.002082 -0.006689 -0.009463
v -0.002080 -0.005068 -0.009348
v -0.002079 -0.004259 -0.009049
v -0.002079 -0.003444 -0.008865
v -0.002080 -0.002624 -0.009004
v -0.002082 -0.001726 -0.008948
v -0.002085 -0.000751 -0.008684
v -0.002071 -0.000301 -0.008379
v 0.000951 -0.000513 -0.006921
v -0.000400 -0.001881 -0.002065
v -0.000400 -0.002726 -0.000136
v -0.000400 -0.001727 0.007539
v -0.000400 -0.001136 0.011578
v -0.000400 -0.000438 0.011646
v -0.001885 0.006726 0.011646
v -0.001893 0.008194 0.011578
v -0.002354 0.008054 0.007539
v -0.002008 0.007825 -0.000136
v -0.001882 0.007709 -0.002065
v -0.001852 0.007687 -0.005855
v -0.001937 0.007784 -0.007885
v -0.001934 0.008068 -0.008006
v -0.000400 0.002576 -0.015454
v -0.000400 0.001655 -0.016118
v -0.000400 0.000477 -0.016895
v -0.000400 -0.000693 -0.017523
v -0.000400 -0.001708 -0.017959
v -0.000400 -0.002628 -0.018252
v -0.000400 -0.003451 -0.018402
v -0.000400 -0.004265 -0.018480
v -0.000400 -0.005069 -0.018485
v -0.000400 -0.006122 -0.018144
v -0.000400 -0.006894 -0.017735
v -0.000400 -0.007130 -0.016846
v -0.000400 -0.007800 -0.013045
v -0.000400 -0.008351 -0.009911
v -0.000400 -0.008326 -0.009245
v -0.000400 0.007788 -0.007789
v -0.000400 0.007788 -0.008459
v -0.000400 0.007788 -0.010956
v -0.000400 0.007769 -0.013931
v -0.000400 0.004828 -0.015836
v -0.000400 0.004772 -0.015720
v -0.000400 0.004564 -0.015529
v -0.000400 0.003697 -0.015298
v 0.000056 0.008120 -0.013858
v 0.000032 0.008128 -0.010956
v 0.000034 0.008128 -0.008459
v 0.000012 0.008128 -0.007817
v -0.000784 0.007848 -0.007794
v -0.000834 0.007848 -0.008459
v -0.000832 0.007848 -0.010956
v -0.000858 0.007831 -0.013928
v 0.001819 0.007749 -0.008456
v 0.001699 0.007657 -0.006133
v 0.001745 0.007684 -0.002065
v 0.001927 0.007799 -0.000136
v 0.002428 0.008030 0.007539
v 0.001760 0.008172 0.011578
v 0.001622 0.008174 0.011646
v 0.001085 0.008174 0.011646
v 0.000291 0.008174 0.011646
v -0.000400 0.008174 0.011646
v -0.001091 0.008174 0.011646
v -0.001885 0.008174 0.011646
v -0.002422 0.008174 0.011646
v -0.002560 0.008172 0.011578
v -0.003228 0.008030 0.007539
v -0.002727 0.007799 -0.000136
v -0.002544 0.007684 -0.002065
v -0.002499 0.007657 -0.006133
v -0.002619 0.007749 -0.008456
v -0.002857 0.007735 -0.010947
v -0.002608 0.007709 -0.013850
v -0.001511 0.007700 -0.014575
v -0.000400 0.007699 -0.014773
v 0.000711 0.007700 -0.014575
v 0.001808 0.007709 -0.013850
v 0.002058 0.007735 -0.010947
v -0.002276 0.008348 -0.013657
v -0.002263 0.008348 -0.010956
v -0.002002 0.008348 -0.008491
v -0.001807 0.008348 -0.008132
v 0.000714 0.008348 -0.013700
v 0.000588 0.008348 -0.010956
v 0.000476 0.008348 -0.008471
v 0.000455 0.008348 -0.007936
v 0.000126 0.008348 -0.013783
v 0.000108 0.008348 -0.010956
v 0.000103 0.008348 -0.008461
v 0.000102 0.008348 -0.007853
v -0.001514 0.008348 -0.013700
v -0.001388 0.008348 -0.010956
v -0.001276 0.008348 -0.008471
v -0.001255 0.008348 -0.007936
v 0.000217 0.008098 -0.007428
v -0.001333 0.008162 -0.007569
v 0.000058 0.007831 -0.013928
v 0.000032 0.007848 -0.010956
v 0.000034 0.007848 -0.008459
v -0.000016 0.007848 -0.007794
v 0.000196 0.007828 -0.007397
v -0.000856 0.008120 -0.013858
v -0.000832 0.008128 -0.010956
v -0.000834 0.008128 -0.008459
v -0.000812 0.008128 -0.007817
v -0.001017 0.008098 -0.007428
v 0.000707 0.008348 -0.014188
v 0.000119 0.008348 -0.014335
v 0.000083 0.008079 -0.014515
v 0.000087 0.007790 -0.014624
v -0.000400 0.007747 -0.014660
v -0.000887 0.007790 -0.014624
v -0.000883 0.008079 -0.014515
v -0.000919 0.008348 -0.014335
v -0.001507 0.008348 -0.014188
v 0.002417 0.005984 0.011646
v 0.003084 0.005981 0.011578
v 0.003084 0.005804 0.007539
v 0.001927 0.005541 -0.000136
v 0.001747 0.005540 -0.000204
v 0.000595 0.005540 -0.000204
v -0.001395 0.005540 -0.000204
v -0.002547 0.005540 -0.000204
v -0.002727 0.005541 -0.000136
v -0.003884 0.005804 0.007539
v -0.003884 0.005981 0.011578
v -0.003216 0.005984 0.011646
v -0.002422 0.005984 0.011646
v 0.001622 0.005984 0.011646
v 0.001974 0.006639 -0.008209
v 0.001774 0.006699 -0.006013
v 0.001745 0.006868 -0.002065
v 0.001927 0.006983 -0.000136
v 0.002428 0.007266 0.007539
v 0.001760 0.007450 0.011578
v 0.001622 0.007453 0.011646
v 0.001085 0.007453 0.011646
v 0.000291 0.007453 0.011646
v -0.000400 0.007453 0.011646
v -0.001091 0.007453 0.011646
v -0.001885 0.007453 0.011646
v -0.002422 0.007453 0.011646
v -0.002560 0.007450 0.011578
v -0.003228 0.007266 0.007539
v -0.002727 0.006983 -0.000136
v -0.002544 0.006868 -0.002065
v -0.002574 0.006699 -0.006013
v -0.002774 0.006639 -0.008209
v -0.003035 0.006512 -0.010913
v -0.002827 0.006334 -0.014179
v -0.001666 0.006275 -0.015077
v -0.000400 0.006269 -0.015302
v 0.000866 0.006275 -0.015077
v 0.002027 0.006334 -0.014179
v 0.002236 0.006512 -0.010913
v 0.002011 0.001159 -0.008322
v 0.001786 0.000991 -0.006008
v 0.001745 0.000752 -0.002065
v 0.001927 0.000662 -0.000136
v 0.002428 0.000430 0.007539
v 0.001760 0.000282 0.011578
v 0.001622 0.000279 0.011646
v -0.000400 0.000289 0.011646
v -0.002422 0.000279 0.011646
v -0.002560 0.000282 0.011578
v -0.003228 0.000430 0.007539
v -0.002727 0.000662 -0.000136
v -0.002544 0.000752 -0.002065
v -0.002586 0.000991 -0.006008
v -0.002811 0.001159 -0.008322
v -0.003112 0.001157 -0.011724
v -0.002788 0.001152 -0.015466
v -0.001548 0.001166 -0.016252
v -0.000400 0.001167 -0.016467
v 0.000749 0.001166 -0.016252
v 0.001988 0.001160 -0.015461
v 0.002312 0.001165 -0.011719
v 0.002417 0.001074 0.011646
v 0.001622 0.001074 0.011646
v -0.002422 0.001074 0.011646
v -0.003216 0.001074 0.011646
v -0.003884 0.001076 0.011578
v -0.003884 0.001199 0.007539
v -0.002727 0.001394 -0.000136
v -0.002547 0.001396 -0.000204
v -0.001395 0.001396 -0.000204
v 0.000595 0.001396 -0.000204
v 0.001747 0.001396 -0.000204
v 0.001927 0.001394 -0.000136
v 0.003084 0.001199 0.007539
v 0.003084 0.001076 0.011578
v -0.001149 0.007825 -0.000136
v -0.001646 0.001025 -0.005723
v 0.000846 0.001025 -0.005723
v -0.000400 -0.000687 -0.005698
v -0.001751 -0.000513 -0.006921
v 0.003042 0.007887 0.003433
v 0.003042 0.007082 0.003433
v 0.003042 0.006270 0.003433
v 0.003042 0.006185 0.003433
v 0.003042 0.005627 0.003433
v 0.003042 0.003482 0.003433
v 0.003042 0.001323 0.003433
v 0.003042 0.000720 0.003433
v 0.003042 0.000578 0.003433
v 0.003042 -0.000902 0.003433
v 0.002839 -0.002323 0.003433
v -0.000400 -0.002323 0.003433
v -0.003639 -0.002323 0.003433
v -0.003842 -0.000902 0.003433
v -0.003842 0.000578 0.003433
v -0.003842 0.000720 0.003433
v -0.003842 0.001323 0.003433
v -0.003842 0.003482 0.003433
v -0.003842 0.005627 0.003433
v -0.003842 0.006185 0.003433
v -0.003842 0.006270 0.003433
v -0.003842 0.007082 0.003433
v -0.003842 0.007887 0.003433
v -0.003639 0.007912 0.003433
v -0.002779 0.007912 0.003433
v -0.001507 0.007912 0.003433
v -0.000400 0.007912 0.003433
v 0.000707 0.007912 0.003433
v 0.001979 0.007912 0.003433
v 0.002839 0.007912 0.003433
v 0.002474 0.006214 0.001615
v 0.002474 0.007031 0.001615
v 0.002474 0.007842 0.001615
v 0.002305 0.007868 0.001615
v 0.001586 0.007868 0.001615
v 0.000525 0.007868 0.001615
v -0.000400 0.007868 0.001615
v -0.001325 0.007868 0.001615
v -0.002386 0.007868 0.001615
v -0.003105 0.007868 0.001615
v -0.003274 0.007842 0.001615
v -0.003274 0.007031 0.001615
v -0.003274 0.006214 0.001615
v -0.003274 0.006131 0.001615
v -0.003274 0.005583 0.001615
v -0.003274 0.003479 0.001615
v -0.003274 0.001359 0.001615
v -0.003274 0.000767 0.001615
v -0.003274 0.000621 0.001615
v -0.003274 -0.000986 0.001615
v -0.003105 -0.002528 0.001615
v -0.000400 -0.002528 0.001615
v 0.002305 -0.002528 0.001615
v 0.002474 -0.000986 0.001615
v 0.002474 0.000621 0.001615
v 0.002474 0.000767 0.001615
v 0.002474 0.001359 0.001615
v 0.002474 0.003479 0.001615
v 0.002474 0.005583 0.001615
v 0.002474 0.006131 0.001615
v -0.000144 0.008201 0.003778
v -0.000655 0.008201 0.003778
v 0.000703 0.008155 0.004593
v 0.000738 0.008119 0.004589
v -0.001538 0.008119 0.004589
v -0.001503 0.008155 0.004593
v 0.000738 0.008021 -0.000437
v 0.000703 0.008021 -0.000473
v -0.001538 0.008021 -0.000437
v -0.001503 0.008021 -0.000473
v -0.000625 0.008340 -0.000437
v -0.000625 0.008304 -0.000473
v -0.000898 0.008523 -0.000010
v -0.000861 0.008509 -0.000085
v 0.000061 0.008509 -0.000085
v 0.000098 0.008523 -0.000010
v 0.000748 0.007893 0.004590
v -0.001548 0.007893 0.004590
v 0.000748 0.008004 0.000010
v -0.000144 0.008350 0.000056
v -0.001548 0.008004 0.000010
v -0.000175 0.007986 -0.000483
v -0.001201 0.008524 0.000020
v -0.001116 0.008201 0.003778
v 0.000316 0.008201 0.003778
v 0.000401 0.008524 0.000020
v 0.000316 0.008073 -0.000483
v -0.000655 0.008350 0.000056
v -0.000625 0.007986 -0.000483
v -0.000850 0.008442 -0.000289
v -0.001548 0.008419 -0.000133
v 0.000748 0.008419 -0.000133
v 0.000316 0.008482 -0.000483
v -0.001116 0.008482 -0.000483
v -0.001116 0.008073 -0.000483
v 0.000050 0.008442 -0.000289
v 0.000703 0.008514 0.000017
v 0.000738 0.008478 0.000010
v -0.001538 0.008478 0.000010
v -0.001503 0.008514 0.000017
v 0.000738 0.008492 -0.000437
v 0.000703 0.008496 -0.000473
v -0.001503 0.008496 -0.000473
v -0.001538 0.008492 -0.000437
v -0.000175 0.008304 -0.000473
v -0.000175 0.008340 -0.000437
v -0.001188 0.008696 -0.000428
v -0.001170 0.008668 -0.000470
v 0.000370 0.008668 -0.000470
v 0.000388 0.008696 -0.000428
v -0.000850 0.008364 -0.000460
v -0.000875 0.008375 -0.000483
v -0.000869 0.008327 -0.000478
v 0.000069 0.008327 -0.000478
v 0.000075 0.008375 -0.000483
v 0.000050 0.008364 -0.000460
v -0.000837 0.008350 0.000370
v -0.000826 0.008349 0.000464
v -0.000874 0.008349 0.000442
v -0.001531 0.008656 -0.000432
v -0.001500 0.008687 -0.000428
v -0.001500 0.008664 -0.000462
v 0.000074 0.008349 0.000442
v 0.000026 0.008349 0.000464
v 0.000037 0.008350 0.000370
v 0.000700 0.008664 -0.000462
v 0.000700 0.008687 -0.000428
v 0.000731 0.008656 -0.000432
v -0.001849 -0.004436 0.007198
v -0.002409 -0.002654 0.009709
v 0.001611 -0.004015 0.007107
v -0.002410 -0.004015 0.007107
v -0.001993 -0.004304 0.002102
v -0.001993 -0.003884 0.009468
v -0.002409 -0.001424 0.009861
v -0.003003 -0.001796 0.006695
v -0.000400 -0.002613 -0.000084
v 0.002203 -0.001796 0.006695
v -0.002952 -0.002905 0.006866
v -0.002409 -0.003459 0.000799
v 0.002152 -0.002905 0.006866
v 0.001611 -0.004225 0.003424
v 0.002152 -0.003308 0.002411
v 0.002203 -0.002390 0.001723
v -0.003003 -0.002390 0.001723
v -0.002952 -0.003308 0.002411
v -0.002410 -0.004225 0.003424
v -0.001849 -0.004545 0.003841
v -0.002409 -0.002613 -0.000084
v -0.000400 -0.003459 0.000799
v -0.000400 -0.004304 0.002102
v -0.000400 -0.004545 0.003841
v -0.000400 -0.004436 0.007198
v -0.000400 -0.003884 0.009468
v -0.000400 -0.002654 0.009709
v -0.000400 -0.001424 0.009861
v 0.001609 -0.002613 -0.000084
v 0.001609 -0.003459 0.000799
v 0.001193 -0.004304 0.002102
v 0.001050 -0.004545 0.003841
v 0.001050 -0.004436 0.007198
v 0.001193 -0.003884 0.009468
v 0.001609 -0.002654 0.009709
v 0.001609 -0.001424 0.009861
v 0.003075 0.000089 0.018445
v 0.003079 0.000116 0.017680
v 0.003084 0.000198 0.017680
v 0.003079 0.000172 0.018447
v 0.003057 0.007289 0.018445
v 0.003059 0.007239 0.017680
v 0.002436 0.007295 0.018447
v -0.003879 0.000172 0.018447
v -0.003884 0.000198 0.017680
v -0.003879 0.000116 0.017680
v -0.003875 0.000089 0.018445
v 0.003059 0.000086 0.017680
v 0.003057 0.000063 0.018445
v 0.003059 0.000171 0.018476
v 0.003057 0.000089 0.018470
v 0.003079 0.000240 0.014452
v 0.003084 0.000310 0.014449
v 0.003084 0.000226 0.016866
v 0.003079 0.000147 0.016866
v 0.003059 0.007178 0.016866
v 0.003059 0.006939 0.014408
v -0.003879 0.000147 0.016866
v -0.003884 0.000226 0.016866
v -0.003884 0.000310 0.014449
v -0.003879 0.000240 0.014452
v 0.003059 0.000119 0.016866
v 0.002436 0.000111 0.016866
v 0.002436 0.000209 0.014453
v 0.003059 0.000215 0.014453
v -0.003236 0.000085 0.018476
v -0.003236 0.000170 0.018484
v -0.003236 0.000056 0.018447
v -0.003236 0.000079 0.017680
v -0.003236 0.000111 0.016866
v -0.003236 0.000209 0.014453
v -0.003236 0.006943 0.014408
v -0.003236 0.007185 0.016866
v -0.003236 0.007295 0.018447
v -0.003236 0.007246 0.017680
v -0.002514 0.000085 0.018476
v -0.002514 0.000170 0.018484
v -0.002514 0.000056 0.018447
v -0.002514 0.000079 0.017680
v -0.000400 0.000079 0.017680
v -0.000400 0.000056 0.018447
v -0.002504 -0.000815 0.014409
v -0.002500 -0.000523 0.016858
v -0.002500 0.007578 0.016858
v -0.002504 0.007875 0.014408
v -0.002514 0.007246 0.017680
v -0.002514 0.007295 0.018447
v 0.001750 -0.000205 0.016864
v 0.001759 -0.000306 0.014431
v -0.002509 -0.000204 0.016895
v -0.002550 -0.000205 0.016864
v -0.002559 -0.000306 0.014431
v -0.002509 0.007209 0.016895
v -0.002504 0.007378 0.016890
v 0.001750 0.007207 0.016864
v 0.001759 0.006997 0.014408
v 0.001749 0.007396 0.014408
v 0.001740 0.007379 0.016861
v -0.002559 0.006997 0.014408
v -0.002550 0.007207 0.016864
v 0.002762 0.000517 0.011589
v 0.002155 0.000513 0.011589
v 0.002155 0.006457 0.011587
v 0.002762 0.006455 0.011587
v 0.002785 0.000574 0.011590
v 0.002781 0.000532 0.011590
v -0.002955 0.000513 0.011589
v -0.003581 0.000532 0.011590
v -0.003585 0.000574 0.011590
v -0.002955 0.006457 0.011587
v 0.001496 -0.000154 0.011588
v -0.002247 -0.000812 0.011587
v -0.002296 -0.000154 0.011588
v -0.002296 0.006538 0.011587
v -0.002286 0.007147 0.011587
v -0.002247 0.007876 0.011587
v -0.000400 0.007900 0.011587
v 0.001496 0.006538 0.011587
v 0.002781 0.006446 0.011587
v 0.002785 0.006417 0.011588
v 0.003079 0.007154 0.016866
v 0.003084 0.007067 0.016866
v 0.003084 0.006852 0.014409
v 0.003079 0.006919 0.014408
v 0.003079 0.007172 0.018447
v 0.003084 0.007121 0.017680
v 0.003079 0.007213 0.017680
v 0.003075 0.007265 0.018445
v 0.003059 0.007174 0.018476
v 0.003057 0.007267 0.018470
v -0.002514 0.007174 0.018484
v -0.000400 0.007174 0.018484
v -0.000400 0.007270 0.018476
v -0.002514 0.007270 0.018476
v -0.003236 0.007270 0.018476
v -0.003236 0.007174 0.018484
v -0.003875 0.007265 0.018445
v -0.003879 0.007213 0.017680
v -0.003884 0.007121 0.017680
v -0.003879 0.007172 0.018447
v -0.003879 0.006919 0.014408
v -0.003884 0.006852 0.014409
v -0.003884 0.007067 0.016866
v -0.003879 0.007154 0.016866
v -0.003585 0.006417 0.011588
v -0.003581 0.006446 0.011587
v -0.003585 0.004010 0.012609
v -0.003585 0.004889 0.012469
v -0.003884 0.004890 0.015413
v -0.003884 0.004011 0.015572
v -0.003884 0.004011 0.016883
v -0.003884 0.004890 0.016880
v -0.003879 0.004891 0.018447
v -0.003884 0.004891 0.017680
v -0.003884 0.004011 0.017680
v -0.003879 0.004011 0.018447
v -0.003236 0.004891 0.018484
v -0.003236 0.004011 0.018484
v 0.003059 0.004011 0.018476
v 0.003059 0.004891 0.018476
v 0.003079 0.004011 0.018447
v 0.003084 0.004011 0.017680
v 0.003084 0.004891 0.017680
v 0.003079 0.004891 0.018447
v 0.003084 0.004011 0.015572
v 0.003084 0.004890 0.015413
v 0.003084 0.004890 0.016880
v 0.003084 0.004011 0.016883
v 0.002785 0.004889 0.012469
v 0.002785 0.004010 0.012609
v -0.003585 0.005527 0.012190
v -0.003585 0.005891 0.011858
v -0.003884 0.005898 0.014717
v -0.003884 0.005529 0.015095
v -0.003884 0.005529 0.016876
v -0.003884 0.005901 0.016870
v -0.003879 0.005902 0.018447
v -0.003884 0.005902 0.017680
v -0.003884 0.005529 0.017680
v -0.003879 0.005530 0.018447
v -0.003236 0.005902 0.018484
v -0.003236 0.005530 0.018484
v 0.003059 0.005530 0.018476
v 0.003059 0.005902 0.018476
v 0.003079 0.005530 0.018447
v 0.003084 0.005529 0.017680
v 0.003084 0.005902 0.017680
v 0.003079 0.005902 0.018447
v 0.003084 0.005529 0.015095
v 0.003084 0.005898 0.014717
v 0.003084 0.005901 0.016870
v 0.003084 0.005529 0.016876
v 0.002785 0.005891 0.011858
v 0.002785 0.005527 0.012190
v 0.002785 0.003052 0.012609
v 0.002785 0.002173 0.012469
v 0.003084 0.002173 0.015413
v 0.003084 0.003052 0.015572
v 0.003084 0.003052 0.016883
v 0.003084 0.002173 0.016880
v 0.003079 0.002173 0.018447
v 0.003084 0.002173 0.017680
v 0.003084 0.003052 0.017680
v 0.003079 0.003052 0.018447
v 0.002436 0.003052 0.018484
v 0.003059 0.002173 0.018476
v 0.003059 0.003052 0.018476
v -0.003236 0.002173 0.018484
v -0.003236 0.003052 0.018484
v -0.003879 0.003052 0.018447
v -0.003884 0.003052 0.017680
v -0.003884 0.002173 0.017680
v -0.003879 0.002173 0.018447
v -0.003884 0.003052 0.015572
v -0.003884 0.002173 0.015413
v -0.003884 0.002173 0.016880
v -0.003884 0.003052 0.016883
v -0.003585 0.002173 0.012469
v -0.003585 0.003052 0.012609
v 0.002785 0.001535 0.012190
v 0.002785 0.001170 0.011858
v 0.003084 0.001166 0.014717
v 0.003084 0.001535 0.015095
v 0.003084 0.001535 0.016876
v 0.003084 0.001165 0.016870
v 0.003079 0.001165 0.018447
v 0.003084 0.001165 0.017680
v 0.003084 0.001535 0.017680
v 0.003079 0.001535 0.018447
v 0.002436 0.001535 0.018484
v 0.003059 0.001165 0.018476
v 0.003059 0.001535 0.018476
v -0.003236 0.001165 0.018484
v -0.003236 0.001535 0.018484
v -0.003879 0.001535 0.018447
v -0.003884 0.001535 0.017680
v -0.003884 0.001165 0.017680
v -0.003879 0.001165 0.018447
v -0.003884 0.001535 0.015095
v -0.003884 0.001166 0.014717
v -0.003884 0.001165 0.016870
v -0.003884 0.001535 0.016876
v -0.003585 0.001170 0.011858
v -0.003585 0.001535 0.012190
v 0.002944 0.000392 0.011955
v 0.003011 0.000346 0.011984
v 0.002964 0.000411 0.011954
v 0.002968 0.000465 0.011951
v 0.003036 0.000425 0.011978
v 0.003031 0.000367 0.011983
v 0.002968 0.001168 0.012519
v 0.002968 0.001535 0.013277
v 0.003036 0.001535 0.013285
v 0.003036 0.001168 0.012528
v 0.002968 0.002173 0.013916
v 0.002968 0.003052 0.014236
v 0.003036 0.003052 0.014241
v 0.003036 0.002173 0.013922
v 0.003036 0.004010 0.014241
v 0.002968 0.004010 0.014236
v 0.002968 0.004889 0.013916
v 0.003036 0.004889 0.013922
v 0.002968 0.005528 0.013277
v 0.002968 0.005893 0.012519
v 0.003036 0.005894 0.012527
v 0.003036 0.005528 0.013285
v 0.003036 0.006598 0.011910
v 0.002968 0.006549 0.011901
v 0.002964 0.006589 0.011899
v 0.003031 0.006643 0.011909
v 0.002944 0.006601 0.011898
v 0.002328 0.006604 0.011898
v 0.002391 0.006659 0.011908
v 0.003011 0.006656 0.011908
v 0.001657 0.006687 0.011898
v 0.001647 0.007311 0.011898
v 0.001707 0.007371 0.011908
v 0.001716 0.006743 0.011908
v -0.002404 0.008057 0.011898
v -0.002463 0.008123 0.011908
v -0.002457 0.006687 0.011898
v -0.002516 0.006743 0.011908
v -0.003191 0.006659 0.011908
v -0.003127 0.006604 0.011898
v -0.003764 0.006589 0.011899
v -0.003768 0.006549 0.011901
v -0.003836 0.006598 0.011910
v -0.003831 0.006643 0.011909
v -0.003768 0.005893 0.012519
v -0.003768 0.005528 0.013277
v -0.003836 0.005528 0.013285
v -0.003836 0.005894 0.012527
v -0.003768 0.004889 0.013916
v -0.003768 0.004010 0.014236
v -0.003836 0.004010 0.014241
v -0.003836 0.004889 0.013922
v -0.003768 0.003052 0.014236
v -0.003768 0.002173 0.013916
v -0.003836 0.002173 0.013922
v -0.003836 0.003052 0.014241
v -0.003768 0.001535 0.013277
v -0.003768 0.001168 0.012519
v -0.003836 0.001168 0.012528
v -0.003836 0.001535 0.013285
v -0.003836 0.000425 0.011978
v -0.003768 0.000465 0.011951
v -0.003764 0.000411 0.011954
v -0.003831 0.000367 0.011983
v -0.003191 0.000341 0.011985
v -0.003127 0.000387 0.011955
v -0.002457 -0.000307 0.011927
v -0.002516 -0.000363 0.011947
v -0.002404 -0.000993 0.011899
v -0.002463 -0.001058 0.011909
v 0.001716 -0.000363 0.011947
v 0.001657 -0.000307 0.011927
v 0.002800 0.000491 0.011878
v 0.002867 0.000445 0.011932
v 0.002819 0.000507 0.011878
v 0.002824 0.000552 0.011879
v 0.002891 0.000511 0.011931
v 0.002887 0.000462 0.011932
v 0.002824 0.001170 0.012445
v 0.002824 0.001535 0.013157
v 0.002891 0.001535 0.013277
v 0.002891 0.001169 0.012519
v 0.002824 0.002173 0.013756
v 0.002824 0.003052 0.014055
v 0.002891 0.003052 0.014236
v 0.002891 0.002173 0.013916
v 0.002891 0.004889 0.013916
v 0.002891 0.004010 0.014236
v 0.002824 0.004010 0.014055
v 0.002824 0.004889 0.013756
v 0.002824 0.005527 0.013157
v 0.002824 0.005892 0.012445
v 0.002891 0.005892 0.012519
v 0.002891 0.005528 0.013277
v 0.002891 0.006493 0.011901
v 0.002824 0.006445 0.011866
v 0.002819 0.006477 0.011864
v 0.002887 0.006529 0.011899
v 0.002800 0.006486 0.011864
v 0.002191 0.006488 0.011864
v 0.002255 0.006542 0.011898
v 0.002867 0.006540 0.011898
v 0.001530 0.006570 0.011864
v 0.001520 0.007182 0.011864
v 0.001580 0.007242 0.011898
v 0.001589 0.006624 0.011898
v -0.002280 0.007914 0.011864
v -0.002338 0.007981 0.011898
v -0.002330 0.006570 0.011864
v -0.002389 0.006624 0.011898
v -0.003055 0.006542 0.011898
v -0.002991 0.006488 0.011864
v -0.003619 0.006477 0.011864
v -0.003624 0.006445 0.011866
v -0.003691 0.006493 0.011901
v -0.003687 0.006529 0.011899
v -0.003624 0.005892 0.012445
v -0.003624 0.005527 0.013157
v -0.003691 0.005528 0.013277
v -0.003691 0.005892 0.012519
v -0.003624 0.004889 0.013756
v -0.003624 0.004010 0.014055
v -0.003691 0.004010 0.014236
v -0.003691 0.004889 0.013916
v -0.003624 0.003052 0.014055
v -0.003624 0.002173 0.013756
v -0.003691 0.002173 0.013916
v -0.003691 0.003052 0.014236
v -0.003624 0.001535 0.013157
v -0.003624 0.001170 0.012445
v -0.003691 0.001169 0.012519
v -0.003691 0.001535 0.013277
v -0.003691 0.000511 0.011931
v -0.003624 0.000552 0.011879
v -0.003619 0.000507 0.011878
v -0.003687 0.000462 0.011932
v -0.003055 0.000440 0.011932
v -0.002991 0.000487 0.011878
v -0.002330 -0.000186 0.011871
v -0.002389 -0.000243 0.011915
v -0.002280 -0.000850 0.011864
v -0.002338 -0.000917 0.011899
v 0.001589 -0.000243 0.011915
v 0.001530 -0.000186 0.011871
v 0.003074 0.000401 0.012026
v 0.003069 0.000340 0.012032
v 0.003074 0.001535 0.013313
v 0.003074 0.001168 0.012563
v 0.003074 0.003052 0.014262
v 0.003074 0.002173 0.013946
v 0.003074 0.004889 0.013946
v 0.003074 0.004010 0.014262
v 0.003074 0.005894 0.012562
v 0.003074 0.005528 0.013313
v 0.003074 0.006629 0.011950
v 0.003069 0.006677 0.011948
v 0.003050 0.006691 0.011948
v 0.001750 0.006778 0.011947
v -0.002496 0.008156 0.011947
v -0.002550 0.006778 0.011947
v -0.002541 0.007405 0.011947
v -0.003227 0.006694 0.011947
v -0.003874 0.006629 0.011950
v -0.003869 0.006677 0.011948
v -0.003874 0.005528 0.013313
v -0.003874 0.005894 0.012562
v -0.003874 0.004010 0.014262
v -0.003874 0.004889 0.013946
v -0.003874 0.002173 0.013946
v -0.003874 0.003052 0.014262
v -0.003874 0.001168 0.012563
v -0.003874 0.001535 0.013313
v -0.003874 0.000401 0.012026
v -0.003869 0.000340 0.012032
v -0.003227 0.000313 0.012035
v -0.002550 -0.000394 0.011991
v -0.002496 -0.001092 0.011949
v 0.001750 -0.000394 0.011991
v 0.002427 0.000313 0.012035
v 0.003050 0.000318 0.012034
v 0.001478 0.007780 0.011587
v 0.001486 0.007147 0.011587
v 0.001512 0.007817 0.011864
v 0.001571 0.007883 0.011898
v 0.001639 0.007958 0.011898
v 0.001698 0.008023 0.011908
v 0.001741 0.007405 0.011947
v 0.001732 0.008057 0.011947
v 0.001740 0.007811 0.014408
v 0.001732 0.007555 0.016858
v -0.000400 0.007554 0.016890
v -0.002500 0.007552 0.016884
v -0.002540 0.007811 0.014408
v -0.002549 0.007396 0.014408
v -0.002540 0.007379 0.016861
v -0.002532 0.007555 0.016858
v -0.002532 0.008057 0.011947
v -0.002439 0.007958 0.011898
v -0.002447 0.007311 0.011898
v -0.002507 0.007371 0.011908
v -0.002498 0.008023 0.011908
v -0.002312 0.007817 0.011864
v -0.002320 0.007182 0.011864
v -0.002380 0.007242 0.011898
v -0.002371 0.007883 0.011898
v -0.002278 0.007780 0.011587
v 0.003084 0.000225 0.016913
v 0.003079 0.000145 0.016913
v 0.003084 0.001165 0.016914
v 0.003084 0.001535 0.016915
v 0.003084 0.002173 0.016916
v 0.003084 0.003052 0.016917
v 0.003084 0.004011 0.016917
v 0.003084 0.004890 0.016916
v 0.003084 0.005529 0.016915
v 0.003084 0.005901 0.016914
v 0.003084 0.007071 0.016913
v 0.003079 0.007158 0.016913
v 0.003059 0.007183 0.016913
v -0.002514 0.007193 0.016917
v -0.003236 0.007189 0.016913
v -0.003884 0.007071 0.016913
v -0.003879 0.007158 0.016913
v -0.003884 0.005901 0.016914
v -0.003884 0.005529 0.016915
v -0.003884 0.004890 0.016916
v -0.003884 0.004011 0.016917
v -0.003884 0.003052 0.016917
v -0.003884 0.002173 0.016916
v -0.003884 0.001535 0.016915
v -0.003884 0.001165 0.016914
v -0.003884 0.000225 0.016913
v -0.003879 0.000145 0.016913
v -0.003236 0.000110 0.016913
v -0.002514 0.000083 0.016917
v 0.002436 0.000110 0.016913
v 0.003059 0.000117 0.016913
v 0.001447 -0.000812 0.011587
v -0.000400 -0.000830 0.011587
v -0.000400 -0.000935 0.011898
v -0.000400 -0.000868 0.011864
v 0.001480 -0.000850 0.011864
v 0.001538 -0.000917 0.011899
v -0.000400 -0.001077 0.011908
v -0.000400 -0.001011 0.011898
v 0.001604 -0.000993 0.011899
v 0.001663 -0.001058 0.011909
v 0.001696 -0.001092 0.011949
v -0.000400 -0.001111 0.011947
v -0.000400 -0.000530 0.016861
v -0.000400 -0.000829 0.014408
v 0.001704 -0.000815 0.014409
v 0.001701 -0.000523 0.016858
v 0.001709 -0.000204 0.016895
v -0.000400 -0.000210 0.016902
v -0.000400 0.000078 0.016921
v 0.001714 0.000083 0.016917
v 0.001714 0.000079 0.017680
v 0.001714 0.000056 0.018447
v 0.001714 0.000170 0.018484
v -0.000400 0.000170 0.018484
v -0.000400 0.000085 0.018476
v 0.001714 0.000085 0.018476
v -0.000400 0.001165 0.018484
v -0.000400 0.001535 0.018484
v -0.000400 0.002173 0.018484
v -0.000400 0.003052 0.018484
v -0.000400 0.004011 0.018484
v -0.000400 0.004891 0.018484
v -0.000400 0.005902 0.018484
v -0.000400 0.005530 0.018484
v 0.001714 0.007174 0.018484
v 0.001714 0.007270 0.018476
v 0.001714 0.007295 0.018447
v 0.001714 0.007246 0.017680
v -0.000400 0.007246 0.017680
v -0.000400 0.007295 0.018447
v -0.000400 0.007194 0.016921
v 0.001714 0.007193 0.016917
v -0.000400 0.007211 0.016902
v 0.001709 0.007209 0.016895
v -0.000400 0.007378 0.016897
v 0.001704 0.007378 0.016890
v 0.001701 0.007552 0.016884
v -0.000400 0.007890 0.014408
v -0.000400 0.007584 0.016861
v 0.001701 0.007578 0.016858
v 0.001704 0.007875 0.014408
v -0.000400 0.008181 0.011947
v 0.001696 0.008156 0.011947
v 0.001604 0.008057 0.011898
v -0.000400 0.008082 0.011898
v -0.000400 0.008148 0.011908
v 0.001663 0.008123 0.011908
v 0.001480 0.007914 0.011864
v -0.000400 0.007939 0.011864
v -0.000400 0.008006 0.011898
v 0.001538 0.007981 0.011898
v 0.001447 0.007876 0.011587
v -0.002278 -0.000741 0.011587
v -0.002312 -0.000779 0.011865
v -0.002371 -0.000844 0.011900
v -0.002439 -0.000919 0.011902
v -0.002498 -0.000984 0.011913
v -0.002532 -0.001017 0.011953
v -0.002540 -0.000760 0.014411
v -0.002532 -0.000493 0.016858
v -0.002500 -0.000490 0.016884
v -0.000400 -0.000492 0.016890
v 0.001701 -0.000490 0.016884
v 0.001740 -0.000760 0.014411
v 0.001732 -0.000493 0.016858
v 0.001732 -0.001017 0.011953
v 0.001639 -0.000919 0.011902
v 0.001698 -0.000984 0.011913
v 0.001512 -0.000779 0.011865
v 0.001571 -0.000844 0.011900
v 0.001478 -0.000741 0.011587
v -0.003585 0.006069 0.011648
v -0.003585 0.006152 0.011594
v -0.003691 0.006167 0.011916
v -0.003624 0.006157 0.011880
v -0.003624 0.006070 0.011995
v -0.003691 0.006074 0.012038
v -0.003836 0.006187 0.011926
v -0.003768 0.006178 0.011916
v -0.003768 0.006077 0.012038
v -0.003836 0.006081 0.012048
v -0.003874 0.006083 0.012086
v -0.003874 0.006194 0.011965
v -0.003884 0.006280 0.016866
v -0.003884 0.006237 0.014417
v -0.003884 0.006098 0.014478
v -0.003884 0.006112 0.016867
v -0.003884 0.006281 0.016913
v -0.003884 0.006113 0.016914
v -0.003879 0.006301 0.018447
v -0.003884 0.006291 0.017680
v -0.003884 0.006116 0.017680
v -0.003879 0.006119 0.018447
v -0.003236 0.006119 0.018484
v -0.003236 0.006301 0.018484
v -0.000400 0.006301 0.018484
v -0.000400 0.006119 0.018484
v 0.003059 0.006301 0.018476
v 0.002436 0.006301 0.018484
v 0.003059 0.006119 0.018476
v 0.003079 0.006119 0.018447
v 0.003084 0.006116 0.017680
v 0.003084 0.006291 0.017680
v 0.003079 0.006301 0.018447
v 0.003084 0.006281 0.016913
v 0.003084 0.006113 0.016914
v 0.003084 0.006237 0.014417
v 0.003084 0.006280 0.016866
v 0.003084 0.006112 0.016867
v 0.003084 0.006098 0.014478
v 0.003074 0.006194 0.011965
v 0.003074 0.006083 0.012086
v 0.002968 0.006077 0.012038
v 0.002968 0.006178 0.011916
v 0.003036 0.006187 0.011926
v 0.003036 0.006081 0.012048
v 0.002824 0.006070 0.011995
v 0.002824 0.006157 0.011880
v 0.002891 0.006167 0.011916
v 0.002891 0.006074 0.012038
v 0.002785 0.006152 0.011594
v 0.002785 0.006069 0.011648
v 0.001534 0.006473 0.011587
v 0.001568 0.006504 0.011864
v 0.001628 0.006559 0.011898
v 0.001696 0.006621 0.011898
v 0.001756 0.006676 0.011908
v 0.002427 0.006694 0.011947
v 0.001790 0.006711 0.011947
v 0.001794 0.007189 0.016866
v 0.002436 0.007185 0.016866
v 0.002436 0.006943 0.014408
v 0.001798 0.006954 0.014408
v 0.002436 0.007189 0.016913
v 0.001789 0.007190 0.016914
v 0.002436 0.007246 0.017680
v 0.001789 0.007246 0.017680
v 0.001789 0.007295 0.018447
v 0.001789 0.007174 0.018484
v 0.002436 0.007174 0.018484
v 0.002436 0.007270 0.018476
v 0.001789 0.007270 0.018476
v 0.002436 0.006119 0.018484
v 0.002436 0.005902 0.018484
v 0.002436 0.005530 0.018484
v 0.002436 0.004891 0.018484
v 0.002436 0.004011 0.018484
v 0.002436 0.002173 0.018484
v 0.002436 0.001165 0.018484
v 0.001789 0.000085 0.018476
v 0.002436 0.000085 0.018476
v 0.002436 0.000170 0.018484
v 0.001789 0.000170 0.018484
v 0.001789 0.000056 0.018447
v 0.001789 0.000079 0.017680
v 0.002436 0.000079 0.017680
v 0.002436 0.000056 0.018447
v 0.001789 0.000099 0.016914
v 0.001794 0.000085 0.016867
v 0.001798 0.000158 0.014451
v 0.001790 0.000242 0.012031
v 0.001696 0.000318 0.011952
v 0.002328 0.000387 0.011955
v 0.002391 0.000341 0.011985
v 0.001756 0.000271 0.011981
v 0.001568 0.000420 0.011877
v 0.002191 0.000487 0.011878
v 0.002255 0.000440 0.011932
v 0.001628 0.000372 0.011931
v 0.001534 0.000447 0.011589
v -0.003561 0.006455 0.011587
v -0.003600 0.006486 0.011864
v -0.003667 0.006540 0.011898
v -0.003744 0.006601 0.011898
v -0.003811 0.006656 0.011908
v -0.003850 0.006691 0.011948
v -0.003859 0.007178 0.016866
v -0.003859 0.006939 0.014408
v -0.003859 0.007183 0.016913
v -0.003859 0.007239 0.017680
v -0.003857 0.007289 0.018445
v -0.003859 0.007174 0.018476
v -0.003857 0.007267 0.018470
v -0.003859 0.006119 0.018476
v -0.003859 0.006301 0.018476
v -0.003859 0.005530 0.018476
v -0.003859 0.005902 0.018476
v -0.003859 0.004011 0.018476
v -0.003859 0.004891 0.018476
v -0.003859 0.002173 0.018476
v -0.003859 0.003052 0.018476
v -0.003859 0.001165 0.018476
v -0.003859 0.001535 0.018476
v -0.003857 0.000089 0.018470
v -0.003859 0.000171 0.018476
v -0.003857 0.000063 0.018445
v -0.003859 0.000086 0.017680
v -0.003859 0.000117 0.016913
v -0.003859 0.000215 0.014453
v -0.003859 0.000119 0.016866
v -0.003850 0.000318 0.012034
v -0.003744 0.000392 0.011955
v -0.003811 0.000346 0.011984
v -0.003600 0.000491 0.011878
v -0.003667 0.000445 0.011932
v -0.003561 0.000517 0.011589
v 0.002785 0.000989 0.011648
v 0.002785 0.000897 0.011595
v 0.002891 0.000885 0.011922
v 0.002824 0.000893 0.011883
v 0.002824 0.000987 0.011996
v 0.002891 0.000985 0.012040
v 0.003036 0.000868 0.011939
v 0.002968 0.000876 0.011926
v 0.002968 0.000982 0.012042
v 0.003036 0.000979 0.012052
v 0.003074 0.000977 0.012091
v 0.003074 0.000863 0.011980
v 0.003084 0.000829 0.016866
v 0.003084 0.000846 0.014425
v 0.003084 0.000971 0.014480
v 0.003084 0.000966 0.016867
v 0.003084 0.000829 0.016913
v 0.003084 0.000966 0.016914
v 0.003079 0.000818 0.018447
v 0.003084 0.000824 0.017680
v 0.003084 0.000964 0.017680
v 0.003079 0.000962 0.018447
v 0.002436 0.000962 0.018484
v 0.003059 0.000818 0.018476
v 0.003059 0.000962 0.018476
v 0.002436 0.000818 0.018484
v -0.000400 0.000818 0.018484
v -0.000400 0.000962 0.018484
v -0.003236 0.000818 0.018484
v -0.003236 0.000962 0.018484
v -0.003859 0.000818 0.018476
v -0.003859 0.000962 0.018476
v -0.003879 0.000962 0.018447
v -0.003884 0.000964 0.017680
v -0.003884 0.000824 0.017680
v -0.003879 0.000818 0.018447
v -0.003884 0.000829 0.016913
v -0.003884 0.000966 0.016914
v -0.003884 0.000846 0.014425
v -0.003884 0.000829 0.016866
v -0.003884 0.000966 0.016867
v -0.003884 0.000971 0.014480
v -0.003874 0.000863 0.011980
v -0.003874 0.000977 0.012091
v -0.003768 0.000982 0.012042
v -0.003768 0.000876 0.011926
v -0.003836 0.000868 0.011939
v -0.003836 0.000979 0.012052
v -0.003624 0.000987 0.011996
v -0.003624 0.000893 0.011883
v -0.003691 0.000885 0.011922
v -0.003691 0.000985 0.012040
v -0.003585 0.000897 0.011595
v -0.003585 0.000989 0.011648
v -0.002334 0.000447 0.011589
v -0.002368 0.000420 0.011877
v -0.002428 0.000372 0.011931
v -0.002496 0.000318 0.011952
v -0.002556 0.000271 0.011981
v -0.002590 0.000242 0.012031
v -0.002598 0.000158 0.014451
v -0.002594 0.000085 0.016867
v -0.002589 0.000099 0.016914
v -0.002589 0.000079 0.017680
v -0.002589 0.000056 0.018447
v -0.002589 0.000170 0.018484
v -0.002589 0.000085 0.018476
v -0.002589 0.007174 0.018484
v -0.002589 0.007270 0.018476
v -0.002589 0.007295 0.018447
v -0.002589 0.007246 0.017680
v -0.002589 0.007190 0.016914
v -0.002594 0.007189 0.016866
v -0.002598 0.006954 0.014408
v -0.002590 0.006711 0.011947
v -0.002496 0.006621 0.011898
v -0.002556 0.006676 0.011908
v -0.002368 0.006504 0.011864
v -0.002428 0.006559 0.011898
v -0.002334 0.006473 0.011587
v 0.002785 0.006288 0.011591
v 0.002891 0.006334 0.011908
v 0.002824 0.006305 0.011873
v 0.003036 0.006398 0.011918
v 0.002968 0.006368 0.011908
v 0.003074 0.006417 0.011957
v 0.003084 0.006553 0.014413
v 0.003084 0.006684 0.016866
v 0.003084 0.006686 0.016913
v 0.003079 0.006748 0.018447
v 0.003084 0.006717 0.017680
v 0.003059 0.006749 0.018476
v 0.002436 0.006749 0.018484
v -0.000400 0.006749 0.018484
v -0.003236 0.006749 0.018484
v -0.003859 0.006749 0.018476
v -0.003879 0.006748 0.018447
v -0.003884 0.006717 0.017680
v -0.003884 0.006686 0.016913
v -0.003884 0.006684 0.016866
v -0.003884 0.006553 0.014413
v -0.003874 0.006417 0.011957
v -0.003836 0.006398 0.011918
v -0.003768 0.006368 0.011908
v -0.003691 0.006334 0.011908
v -0.003624 0.006305 0.011873
v -0.003585 0.006288 0.011591
v -0.003585 0.000734 0.011593
v -0.003691 0.000695 0.011926
v -0.003624 0.000720 0.011881
v -0.003836 0.000643 0.011959
v -0.003768 0.000668 0.011938
v -0.003874 0.000629 0.012003
v -0.003884 0.000574 0.014437
v -0.003884 0.000523 0.016866
v -0.003884 0.000522 0.016913
v -0.003879 0.000490 0.018447
v -0.003884 0.000506 0.017680
v -0.003859 0.000490 0.018476
v -0.003236 0.000490 0.018484
v -0.000400 0.000490 0.018484
v 0.002436 0.000490 0.018484
v 0.003059 0.000490 0.018476
v 0.003079 0.000490 0.018447
v 0.003084 0.000506 0.017680
v 0.003084 0.000522 0.016913
v 0.003084 0.000523 0.016866
v 0.003084 0.000574 0.014437
v 0.003074 0.000629 0.012003
v 0.003036 0.000643 0.011959
v 0.002968 0.000668 0.011938
v 0.002891 0.000695 0.011926
v 0.002824 0.000720 0.011881
v 0.002785 0.000734 0.011593
v 0.001789 0.006749 0.018484
v 0.001789 0.006301 0.018484
v 0.001789 0.006119 0.018484
v 0.001789 0.005902 0.018484
v 0.001789 0.005530 0.018484
v 0.001789 0.004891 0.018484
v 0.001789 0.004011 0.018484
v 0.001789 0.003052 0.018484
v 0.001789 0.002173 0.018484
v 0.001789 0.001535 0.018484
v 0.001789 0.001165 0.018484
v 0.001789 0.000962 0.018484
v 0.001789 0.000818 0.018484
v 0.001789 0.000490 0.018484
v 0.001714 0.000490 0.018484
v 0.001714 0.000962 0.018484
v 0.001714 0.000818 0.018484
v 0.001714 0.001165 0.018484
v 0.001714 0.001535 0.018484
v 0.001714 0.002173 0.018484
v 0.001714 0.003052 0.018484
v 0.001714 0.004011 0.018484
v 0.001714 0.004891 0.018484
v 0.001714 0.005530 0.018484
v 0.001714 0.005902 0.018484
v 0.001714 0.006119 0.018484
v 0.001714 0.006301 0.018484
v 0.001714 0.006749 0.018484
v -0.002514 0.006749 0.018484
v -0.002514 0.006119 0.018484
v -0.002514 0.006301 0.018484
v -0.002514 0.005530 0.018484
v -0.002514 0.005902 0.018484
v -0.002514 0.004891 0.018484
v -0.002514 0.004011 0.018484
v -0.002514 0.003052 0.018484
v -0.002514 0.002173 0.018484
v -0.002514 0.001535 0.018484
v -0.002514 0.001165 0.018484
v -0.002514 0.000962 0.018484
v -0.002514 0.000818 0.018484
v -0.002514 0.000490 0.018484
v -0.002589 0.000490 0.018484
v -0.002589 0.000962 0.018484
v -0.002589 0.000818 0.018484
v -0.002589 0.001535 0.018484
v -0.002589 0.001165 0.018484
v -0.002589 0.003052 0.018484
v -0.002589 0.002173 0.018484
v -0.002589 0.004011 0.018484
v -0.002589 0.004891 0.018484
v -0.002589 0.005530 0.018484
v -0.002589 0.005902 0.018484
v -0.002589 0.006301 0.018484
v -0.002589 0.006119 0.018484
v -0.002589 0.006749 0.018484
v 0.003346 0.003123 0.012328
v 0.003346 0.003123 0.011512
v 0.003346 0.003939 0.011512
v 0.003346 0.003939 0.012328
v 0.003247 0.005347 0.012695
v 0.003247 0.005347 0.011145
v 0.003247 0.001715 0.011145
v 0.003247 0.001715 0.012695
v 0.003247 0.002756 0.010104
v 0.003247 0.004306 0.010104
v 0.003247 0.002756 0.013736
v 0.003247 0.004306 0.013736
v 0.002928 0.004430 0.014020
v 0.002928 0.002632 0.014020
v 0.002928 0.001431 0.012819
v 0.002928 0.001431 0.011021
v 0.002928 0.002632 0.009820
v 0.002928 0.004430 0.009820
v 0.002928 0.005631 0.011021
v 0.002928 0.005631 0.012819
v 0.003413 0.002289 0.012449
v 0.003413 0.003002 0.013162
v 0.003413 0.002289 0.011391
v 0.003413 0.003002 0.010677
v 0.003413 0.004060 0.010677
v 0.003413 0.004773 0.011391
v 0.003413 0.004773 0.012449
v 0.003413 0.004060 0.013162
v -0.004150 0.003939 0.012328
v -0.004150 0.003939 0.011512
v -0.004150 0.003123 0.011512
v -0.004150 0.003123 0.012328
v -0.004051 0.001715 0.012695
v -0.004051 0.001715 0.011145
v -0.004051 0.005347 0.011145
v -0.004051 0.005347 0.012695
v -0.004051 0.004306 0.010104
v -0.004051 0.002756 0.010104
v -0.004051 0.004306 0.013736
v -0.004051 0.002756 0.013736
v -0.003732 0.002632 0.014020
v -0.003732 0.004430 0.014020
v -0.003732 0.005631 0.012819
v -0.003732 0.005631 0.011021
v -0.003732 0.004430 0.009820
v -0.003732 0.002632 0.009820
v -0.003732 0.001431 0.011021
v -0.003732 0.001431 0.012819
v -0.004217 0.004773 0.012449
v -0.004217 0.004060 0.013162
v -0.004217 0.004773 0.011391
v -0.004217 0.004060 0.010677
v -0.004217 0.003002 0.010677
v -0.004217 0.002289 0.011391
v -0.004217 0.002289 0.012449
v -0.004217 0.003002 0.013162
vn 0.6263 0.3595 0.6918
vn 0.9403 0.1583 0.3012
vn 0.9529 0.1298 0.2742
vn 0.6875 0.3090 0.6572
vn 0.9805 0.0917 0.1736
vn 0.9812 0.0819 0.1747
vn 0.9824 0.0613 0.1762
vn 0.9564 0.0970 0.2755
vn 0.7042 0.2329 0.6707
vn -0.7042 0.2329 0.6707
vn -0.9564 0.0970 0.2755
vn -0.9529 0.1298 0.2742
vn -0.6875 0.3090 0.6572
vn -0.9824 0.0614 0.1762
vn -0.9812 0.0819 0.1747
vn -0.9805 0.0917 0.1736
vn -0.9403 0.1583 0.3012
vn -0.6263 0.3595 0.6918
vn -0.0000 0.4598 0.8880
vn -0.0000 0.4259 0.9048
vn -0.0000 0.3283 0.9446
vn -0.6993 -0.2645 0.6641
vn -0.0000 -0.3756 0.9268
vn -0.0000 -0.4180 0.9084
vn -0.6984 -0.2944 0.6523
vn 0.6993 -0.2645 0.6641
vn 0.6984 -0.2944 0.6523
vn 0.6377 -0.3296 0.6962
vn -0.0000 -0.4322 0.9018
vn -0.6377 -0.3296 0.6962
vn -0.9444 -0.1350 0.2997
vn -0.9548 -0.1171 0.2731
vn -0.9817 -0.0752 0.1747
vn -0.9818 -0.0723 0.1755
vn -0.9821 -0.0654 0.1768
vn -0.9551 -0.1059 0.2766
vn 0.9551 -0.1059 0.2766
vn 0.9548 -0.1171 0.2731
vn 0.9821 -0.0654 0.1768
vn 0.9818 -0.0723 0.1755
vn 0.9817 -0.0752 0.1747
vn 0.9444 -0.1350 0.2997
vn -0.7356 -0.0314 0.6767
vn -0.0000 -0.0514 0.9987
vn -0.0000 -0.2738 0.9618
vn -0.7166 -0.1863 0.6722
vn 0.7356 -0.0314 0.6767
vn 0.7166 -0.1863 0.6722
vn 0.9625 -0.0095 0.2710
vn 0.9588 -0.0723 0.2747
vn 0.9841 -0.0041 0.1778
vn 0.9831 -0.0433 0.1777
vn -0.9588 -0.0723 0.2747
vn -0.9831 -0.0433 0.1777
vn -0.9841 -0.0045 0.1778
vn -0.9625 -0.0095 0.2710
vn -0.0000 0.1815 0.9834
vn -0.7241 0.1258 0.6781
vn 0.7241 0.1258 0.6781
vn -0.9603 0.0527 0.2738
vn -0.9836 0.0339 0.1772
vn 0.9603 0.0527 0.2738
vn 0.9836 0.0339 0.1772
vn 0.9494 0.3141 -0.0001
vn 0.9466 0.3225 -0.0018
vn 0.2496 0.9684 -0.0006
vn 0.2691 0.9631 -0.0003
vn 0.9485 0.3167 -0.0072
vn 0.2406 0.9706 -0.0017
vn -0.0000 1.0000 -0.0000
vn -0.0361 -0.9616 -0.2721
vn -0.0107 -0.9845 -0.1750
vn -0.0349 -0.9812 -0.1896
vn -0.0785 -0.9513 -0.2980
vn -0.0033 -0.9844 -0.1760
vn -0.0281 -0.9833 -0.1795
vn -0.1674 -0.9688 -0.1830
vn -0.1464 -0.9604 -0.2370
vn -0.1641 -0.9180 -0.3611
vn -0.6269 0.3291 0.7062
vn -0.6600 0.2584 0.7055
vn -0.8614 0.4039 0.3078
vn -0.8319 0.4096 0.3743
vn -0.5539 0.6330 0.5408
vn -0.5078 0.8450 0.1679
vn -0.4837 0.8732 0.0603
vn -0.9105 0.3980 0.1122
vn -0.9480 0.2817 0.1483
vn -0.5526 0.8327 -0.0344
vn -0.6039 0.7304 -0.3190
vn -0.8110 0.3598 -0.4613
vn -0.9213 0.3823 -0.0717
vn -0.4346 0.5667 -0.7000
vn -0.4830 0.3942 -0.7819
vn -0.4978 0.3505 -0.7933
vn -0.8294 0.2540 -0.4976
vn -0.9774 0.1924 -0.0872
vn 0.4837 0.8732 0.0603
vn 0.5078 0.8450 0.1679
vn 0.8614 0.4039 0.3078
vn 0.9105 0.3980 0.1122
vn 0.5539 0.6330 0.5408
vn 0.6600 0.2584 0.7055
vn 0.6269 0.3291 0.7062
vn 0.8319 0.4096 0.3743
vn 0.9480 0.2817 0.1483
vn 0.4346 0.5667 -0.7000
vn 0.6039 0.7304 -0.3190
vn 0.8110 0.3598 -0.4613
vn 0.4830 0.3942 -0.7819
vn 0.5526 0.8327 -0.0344
vn 0.9213 0.3823 -0.0717
vn 0.9774 0.1924 -0.0872
vn 0.8294 0.2540 -0.4976
vn 0.4978 0.3505 -0.7933
vn 0.4514 0.4431 0.7745
vn 0.5344 0.4265 0.7297
vn 0.5849 0.1764 0.7917
vn 0.4986 0.1880 0.8462
vn 0.5676 0.4174 0.7097
vn 0.6176 0.1708 0.7677
vn 0.6255 0.0563 0.7782
vn 0.5929 0.0600 0.8030
vn 0.5067 0.0658 0.8596
vn -0.5676 0.4174 0.7097
vn -0.6176 0.1708 0.7677
vn -0.9163 0.1007 0.3875
vn -0.8375 0.3574 0.4133
vn -0.6255 0.0563 0.7782
vn -0.9197 0.0190 0.3921
vn -0.9886 -0.0144 0.1501
vn -0.9911 0.0116 0.1327
vn -0.9816 0.1064 0.1585
vn -0.9942 0.0587 -0.0900
vn -0.8140 0.3254 -0.4812
vn -0.8088 0.3292 -0.4873
vn -0.9935 0.0616 -0.0955
vn -0.4706 0.5074 -0.7218
vn -0.4652 0.5089 -0.7243
vn -0.4579 0.5098 -0.7283
vn -0.7908 0.3434 -0.5067
vn -0.9912 0.0714 -0.1110
vn 0.4703 0.5078 -0.7218
vn 0.8137 0.3258 -0.4813
vn 0.8085 0.3297 -0.4875
vn 0.4647 0.5093 -0.7243
vn 0.9942 0.0588 -0.0899
vn 0.9935 0.0617 -0.0954
vn 0.9912 0.0716 -0.1112
vn 0.7898 0.3443 -0.5076
vn 0.4572 0.5103 -0.7284
vn 0.1671 -0.9688 -0.1831
vn 0.1463 -0.9604 -0.2371
vn 0.7446 -0.5321 -0.4031
vn 0.8935 -0.4366 -0.1046
vn 0.1643 -0.9179 -0.3612
vn 0.4391 -0.5617 -0.7012
vn 0.4940 -0.4080 -0.7678
vn 0.8662 -0.2301 -0.4437
vn 0.9982 -0.0353 -0.0491
vn 0.9970 -0.0313 -0.0701
vn 0.8644 -0.1601 -0.4767
vn 0.8779 -0.0526 -0.4760
vn 0.9976 -0.0110 -0.0690
vn 0.5112 -0.2693 -0.8162
vn 0.5267 -0.0870 -0.8456
vn 0.5266 -0.0018 -0.8501
vn 0.8856 -0.0028 -0.4645
vn 0.9980 -0.0018 -0.0631
vn 0.6293 0.1266 0.7668
vn 0.6381 -0.0117 0.7699
vn 0.9442 -0.0085 0.3294
vn 0.9424 0.0481 0.3311
vn 0.6313 -0.1704 0.7566
vn 0.9417 -0.0721 0.3286
vn 0.9930 -0.0231 0.1156
vn 0.9933 -0.0074 0.1157
vn 0.9931 0.0080 0.1173
vn 0.9927 -0.0305 0.1168
vn 0.9418 -0.1082 0.3183
vn 0.9432 -0.0630 0.3262
vn 0.9927 -0.0161 0.1197
vn 0.6154 -0.2646 0.7425
vn 0.6269 -0.1562 0.7633
vn 0.6305 -0.0530 0.7744
vn 0.9415 -0.0189 0.3365
vn 0.9923 -0.0006 0.1238
vn 0.9908 0.0078 0.1348
vn 0.9319 0.0021 0.3628
vn 0.8998 -0.3264 0.2896
vn 0.9232 -0.3794 0.0614
vn 0.6261 -0.0050 0.7797
vn 0.6228 -0.1614 0.7656
vn 0.3124 -0.8824 0.3519
vn 0.2430 -0.9691 -0.0419
vn 0.2111 -0.9670 -0.1430
vn -0.5136 0.0823 -0.8541
vn -0.8807 0.0476 -0.4713
vn -0.8811 0.0789 -0.4662
vn -0.5126 0.1404 -0.8471
vn -0.9979 0.0065 -0.0637
vn -0.9980 0.0110 -0.0621
vn -0.9981 0.0124 -0.0612
vn -0.8818 0.0876 -0.4634
vn -0.5149 0.1590 -0.8424
vn -0.9980 -0.0003 -0.0632
vn -0.8832 0.0029 -0.4691
vn -0.8745 -0.0500 -0.4825
vn -0.9975 -0.0101 -0.0698
vn -0.5195 0.0023 -0.8545
vn -0.5178 -0.0854 -0.8512
vn -0.5026 -0.2720 -0.8206
vn -0.8605 -0.1635 -0.4825
vn -0.9969 -0.0323 -0.0711
vn -0.9981 -0.0364 -0.0489
vn -0.8636 -0.2364 -0.4453
vn -0.7428 -0.5346 -0.4030
vn -0.8943 -0.4353 -0.1039
vn -0.4893 -0.4123 -0.7685
vn -0.4367 -0.5644 -0.7006
vn 0.9979 0.0066 -0.0645
vn 0.8819 0.0473 -0.4691
vn 0.8828 0.0819 -0.4626
vn 0.9980 0.0120 -0.0624
vn 0.5177 0.0820 -0.8516
vn 0.5173 0.1425 -0.8438
vn 0.5215 0.1618 -0.8377
vn 0.8841 0.0915 -0.4582
vn 0.9980 0.0135 -0.0611
vn 0.9971 0.0279 -0.0712
vn 0.8712 0.1568 -0.4652
vn 0.8683 0.1941 -0.4565
vn 0.9971 0.0327 -0.0683
vn 0.5180 0.2660 -0.8130
vn 0.5141 0.3267 -0.7931
vn 0.5168 0.3435 -0.7842
vn 0.8694 0.2029 -0.4505
vn 0.9973 0.0328 -0.0661
vn 0.9914 -0.0406 0.1240
vn 0.9334 -0.0984 0.3451
vn 0.9389 -0.0994 0.3295
vn 0.9918 -0.0407 0.1209
vn 0.6136 -0.2094 0.7614
vn 0.6127 -0.2184 0.7595
vn 0.6280 -0.0513 0.7765
vn 0.9492 -0.0267 0.3135
vn 0.9929 -0.0173 0.1174
vn -0.6281 -0.0515 0.7764
vn -0.6128 -0.2185 0.7594
vn -0.9393 -0.0992 0.3286
vn -0.9496 -0.0266 0.3123
vn -0.6136 -0.2095 0.7613
vn -0.9339 -0.0979 0.3440
vn -0.9915 -0.0404 0.1237
vn -0.9919 -0.0405 0.1207
vn -0.9930 -0.0169 0.1169
vn -0.9969 0.0490 -0.0615
vn -0.8500 0.2891 -0.4404
vn -0.8457 0.2862 -0.4505
vn -0.9958 0.0551 -0.0730
vn -0.4875 0.4738 -0.7334
vn -0.4915 0.4607 -0.7391
vn -0.5010 0.4211 -0.7561
vn -0.8504 0.2605 -0.4572
vn -0.9957 0.0521 -0.0770
vn -0.9973 0.0330 -0.0661
vn -0.8661 0.2056 -0.4557
vn -0.8648 0.1961 -0.4622
vn -0.9971 0.0328 -0.0685
vn -0.5094 0.3453 -0.7882
vn -0.5061 0.3284 -0.7975
vn -0.5094 0.2664 -0.8183
vn -0.8677 0.1565 -0.4718
vn -0.9971 0.0275 -0.0716
vn 0.9958 0.0513 -0.0762
vn 0.8507 0.2595 -0.4570
vn 0.8442 0.2871 -0.4526
vn 0.9958 0.0550 -0.0727
vn 0.5032 0.4194 -0.7556
vn 0.4912 0.4604 -0.7394
vn 0.4863 0.4742 -0.7339
vn 0.8481 0.2909 -0.4429
vn 0.9969 0.0492 -0.0615
vn -0.6386 -0.0509 0.7679
vn -0.6345 -0.1588 0.7564
vn -0.9439 -0.0650 0.3239
vn -0.9424 -0.0178 0.3340
vn -0.6201 -0.2697 0.7367
vn -0.9418 -0.1122 0.3168
vn -0.9926 -0.0324 0.1167
vn -0.9927 -0.0171 0.1194
vn -0.9924 -0.0001 0.1234
vn -0.9930 -0.0238 0.1157
vn -0.9416 -0.0743 0.3285
vn -0.9442 -0.0090 0.3292
vn -0.9933 -0.0072 0.1157
vn -0.6325 -0.1742 0.7547
vn -0.6387 -0.0134 0.7694
vn -0.6296 0.1263 0.7666
vn -0.9427 0.0482 0.3303
vn -0.9931 0.0086 0.1170
vn -0.2108 -0.9670 -0.1430
vn -0.2427 -0.9692 -0.0419
vn -0.9001 -0.3251 0.2901
vn -0.9231 -0.3796 0.0614
vn -0.3134 -0.8818 0.3525
vn -0.6247 -0.1566 0.7650
vn -0.6298 -0.0001 0.7768
vn -0.9320 0.0052 0.3625
vn -0.9908 0.0092 0.1349
vn 0.1566 0.8602 0.4853
vn 0.3918 0.2123 0.8952
vn 0.4463 0.3055 0.8411
vn 0.1993 0.8631 0.4640
vn 0.4993 0.3345 0.7993
vn 0.5751 0.2142 0.7895
vn 0.4033 0.7162 0.5696
vn -0.9753 0.2110 0.0647
vn -0.9101 0.4096 0.0622
vn -0.4976 0.8667 0.0348
vn -0.3127 0.4316 -0.8461
vn -0.3161 0.3936 -0.8632
vn -0.2908 0.5590 -0.7765
vn -0.1630 0.5657 -0.8083
vn -0.1816 0.4508 -0.8740
vn -0.1568 0.4627 -0.8725
vn 0.4976 0.8667 0.0348
vn 0.9102 0.4096 0.0622
vn 0.9753 0.2110 0.0647
vn 0.3358 0.0730 0.9391
vn 0.3289 0.2042 0.9220
vn -0.0000 0.0782 0.9969
vn -0.0000 0.2165 0.9763
vn -0.0000 0.4938 0.8696
vn 0.2928 0.4701 0.8326
vn -0.9981 0.0094 0.0601
vn -0.9978 -0.0064 0.0667
vn -0.9972 -0.0185 0.0718
vn -0.1472 0.5764 -0.8038
vn -0.1481 0.5759 -0.8040
vn -0.2924 0.5531 -0.7801
vn -0.2924 0.5534 -0.7799
vn -0.1480 0.5736 -0.8057
vn -0.2902 0.5518 -0.7819
vn 0.9815 0.1069 0.1590
vn 0.9981 0.0096 0.0603
vn 0.9977 -0.0062 0.0669
vn 0.9911 0.0118 0.1329
vn 0.9972 -0.0185 0.0719
vn 0.9886 -0.0143 0.1502
vn 0.9981 -0.0113 0.0614
vn 0.9981 -0.0053 0.0621
vn 0.9979 0.0011 0.0645
vn 0.9981 -0.0107 0.0601
vn 0.9982 -0.0062 0.0603
vn 0.9981 -0.0006 0.0614
vn 0.9973 0.0060 0.0735
vn 0.9108 -0.4129 -0.0037
vn 0.1869 -0.9689 -0.1624
vn -0.9973 0.0067 0.0737
vn -0.9111 -0.4121 -0.0034
vn -0.1869 -0.9689 -0.1624
vn -0.1556 -0.4625 -0.8729
vn -0.1204 -0.6958 -0.7081
vn -0.2466 -0.6478 -0.7208
vn -0.3048 -0.4472 -0.8409
vn 0.3653 -0.6974 0.6166
vn 0.5227 -0.0958 0.8471
vn 0.3789 -0.1445 0.9141
vn 0.1542 -0.8710 0.4665
vn 0.5286 -0.0091 0.8488
vn 0.4015 -0.0114 0.9158
vn 0.2336 -0.0129 0.9722
vn 0.2150 -0.1893 0.9581
vn 0.0702 -0.8939 0.4426
vn 0.5322 -0.0628 0.8443
vn 0.5273 -0.1786 0.8307
vn 0.3980 -0.1952 0.8964
vn 0.4033 -0.0699 0.9124
vn 0.5143 -0.2958 0.8050
vn 0.3855 -0.3203 0.8653
vn 0.2218 -0.3392 0.9142
vn 0.2304 -0.2083 0.9505
vn 0.2342 -0.0755 0.9692
vn 0.5281 -0.1826 0.8293
vn 0.5355 -0.0055 0.8445
vn 0.4043 -0.0038 0.9146
vn 0.3968 -0.1966 0.8966
vn 0.5278 0.1452 0.8368
vn 0.3987 0.1590 0.9032
vn 0.2308 0.1691 0.9582
vn 0.2339 -0.0035 0.9723
vn 0.2286 -0.2080 0.9510
vn -0.9980 -0.0121 0.0613
vn -0.9981 -0.0057 0.0620
vn -0.9979 0.0013 0.0643
vn -0.9981 -0.0110 0.0603
vn -0.9981 -0.0060 0.0608
vn -0.9981 -0.0002 0.0613
vn -0.1707 0.1774 -0.9692
vn -0.1711 0.1568 -0.9727
vn -0.3288 0.1510 -0.9322
vn -0.3291 0.1709 -0.9287
vn -0.1723 0.0936 -0.9806
vn -0.3304 0.0899 -0.9396
vn -0.1734 0.0063 -0.9848
vn -0.1719 -0.0919 -0.9808
vn -0.3313 -0.0892 -0.9393
vn -0.3333 0.0055 -0.9428
vn -0.1644 -0.3030 -0.9387
vn -0.3186 -0.2926 -0.9016
vn 0.9914 -0.0708 0.1103
vn 0.9978 -0.0285 0.0604
vn 0.9977 -0.0308 0.0596
vn 0.9944 -0.0543 0.0902
vn 0.9978 -0.0271 0.0605
vn 0.9952 -0.0432 0.0877
vn -0.9952 -0.0430 0.0879
vn -0.9978 -0.0270 0.0600
vn -0.9978 -0.0306 0.0592
vn -0.9944 -0.0543 0.0903
vn -0.9978 -0.0282 0.0601
vn -0.9914 -0.0707 0.1103
vn -0.3065 0.5122 -0.8023
vn -0.3051 0.4984 -0.8115
vn -0.1559 0.5245 -0.8370
vn -0.1538 0.5105 -0.8460
vn -0.1550 0.4687 -0.8696
vn -0.3087 0.4563 -0.8346
vn 0.9981 -0.0107 0.0603
vn 0.9978 -0.0210 0.0622
vn 0.9977 -0.0222 0.0638
vn 0.5339 -0.0518 0.8440
vn 0.5164 -0.2365 0.8230
vn 0.3912 -0.2536 0.8847
vn 0.4066 -0.0545 0.9120
vn 0.5156 -0.2249 0.8268
vn 0.3903 -0.2409 0.8886
vn 0.2263 -0.2543 0.9403
vn 0.2270 -0.2682 0.9362
vn 0.2372 -0.0574 0.9698
vn -0.9981 -0.0104 0.0602
vn -0.9978 -0.0210 0.0623
vn -0.9977 -0.0222 0.0640
vn -0.1599 0.3890 -0.9073
vn -0.1611 0.3687 -0.9155
vn -0.3163 0.3557 -0.8794
vn -0.3162 0.3752 -0.8714
vn -0.1649 0.2986 -0.9400
vn -0.3215 0.2880 -0.9021
vn 0.3161 0.3936 -0.8632
vn 0.3127 0.4316 -0.8461
vn 0.1568 0.4627 -0.8725
vn 0.1816 0.4508 -0.8740
vn 0.1630 0.5657 -0.8083
vn 0.2908 0.5590 -0.7765
vn 0.2922 0.5533 -0.7800
vn 0.2923 0.5536 -0.7798
vn 0.2900 0.5519 -0.7818
vn 0.1480 0.5736 -0.8057
vn 0.1482 0.5760 -0.8039
vn 0.1472 0.5765 -0.8037
vn 0.1558 0.5245 -0.8370
vn 0.3063 0.5122 -0.8024
vn 0.3050 0.4982 -0.8117
vn 0.1538 0.5105 -0.8460
vn 0.3095 0.4557 -0.8346
vn 0.1550 0.4687 -0.8697
vn 0.3189 0.3553 -0.8787
vn 0.3185 0.3748 -0.8706
vn 0.3242 0.2878 -0.9011
vn 0.1650 0.2987 -0.9400
vn 0.1611 0.3687 -0.9155
vn 0.1599 0.3890 -0.9073
vn 0.3303 0.1514 -0.9317
vn 0.3312 0.1714 -0.9278
vn 0.3317 0.0898 -0.9391
vn 0.1723 0.0936 -0.9806
vn 0.1711 0.1568 -0.9727
vn 0.1707 0.1774 -0.9692
vn 0.3341 -0.0895 -0.9383
vn 0.3356 0.0047 -0.9420
vn 0.3213 -0.2920 -0.9008
vn 0.1644 -0.3030 -0.9387
vn 0.1719 -0.0919 -0.9808
vn 0.1734 0.0063 -0.9848
vn 0.2471 -0.6474 -0.7209
vn 0.3060 -0.4464 -0.8409
vn 0.0785 -0.9513 -0.2980
vn 0.0361 -0.9616 -0.2721
vn 0.1204 -0.6958 -0.7081
vn 0.1556 -0.4625 -0.8729
vn 0.0632 0.9958 0.0665
vn 0.5677 0.7318 0.3770
vn -0.0772 0.4143 0.9069
vn -0.2442 0.7595 0.6029
vn 0.8150 0.1720 0.5533
vn -0.2725 0.1325 0.9530
vn -0.4993 0.3345 0.7993
vn -0.4514 0.4431 0.7745
vn -0.2928 0.4701 0.8326
vn -0.3289 0.2042 0.9220
vn -0.4986 0.1880 0.8462
vn -0.3358 0.0730 0.9391
vn -0.5067 0.0658 0.8596
vn -0.5340 -0.0519 0.8439
vn -0.4066 -0.0545 0.9120
vn -0.3912 -0.2536 0.8847
vn -0.5164 -0.2365 0.8230
vn -0.2372 -0.0574 0.9697
vn -0.2270 -0.2682 0.9362
vn -0.2263 -0.2542 0.9403
vn -0.3903 -0.2409 0.8886
vn -0.5156 -0.2249 0.8268
vn -0.5289 -0.1834 0.8286
vn -0.3971 -0.1968 0.8964
vn -0.4044 -0.0039 0.9146
vn -0.5359 -0.0058 0.8443
vn -0.2286 -0.2080 0.9510
vn -0.2339 -0.0035 0.9723
vn -0.2308 0.1691 0.9582
vn -0.3987 0.1590 0.9032
vn -0.5280 0.1451 0.8368
vn -0.5376 -0.0622 0.8409
vn -0.4051 -0.0698 0.9116
vn -0.3998 -0.1953 0.8956
vn -0.5326 -0.1790 0.8272
vn -0.2342 -0.0755 0.9692
vn -0.2304 -0.2084 0.9505
vn -0.2218 -0.3392 0.9142
vn -0.3866 -0.3204 0.8648
vn -0.5179 -0.2967 0.8023
vn -0.0703 -0.8939 0.4426
vn -0.2150 -0.1893 0.9581
vn -0.3792 -0.1443 0.9140
vn -0.1542 -0.8710 0.4665
vn -0.2336 -0.0129 0.9722
vn -0.4023 -0.0111 0.9154
vn -0.5310 -0.0079 0.8473
vn -0.5238 -0.0945 0.8466
vn -0.3658 -0.6969 0.6168
vn 0.0911 0.9958 0.0067
vn 0.0878 0.9961 0.0100
vn 0.1038 0.9946 -0.0031
vn 0.0349 -0.9812 -0.1896
vn 0.0281 -0.9834 -0.1795
vn 0.0033 -0.9844 -0.1760
vn 0.0107 -0.9845 -0.1750
vn 0.0282 -0.9835 -0.1789
vn 0.0306 -0.9847 -0.1715
vn -0.0011 -0.9847 -0.1744
vn 0.0004 -0.9836 -0.1805
vn -0.0281 -0.9835 -0.1789
vn -0.0004 -0.9836 -0.1805
vn 0.0011 -0.9847 -0.1744
vn -0.0306 -0.9847 -0.1715
vn 0.0338 -0.9925 -0.1175
vn -0.0029 -0.9927 -0.1206
vn 0.0405 -0.9976 0.0564
vn -0.0070 -0.9996 0.0280
vn -0.0337 -0.9925 -0.1175
vn 0.0029 -0.9927 -0.1206
vn 0.0070 -0.9996 0.0280
vn -0.0406 -0.9976 0.0564
vn 0.1412 0.9876 -0.0690
vn 0.1811 0.9424 -0.2810
vn 0.9609 0.2762 -0.0209
vn 0.2579 0.9662 -0.0044
vn 0.9770 0.2106 -0.0328
vn 0.2953 0.9554 -0.0060
vn 0.9430 0.3324 -0.0167
vn 0.9525 0.3046 -0.0016
vn 0.2919 0.9565 -0.0002
vn 0.2956 0.9553 -0.0017
vn 0.0933 0.9953 0.0263
vn 0.1339 0.9853 0.1059
vn -0.9908 -0.0431 0.1285
vn -0.9888 -0.0433 0.1425
vn -0.9046 -0.1302 0.4058
vn -0.9049 -0.1374 0.4028
vn -0.9871 -0.0404 0.1551
vn -0.9068 -0.1031 0.4087
vn -0.6176 -0.1663 0.7687
vn -0.6147 -0.2121 0.7597
vn -0.6161 -0.2246 0.7549
vn -0.4991 -0.1833 0.8469
vn -0.3300 -0.1984 0.9229
vn -0.3242 -0.2532 0.9115
vn -0.4938 -0.2345 0.8374
vn -0.0000 -0.2098 0.9777
vn -0.0000 -0.2663 0.9639
vn -0.0000 -0.2816 0.9595
vn -0.3212 -0.2680 0.9083
vn -0.4922 -0.2484 0.8343
vn 0.3300 -0.1984 0.9229
vn 0.3241 -0.2532 0.9115
vn 0.4991 -0.1833 0.8469
vn 0.4938 -0.2345 0.8374
vn 0.4922 -0.2484 0.8343
vn 0.3213 -0.2680 0.9083
vn 0.5810 -0.2201 0.7836
vn 0.5812 -0.2331 0.7797
vn 0.5850 -0.1722 0.7926
vn 0.6176 -0.1663 0.7687
vn 0.6148 -0.2124 0.7596
vn 0.6161 -0.2246 0.7549
vn 0.9908 -0.0431 0.1285
vn 0.9888 -0.0433 0.1425
vn 0.9980 0.0035 0.0626
vn 0.9988 0.0068 0.0495
vn 0.9871 -0.0404 0.1551
vn 0.9972 -0.0057 0.0746
vn 0.9968 0.0334 -0.0732
vn 0.9967 0.0309 -0.0752
vn 0.9967 0.0299 -0.0759
vn 0.8805 0.0949 -0.4645
vn 0.8991 -0.0129 -0.4376
vn 0.5715 0.1197 -0.8118
vn 0.6003 -0.1147 -0.7915
vn 0.6216 -0.1832 -0.7616
vn 0.9127 -0.0439 -0.4062
vn 0.3585 -0.1588 -0.9199
vn 0.3596 -0.2420 -0.9012
vn 0.3534 0.1231 -0.9273
vn 0.1769 0.1326 -0.9753
vn 0.1757 -0.1668 -0.9702
vn 0.1725 -0.2549 -0.9515
vn -0.1725 -0.2549 -0.9515
vn -0.1757 -0.1668 -0.9702
vn -0.3585 -0.1588 -0.9199
vn -0.3596 -0.2420 -0.9012
vn -0.1769 0.1326 -0.9753
vn -0.3534 0.1231 -0.9273
vn -0.5715 0.1198 -0.8118
vn -0.6003 -0.1146 -0.7915
vn -0.6216 -0.1832 -0.7616
vn -0.8805 0.0950 -0.4644
vn -0.8991 -0.0129 -0.4376
vn -0.9968 0.0334 -0.0732
vn -0.9967 0.0309 -0.0752
vn -0.9967 0.0299 -0.0759
vn -0.9127 -0.0439 -0.4062
vn -0.9972 -0.0057 0.0746
vn -0.9980 0.0035 0.0626
vn -0.9988 0.0068 0.0495
vn 0.8615 -0.2190 -0.4581
vn 0.4963 -0.3776 -0.7817
vn 0.9974 -0.0382 -0.0605
vn 0.9976 0.0046 0.0687
vn 0.9916 0.0064 0.1290
vn 0.9371 -0.0014 0.3490
vn 0.6285 -0.0128 0.7777
vn 0.5306 -0.0178 0.8474
vn 0.4026 -0.0209 0.9151
vn 0.2340 -0.0232 0.9720
vn -0.2340 -0.0232 0.9720
vn -0.4040 -0.0207 0.9145
vn -0.5347 -0.0167 0.8449
vn -0.6347 -0.0086 0.7727
vn -0.9377 0.0012 0.3475
vn -0.9916 0.0074 0.1288
vn -0.9976 0.0051 0.0687
vn -0.9974 -0.0396 -0.0607
vn -0.8581 -0.2252 -0.4615
vn -0.4894 -0.3818 -0.7840
vn -0.3068 -0.4130 -0.8575
vn -0.1572 -0.4273 -0.8903
vn 0.3088 -0.4122 -0.8572
vn 0.1572 -0.4273 -0.8903
vn 0.5810 -0.8137 0.0181
vn 0.7103 -0.6971 0.0977
vn 0.4511 -0.8889 0.0801
vn 0.3769 -0.9258 0.0291
vn 0.9592 -0.2413 0.1473
vn 0.9154 -0.3982 0.0592
vn 0.8539 -0.5201 -0.0178
vn 0.3298 -0.8975 -0.2928
vn 0.4969 -0.8591 -0.1226
vn 0.3222 -0.9459 -0.0376
vn 0.2280 -0.9606 -0.1589
vn 0.7488 -0.6194 -0.2361
vn 0.5220 -0.6723 -0.5249
vn 0.1280 -0.9609 -0.2456
vn 0.1879 -0.8939 -0.4070
vn 0.2869 -0.6934 -0.6610
vn 0.1333 -0.6901 -0.7114
vn 0.0580 -0.9582 -0.2803
vn 0.0856 -0.8917 -0.4445
vn -0.3298 -0.8975 -0.2928
vn -0.1879 -0.8939 -0.4070
vn -0.1280 -0.9609 -0.2456
vn -0.2280 -0.9606 -0.1589
vn -0.0856 -0.8917 -0.4445
vn -0.0580 -0.9582 -0.2803
vn -0.1333 -0.6901 -0.7114
vn -0.2869 -0.6934 -0.6610
vn -0.5220 -0.6723 -0.5249
vn -0.5810 -0.8137 0.0181
vn -0.4969 -0.8591 -0.1226
vn -0.3222 -0.9459 -0.0376
vn -0.3768 -0.9258 0.0291
vn -0.7488 -0.6194 -0.2361
vn -0.8539 -0.5201 -0.0178
vn -0.9592 -0.2413 0.1473
vn -0.7103 -0.6970 0.0977
vn -0.4511 -0.8889 0.0801
vn -0.9154 -0.3982 0.0592
vn 0.5803 -0.2531 0.7741
vn 0.4905 -0.2688 0.8289
vn 0.6152 -0.2450 0.7493
vn 0.5836 -0.3920 0.7112
vn 0.5496 -0.3999 0.7335
vn 0.4625 -0.4166 0.7827
vn 0.3192 -0.2893 0.9024
vn -0.0000 -0.3040 0.9527
vn 0.2984 -0.4416 0.8461
vn -0.0000 -0.4623 0.8867
vn -0.3192 -0.2893 0.9025
vn -0.4905 -0.2688 0.8289
vn -0.2984 -0.4416 0.8461
vn -0.4625 -0.4166 0.7827
vn -0.8999 -0.1816 0.3966
vn -0.9889 -0.0949 0.1144
vn -0.6152 -0.2449 0.7493
vn -0.5836 -0.3920 0.7112
vn -0.8029 -0.4363 0.4061
vn -0.9974 -0.0519 0.0508
vn -0.9974 -0.0373 -0.0614
vn -0.9230 -0.1187 -0.3660
vn -0.6394 -0.2506 -0.7269
vn -0.3608 -0.3088 -0.8800
vn -0.1701 -0.3200 -0.9320
vn 0.6394 -0.2506 -0.7269
vn 0.3608 -0.3088 -0.8800
vn 0.1700 -0.3200 -0.9320
vn 0.9230 -0.1187 -0.3660
vn 0.9974 -0.0373 -0.0614
vn 0.9889 -0.0949 0.1144
vn 0.9974 -0.0519 0.0508
vn 0.5919 -0.0639 0.8034
vn 0.5063 -0.0673 0.8597
vn 0.6242 -0.0627 0.7787
vn -0.0000 -0.0770 0.9970
vn 0.3360 -0.0726 0.9391
vn -0.3360 -0.0726 0.9391
vn -0.5063 -0.0673 0.8597
vn -0.6242 -0.0627 0.7787
vn -0.9127 -0.0436 0.4062
vn -0.9870 -0.0304 0.1580
vn -0.9969 -0.0175 0.0771
vn -0.9955 0.0447 -0.0834
vn -0.8378 0.2560 -0.4823
vn -0.5046 0.4121 -0.7587
vn -0.1569 0.4776 -0.8644
vn -0.3124 0.4553 -0.8337
vn 0.5045 0.4122 -0.7587
vn 0.3123 0.4554 -0.8337
vn 0.1569 0.4777 -0.8644
vn 0.8377 0.2562 -0.4824
vn 0.9955 0.0447 -0.0833
vn 0.9969 -0.0174 0.0771
vn 0.9870 -0.0304 0.1580
vn 0.8643 0.2184 -0.4532
vn 0.9967 0.0390 -0.0706
vn 0.5160 0.3645 -0.7752
vn 0.9978 -0.0222 0.0627
vn 0.9922 -0.0451 0.1164
vn 0.9091 -0.2715 0.3158
vn 0.9331 -0.1119 0.3418
vn 0.5600 -0.4453 0.6987
vn 0.6147 -0.1939 0.7645
vn 0.5180 -0.2063 0.8301
vn 0.3926 -0.2194 0.8932
vn 0.4620 -0.4814 0.7449
vn 0.3462 -0.5004 0.7936
vn 0.1986 -0.5182 0.8319
vn 0.2279 -0.2307 0.9460
vn -0.3926 -0.2194 0.8932
vn -0.5180 -0.2063 0.8301
vn -0.2278 -0.2307 0.9460
vn -0.1986 -0.5182 0.8319
vn -0.3462 -0.5004 0.7936
vn -0.4620 -0.4814 0.7449
vn -0.6147 -0.1939 0.7645
vn -0.9334 -0.1121 0.3409
vn -0.5600 -0.4453 0.6986
vn -0.9083 -0.2731 0.3168
vn -0.9922 -0.0450 0.1161
vn -0.9978 -0.0220 0.0625
vn -0.9967 0.0396 -0.0711
vn -0.8615 0.2209 -0.4571
vn -0.5101 0.3667 -0.7780
vn -0.3149 0.3985 -0.8614
vn -0.1584 0.4119 -0.8974
vn 0.3168 0.3979 -0.8610
vn 0.1584 0.4119 -0.8974
vn 0.6249 0.1392 0.7682
vn 0.9457 0.0521 0.3209
vn 0.9931 0.0085 0.1172
vn 0.5269 0.1604 0.8347
vn 0.3992 0.1754 0.8999
vn 0.2318 0.1868 0.9546
vn -0.3992 0.1754 0.8999
vn -0.5270 0.1604 0.8346
vn -0.2318 0.1868 0.9546
vn -0.9461 0.0521 0.3196
vn -0.9931 0.0091 0.1168
vn -0.6251 0.1389 0.7681
vn -0.9981 -0.0001 0.0611
vn -0.9976 0.0170 -0.0667
vn -0.8763 0.1061 -0.4699
vn -0.5147 0.1888 -0.8363
vn -0.1692 0.2112 -0.9627
vn -0.3275 0.2035 -0.9227
vn 0.5231 0.1905 -0.8307
vn 0.3302 0.2037 -0.9216
vn 0.1692 0.2112 -0.9627
vn 0.8794 0.1089 -0.4635
vn 0.9976 0.0180 -0.0665
vn 0.9981 -0.0007 0.0609
vn 0.8841 0.0102 -0.4672
vn 0.9980 0.0003 -0.0636
vn 0.5216 0.0195 -0.8530
vn 0.9981 -0.0128 0.0606
vn 0.9927 -0.0327 0.1157
vn 0.9404 -0.1131 0.3208
vn 0.6163 -0.2728 0.7388
vn 0.5138 -0.3006 0.8035
vn 0.3842 -0.3246 0.8643
vn 0.2206 -0.3430 0.9131
vn -0.3848 -0.3247 0.8640
vn -0.5158 -0.3016 0.8019
vn -0.2206 -0.3430 0.9131
vn -0.6186 -0.2780 0.7349
vn -0.9402 -0.1167 0.3200
vn -0.9927 -0.0343 0.1157
vn -0.9981 -0.0134 0.0604
vn -0.9980 0.0014 -0.0633
vn -0.8825 0.0145 -0.4700
vn -0.5166 0.0225 -0.8559
vn -0.3321 0.0268 -0.9429
vn -0.1732 0.0284 -0.9845
vn 0.3338 0.0263 -0.9423
vn 0.1732 0.0284 -0.9845
vn 0.9924 0.1037 -0.0666
vn 0.9958 0.0649 0.0638
vn 0.9835 0.1645 -0.0753
vn 0.9876 0.1475 0.0540
vn 0.9847 0.1517 0.0856
vn 0.9949 0.0351 0.0943
vn 0.5847 0.3173 -0.7466
vn 0.8774 0.2398 -0.4155
vn 0.8944 0.1707 -0.4133
vn 0.6101 0.2400 -0.7551
vn 0.1618 0.3464 -0.9240
vn 0.3369 0.3426 -0.8770
vn 0.3489 0.2707 -0.8972
vn 0.1677 0.2772 -0.9461
vn -0.5847 0.3173 -0.7466
vn -0.3369 0.3426 -0.8770
vn -0.3489 0.2707 -0.8972
vn -0.6101 0.2400 -0.7551
vn -0.1617 0.3464 -0.9240
vn -0.1656 0.2772 -0.9464
vn -0.9835 0.1645 -0.0753
vn -0.8774 0.2398 -0.4155
vn -0.8944 0.1707 -0.4133
vn -0.9924 0.1037 -0.0666
vn -0.9949 0.0351 0.0943
vn -0.9959 0.0649 0.0638
vn -0.9847 0.1517 0.0856
vn -0.9876 0.1475 0.0540
vn 0.0574 -0.6017 0.7966
vn 0.1597 -0.9872 -0.0042
vn 0.8747 -0.4747 0.0977
vn 0.1137 -0.0856 0.9898
vn 0.1623 -0.9861 -0.0367
vn 0.8866 -0.4622 -0.0166
vn 1.0000 -0.0000 -0.0000
vn 0.9882 -0.0000 0.1533
vn 0.1009 -0.0000 0.9949
vn 0.0465 0.7588 0.6496
vn 0.1065 0.9938 -0.0312
vn 0.0235 0.9990 -0.0370
vn 0.0248 0.7463 0.6651
vn 0.1070 0.9928 -0.0538
vn 0.0270 0.9982 -0.0542
vn 0.0545 0.9974 -0.0479
vn 0.0526 0.9983 -0.0246
vn 0.0615 0.5816 0.8112
vn 0.9540 -0.0951 -0.2844
vn 0.4044 -0.9144 -0.0195
vn 0.4075 -0.8927 -0.1923
vn 0.9717 -0.0954 -0.2162
vn -0.0000 -0.9937 0.1121
vn -0.0000 -0.9903 -0.1390
vn -0.0000 -0.9164 -0.4002
vn 0.4063 -0.8242 -0.3943
vn 0.9865 -0.0976 -0.1317
vn -0.0000 -0.0000 -1.0000
vn -0.0000 0.8965 -0.4430
vn -0.0000 0.8969 -0.4422
vn -0.0000 0.8947 -0.4467
vn -0.0000 1.0000 -0.0054
vn -0.0000 1.0000 -0.0049
vn -0.0000 1.0000 -0.0048
vn -0.0000 -0.0000 1.0000
vn 0.0036 -0.0123 0.9999
vn 0.0030 -0.0474 0.9989
vn 0.0168 -0.0461 0.9988
vn 0.0514 -0.4327 0.9001
vn 0.0566 -0.9984 0.0032
vn 0.0320 -0.9994 -0.0120
vn 0.0278 -0.5887 0.8079
vn 0.0660 -0.9974 -0.0294
vn 0.0381 -0.9986 -0.0374
vn 0.0164 -0.0000 0.9999
vn 0.0173 -0.0529 0.9985
vn -0.0000 0.9994 -0.0348
vn -0.0000 0.9995 -0.0300
vn 0.0164 0.9995 -0.0277
vn 0.0160 0.9994 -0.0323
vn -0.0000 0.9602 0.2794
vn 0.0252 0.9590 0.2822
vn 0.1431 0.9429 0.3009
vn 0.1560 0.9878 -0.0030
vn 0.1485 0.9889 -0.0103
vn 0.9866 -0.0000 0.1630
vn 0.9818 -0.0000 0.1898
vn 0.8404 0.5231 0.1416
vn 0.8432 0.5264 0.1092
vn 0.4441 -0.0000 0.8960
vn 0.3661 0.1699 0.9149
vn 0.0530 0.0178 0.9984
vn 0.0213 0.0749 0.9970
vn 0.0574 -0.0000 0.9983
vn 0.5027 0.8588 -0.0991
vn 0.5245 0.6543 -0.5448
vn 0.9403 0.0512 -0.3366
vn 0.9593 0.1299 -0.2505
vn 0.3590 -0.0000 -0.9333
vn 0.9326 -0.0000 -0.3610
vn 0.9545 -0.0000 -0.2982
vn 0.2868 -0.9575 -0.0295
vn 0.9823 -0.1682 -0.0830
vn 0.9791 -0.0287 -0.2015
vn 0.9420 -0.2329 -0.2417
vn 0.9956 -0.0000 -0.0939
vn 0.9797 -0.0000 -0.2006
vn -0.0000 0.9997 -0.0245
vn 0.0160 0.9994 -0.0293
vn 0.0185 0.9989 -0.0441
vn -0.0000 0.9992 -0.0409
vn 0.1507 0.9861 -0.0706
vn 0.1715 0.9824 -0.0736
vn 0.1929 0.9782 -0.0763
vn 0.0215 0.9979 -0.0615
vn -0.0000 0.9982 -0.0595
vn 0.9712 -0.1588 0.1778
vn 0.9637 -0.1681 0.2076
vn 0.2307 -0.9299 0.2865
vn 0.2624 -0.9482 0.1790
vn 0.4442 -0.0581 0.8940
vn 0.0341 -0.1035 0.9940
vn -0.0000 -0.0972 0.9953
vn -0.0000 -0.9599 0.2803
vn -0.0000 -0.9895 0.1447
vn 0.0182 -0.9956 0.0925
vn 0.0032 -0.9979 0.0647
vn 0.0016 -0.9978 0.0662
vn 0.0108 -0.9951 0.0982
vn -0.0000 -0.9995 0.0322
vn -0.0000 -0.9995 0.0326
vn -0.0000 -0.9995 0.0327
vn -0.0000 -0.9978 0.0668
vn -0.0000 -0.9951 0.0990
vn 0.1980 0.9786 -0.0565
vn 0.0210 0.9987 -0.0461
vn 0.2145 0.9767 -0.0070
vn 0.0255 0.9997 -0.0054
vn 0.0020 1.0000 -0.0054
vn -0.0010 0.9990 -0.0450
vn 0.2305 -0.9719 0.0483
vn 0.9903 -0.1312 -0.0455
vn 0.2420 -0.9662 0.0893
vn 0.9941 -0.1013 0.0376
vn 0.9992 0.0357 0.0178
vn 0.9984 0.0063 -0.0567
vn 0.0007 0.9993 0.0379
vn 0.0008 0.9992 0.0391
vn 0.0057 0.9983 0.0582
vn 0.0038 0.9983 0.0589
vn -0.0000 0.9979 0.0641
vn -0.0000 0.9992 0.0397
vn 0.9924 -0.1195 -0.0281
vn 0.9902 -0.0998 -0.0981
vn 0.3920 -0.8435 -0.3672
vn 0.3680 -0.8864 -0.2809
vn -0.0073 -0.9249 -0.3802
vn -0.0253 -0.9559 -0.2927
vn -0.0819 -0.9785 -0.1895
vn 0.3871 -0.9093 -0.1529
vn -0.0967 -0.9826 -0.1584
vn 0.5291 -0.8446 -0.0814
vn 0.9804 -0.1880 0.0586
vn 0.9871 -0.1550 0.0389
vn 0.0187 0.9961 0.0864
vn 0.0284 0.9946 0.0997
vn -0.0000 0.9952 0.0976
vn 0.0423 0.9944 0.0966
vn 0.0323 0.9944 0.1008
vn -0.0000 0.9950 0.1002
vn 0.3051 -0.9437 0.1281
vn 0.9938 -0.0321 0.1063
vn 0.3980 -0.9050 0.1502
vn 0.9913 0.0371 0.1263
vn 0.9865 0.1277 0.1029
vn 0.9930 0.0857 0.0815
vn 0.2522 0.9669 0.0385
vn 0.0429 0.9986 0.0324
vn 0.3106 0.9490 0.0551
vn 0.0656 0.9968 0.0458
vn 0.0303 0.9985 0.0460
vn 0.0160 0.9993 0.0326
vn 0.0880 -0.9841 0.1543
vn 0.0724 -0.9879 0.1372
vn 0.0312 -0.9911 0.1293
vn 0.0531 -0.9847 0.1662
vn 0.0713 -0.9893 0.1271
vn 0.0425 -0.9924 0.1155
vn -0.0000 -0.9911 0.1331
vn -0.0000 -0.9847 0.1741
vn 0.4450 -0.0197 0.8953
vn 0.0244 -0.0162 0.9996
vn 0.4428 -0.0002 0.8966
vn 0.0254 -0.0000 0.9997
vn -0.0000 -0.0163 0.9999
vn 0.9950 -0.0157 -0.0991
vn 0.9789 -0.0150 -0.2039
vn 0.9955 -0.0000 -0.0942
vn 0.9795 -0.0000 -0.2014
vn 0.9550 -0.0154 -0.2962
vn 0.9977 -0.0166 -0.0658
vn 0.9997 -0.0225 0.0004
vn 1.0000 -0.0027 0.0057
vn 0.9982 0.0002 -0.0605
vn 0.9973 -0.0379 0.0623
vn 0.9950 -0.0564 0.0826
vn 0.9955 -0.0287 0.0904
vn 0.9976 -0.0140 0.0680
vn 0.0024 0.0598 0.9982
vn 0.0171 0.0624 0.9979
vn 0.1115 0.0980 0.9889
vn 0.0030 0.0146 0.9999
vn -0.0000 -0.9386 -0.3450
vn -0.0000 -0.9389 -0.3441
vn -0.0000 -0.9373 -0.3486
vn 0.9381 -0.0667 -0.3398
vn 0.9326 -0.0000 -0.3608
vn 0.3592 -0.0000 -0.9333
vn 0.4131 -0.7743 -0.4793
vn 0.9880 -0.0000 0.1546
vn 0.8364 0.5413 0.0861
vn 0.8448 0.5343 -0.0284
vn -0.0574 -0.6017 0.7967
vn -0.1137 -0.0856 0.9898
vn -0.8747 -0.4747 0.0977
vn -0.1596 -0.9872 -0.0041
vn -0.1009 -0.0000 0.9949
vn -0.9882 -0.0000 0.1533
vn -1.0000 -0.0000 -0.0000
vn -0.8866 -0.4622 -0.0166
vn -0.1623 -0.9861 -0.0367
vn -0.0465 0.7588 0.6497
vn -0.0248 0.7463 0.6652
vn -0.0235 0.9990 -0.0370
vn -0.1065 0.9938 -0.0312
vn -0.0615 0.5815 0.8112
vn -0.0526 0.9983 -0.0246
vn -0.0545 0.9974 -0.0479
vn -0.0271 0.9982 -0.0542
vn -0.1070 0.9928 -0.0538
vn -0.9865 -0.0976 -0.1317
vn -0.4063 -0.8242 -0.3943
vn -0.4075 -0.8927 -0.1923
vn -0.9717 -0.0954 -0.2162
vn -0.0000 -0.9903 -0.1391
vn -0.4044 -0.9144 -0.0195
vn -0.9540 -0.0951 -0.2844
vn -0.0036 -0.0123 0.9999
vn -0.0168 -0.0461 0.9988
vn -0.0030 -0.0474 0.9989
vn -0.0514 -0.4326 0.9001
vn -0.0277 -0.5887 0.8079
vn -0.0320 -0.9994 -0.0120
vn -0.0566 -0.9984 0.0032
vn -0.0381 -0.9986 -0.0374
vn -0.0660 -0.9974 -0.0294
vn -0.0164 -0.0000 0.9999
vn -0.0172 -0.0529 0.9985
vn -0.1485 0.9889 -0.0104
vn -0.1560 0.9878 -0.0030
vn -0.0164 0.9995 -0.0277
vn -0.0160 0.9994 -0.0323
vn -0.1431 0.9429 0.3009
vn -0.0252 0.9590 0.2822
vn -0.9545 -0.0000 -0.2982
vn -0.9402 0.0512 -0.3366
vn -0.9593 0.1299 -0.2505
vn -0.9326 -0.0000 -0.3610
vn -0.3590 -0.0000 -0.9333
vn -0.5245 0.6543 -0.5448
vn -0.5027 0.8588 -0.0992
vn -0.1507 0.9861 -0.0706
vn -0.0160 0.9994 -0.0293
vn -0.0185 0.9989 -0.0441
vn -0.1715 0.9824 -0.0736
vn -0.0215 0.9979 -0.0615
vn -0.1929 0.9782 -0.0763
vn -0.2307 -0.9299 0.2865
vn -0.2624 -0.9482 0.1790
vn -0.0341 -0.1035 0.9940
vn -0.4442 -0.0581 0.8940
vn -0.9637 -0.1681 0.2076
vn -0.9712 -0.1588 0.1778
vn -0.0016 -0.9978 0.0662
vn -0.0110 -0.9951 0.0981
vn -0.0032 -0.9979 0.0647
vn -0.0182 -0.9956 0.0925
vn -0.2145 0.9767 -0.0070
vn -0.1980 0.9786 -0.0565
vn -0.0210 0.9987 -0.0461
vn -0.0255 0.9997 -0.0054
vn 0.0010 0.9990 -0.0450
vn -0.0020 1.0000 -0.0055
vn -0.0008 0.9992 0.0391
vn -0.0038 0.9983 0.0590
vn -0.0057 0.9983 0.0582
vn -0.0007 0.9993 0.0379
vn -0.9902 -0.0998 -0.0981
vn -0.3920 -0.8435 -0.3672
vn -0.9924 -0.1195 -0.0281
vn -0.3680 -0.8864 -0.2809
vn 0.0253 -0.9559 -0.2926
vn 0.0073 -0.9249 -0.3802
vn -0.9871 -0.1550 0.0389
vn -0.3871 -0.9093 -0.1529
vn -0.9804 -0.1880 0.0586
vn -0.5291 -0.8446 -0.0814
vn 0.0967 -0.9826 -0.1584
vn 0.0819 -0.9785 -0.1895
vn -0.0284 0.9946 0.0997
vn -0.0187 0.9961 0.0864
vn -0.0325 0.9944 0.1008
vn -0.0423 0.9944 0.0966
vn -0.0160 0.9993 0.0326
vn -0.0429 0.9986 0.0324
vn -0.0303 0.9985 0.0460
vn -0.0656 0.9968 0.0458
vn -0.3106 0.9490 0.0551
vn -0.2522 0.9669 0.0385
vn -0.0880 -0.9841 0.1543
vn -0.0531 -0.9847 0.1662
vn -0.0312 -0.9911 0.1293
vn -0.0724 -0.9879 0.1372
vn -0.0425 -0.9924 0.1155
vn -0.0713 -0.9893 0.1271
vn -0.9997 -0.0225 0.0004
vn -0.9973 -0.0379 0.0623
vn -1.0000 -0.0026 0.0057
vn -0.9976 -0.0140 0.0680
vn -0.9955 -0.0287 0.0904
vn -0.9950 -0.0566 0.0826
vn -0.9949 -0.0157 -0.0991
vn -0.9977 -0.0166 -0.0658
vn -0.9955 -0.0000 -0.0942
vn -0.9982 0.0002 -0.0606
vn -0.9550 -0.0153 -0.2962
vn -0.9789 -0.0150 -0.2040
vn -0.9795 -0.0000 -0.2014
vn -0.4450 -0.0197 0.8953
vn -0.9816 -0.0282 0.1891
vn -0.4428 -0.0000 0.8966
vn -0.9820 -0.0000 0.1888
vn -0.9866 -0.0000 0.1630
vn -0.9860 -0.0270 0.1648
vn -0.0254 -0.0000 0.9997
vn -0.0244 -0.0162 0.9996
vn -0.0574 -0.0000 0.9983
vn -0.0530 0.0178 0.9984
vn -0.4441 -0.0000 0.8960
vn -0.3661 0.1699 0.9149
vn -0.0213 0.0749 0.9970
vn -0.8404 0.5231 0.1416
vn -0.9818 -0.0000 0.1898
vn -0.8432 0.5264 0.1092
vn -0.9791 -0.0287 -0.2015
vn -0.9420 -0.2329 -0.2417
vn -0.9797 -0.0000 -0.2006
vn -0.9956 -0.0000 -0.0939
vn -0.9823 -0.1682 -0.0830
vn -0.2868 -0.9575 -0.0296
vn -0.9903 -0.1312 -0.0454
vn -0.2305 -0.9719 0.0483
vn -0.9984 0.0063 -0.0566
vn -0.9992 0.0357 0.0177
vn -0.9941 -0.1013 0.0376
vn -0.2420 -0.9662 0.0893
vn -0.9938 -0.0321 0.1063
vn -0.3051 -0.9437 0.1281
vn -0.9930 0.0857 0.0815
vn -0.9865 0.1277 0.1028
vn -0.9913 0.0371 0.1263
vn -0.3980 -0.9050 0.1502
vn -0.0171 0.0624 0.9979
vn -0.0024 0.0598 0.9982
vn -0.1115 0.0980 0.9889
vn -0.1008 0.0001 0.9949
vn -0.0030 0.0146 0.9999
vn -0.0001 -0.9373 -0.3486
vn -0.4131 -0.7743 -0.4793
vn -0.9381 -0.0668 -0.3397
vn -0.3592 -0.0000 -0.9333
vn -0.9326 -0.0000 -0.3608
vn -0.9880 -0.0000 0.1546
vn -0.8364 0.5413 0.0860
vn -0.8448 0.5343 -0.0284
vn 0.1903 -0.9811 -0.0354
vn 0.9342 -0.3565 -0.0144
vn 0.4967 -0.8679 -0.0044
vn 0.9822 -0.1876 -0.0130
vn 0.9999 -0.0000 -0.0101
vn 1.0000 -0.0000 -0.0018
vn 0.0314 0.9980 -0.0539
vn 0.0792 0.9958 -0.0463
vn 0.1256 0.9907 -0.0530
vn 0.3386 0.9404 -0.0326
vn 0.0454 -0.9983 -0.0369
vn 0.1103 -0.9936 -0.0262
vn -0.0000 0.9994 -0.0343
vn -0.0000 0.9994 -0.0347
vn 0.0155 0.9994 -0.0323
vn 0.0153 0.9994 -0.0322
vn 0.1416 0.9899 -0.0118
vn 0.1379 0.9903 -0.0138
vn 0.9891 -0.0000 0.1475
vn 0.9870 -0.0000 0.1605
vn 0.9019 0.4142 0.1223
vn 0.9711 0.2011 0.1286
vn 0.9757 -0.1491 0.1603
vn 0.9729 -0.1522 0.1742
vn 0.2849 -0.9414 0.1805
vn 0.3060 -0.9353 0.1776
vn -0.0000 -0.9895 0.1446
vn -0.0000 -0.9896 0.1436
vn 0.9820 -0.0000 0.1888
vn 0.9816 -0.0282 0.1891
vn 0.9860 -0.0269 0.1648
vn 0.9065 0.4216 -0.0240
vn 0.9764 0.2153 -0.0183
vn 1.0000 -0.0000 -0.0100
vn -0.4967 -0.8679 -0.0044
vn -0.1903 -0.9811 -0.0354
vn -0.9342 -0.3565 -0.0144
vn -0.9822 -0.1875 -0.0130
vn -1.0000 -0.0000 -0.0018
vn -0.9999 -0.0000 -0.0101
vn -0.0318 0.9980 -0.0539
vn -0.1256 0.9907 -0.0530
vn -0.0792 0.9958 -0.0463
vn -0.3386 0.9404 -0.0326
vn -0.0454 -0.9983 -0.0369
vn -0.1103 -0.9936 -0.0262
vn -0.1379 0.9903 -0.0138
vn -0.1416 0.9899 -0.0118
vn -0.0155 0.9994 -0.0323
vn -0.0153 0.9994 -0.0322
vn -0.2849 -0.9414 0.1805
vn -0.9729 -0.1522 0.1742
vn -0.9757 -0.1491 0.1603
vn -0.3060 -0.9353 0.1776
vn -0.0000 -0.9896 0.1437
vn -0.9865 -0.0258 0.1619
vn -0.9886 -0.0248 0.1483
vn -0.9871 -0.0000 0.1600
vn -0.9892 -0.0000 0.1467
vn -0.9019 0.4142 0.1223
vn -0.9711 0.2011 0.1286
vn -0.9870 -0.0000 0.1605
vn -0.9891 -0.0000 0.1475
vn -1.0000 -0.0000 -0.0100
vn -0.9065 0.4216 -0.0240
vn -0.9764 0.2153 -0.0183
vn 0.1010 0.0001 0.9949
vn 0.0166 -0.0000 0.9999
vn 0.1010 -0.0000 0.9949
vn -0.1010 -0.0000 0.9949
vn -0.0163 -0.0000 0.9999
vn -0.9883 -0.0000 0.1524
vn -0.9884 -0.0030 0.1519
vn -0.9883 -0.0000 0.1528
vn -0.3587 -0.0000 -0.9335
vn -0.3584 -0.0000 -0.9336
vn -0.9324 -0.0000 -0.3615
vn -0.9325 -0.0000 -0.3612
vn -0.3586 -0.0000 -0.9335
vn -0.9324 -0.0000 -0.3613
vn 0.3586 -0.0000 -0.9335
vn 0.3584 -0.0000 -0.9336
vn 0.9324 -0.0000 -0.3615
vn 0.9324 -0.0000 -0.3613
vn 0.3587 -0.0000 -0.9335
vn 0.9325 -0.0000 -0.3612
vn 0.9883 -0.0000 0.1524
vn 0.9884 -0.0000 0.1519
vn 0.9883 -0.0000 0.1528
vn 0.9892 -0.0001 0.1467
vn 0.9871 -0.0000 0.1600
vn 0.9865 -0.0258 0.1619
vn 0.9886 -0.0248 0.1483
vn 0.0015 1.0000 -0.0065
vn 0.0122 0.9993 0.0347
vn 0.0087 0.9993 0.0363
vn 0.0011 1.0000 -0.0066
vn 0.0257 0.9983 0.0518
vn 0.0186 0.9983 0.0547
vn 0.0103 0.9983 0.0566
vn 0.0048 0.9993 0.0374
vn 0.0006 1.0000 -0.0067
vn -0.0000 0.9982 -0.0596
vn -0.0008 0.9990 -0.0458
vn -0.0005 0.9989 -0.0461
vn -0.0003 0.9989 -0.0463
vn -0.0000 0.9991 -0.0414
vn -0.0000 0.9991 -0.0413
vn -0.0000 0.9584 0.2855
vn -0.0000 0.9996 -0.0298
vn 0.0003 0.9989 -0.0463
vn 0.0005 0.9989 -0.0461
vn -0.0006 1.0000 -0.0066
vn -0.0011 1.0000 -0.0066
vn -0.0015 1.0000 -0.0064
vn 0.0008 0.9990 -0.0457
vn -0.0048 0.9993 0.0374
vn -0.0087 0.9993 0.0363
vn -0.0103 0.9983 0.0566
vn -0.0185 0.9983 0.0546
vn -0.0257 0.9983 0.0518
vn -0.0121 0.9993 0.0347
vn -0.0204 0.9970 0.0740
vn -0.0498 0.9961 0.0729
vn -0.0325 0.9978 0.0572
vn -0.0419 0.9958 0.0819
vn -0.0748 0.9939 0.0804
vn -0.3000 0.9489 0.0975
vn -0.2746 0.9578 0.0853
vn -0.2870 0.9562 0.0569
vn -0.0319 0.9988 0.0359
vn -0.0458 0.9989 -0.0035
vn -0.3582 0.9335 0.0141
vn -0.0597 0.8833 -0.4650
vn -0.0351 -0.0000 -0.9994
vn -0.0405 -0.9306 -0.3638
vn -0.0261 -0.9991 0.0336
vn -0.0220 -0.9978 0.0622
vn -0.0361 -0.9955 0.0878
vn -0.0675 -0.9916 0.1107
vn -0.1106 -0.9861 0.1240
vn 0.9952 -0.0402 0.0887
vn 0.9942 -0.0641 0.0864
vn 0.9823 -0.1657 0.0876
vn 0.1464 0.9532 0.2644
vn 0.1678 0.9554 0.2432
vn 0.0411 0.9952 0.0886
vn 0.0419 0.9958 0.0819
vn 0.1831 0.9535 0.2396
vn -0.0000 0.9624 0.2716
vn 0.0937 0.9553 0.2804
vn -0.0937 0.9553 0.2804
vn -0.1464 0.9532 0.2644
vn -0.2775 0.9337 0.2262
vn -0.6253 0.7605 0.1750
vn -0.1831 0.9535 0.2396
vn -0.9942 -0.0641 0.0864
vn -0.9823 -0.1653 0.0882
vn -0.9952 -0.0403 0.0889
vn -0.0264 -0.9995 0.0150
vn -0.7148 -0.6925 0.0974
vn 0.0068 -0.9993 -0.0372
vn -0.0114 -0.9996 0.0243
vn 0.0388 -0.9822 -0.1837
vn 0.0725 -0.9821 -0.1737
vn 0.0927 -0.9814 -0.1682
vn -0.0468 -0.9958 0.0783
vn 0.0468 -0.9958 0.0783
vn 0.0114 -0.9996 0.0243
vn -0.0927 -0.9814 -0.1682
vn -0.0726 -0.9821 -0.1737
vn -0.0389 -0.9822 -0.1837
vn -0.0068 -0.9993 -0.0372
vn 0.7156 -0.6919 0.0961
vn 0.0264 -0.9995 0.0150
vn 0.9068 -0.1031 0.4088
vn 0.9046 -0.1303 0.4058
vn 0.9049 -0.1374 0.4029
vn 0.8999 -0.1815 0.3966
vn 0.8029 -0.4363 0.4061
vn 0.0361 -0.9955 0.0878
vn 0.0675 -0.9916 0.1107
vn 0.1107 -0.9861 0.1240
vn 0.0261 -0.9991 0.0336
vn 0.0220 -0.9978 0.0622
vn 0.0351 -0.0000 -0.9994
vn 0.0405 -0.9306 -0.3638
vn 0.0458 0.9989 -0.0035
vn 0.0597 0.8833 -0.4650
vn 0.0319 0.9988 0.0359
vn 0.0325 0.9978 0.0572
vn 0.3582 0.9335 0.0141
vn 0.2870 0.9562 0.0569
vn 0.3000 0.9489 0.0974
vn 0.0748 0.9939 0.0804
vn 0.0498 0.9961 0.0729
vn 0.2746 0.9578 0.0853
vn 0.0204 0.9970 0.0740
vn 0.2773 0.9337 0.2263
vn 0.8370 0.3578 0.4139
vn 0.6248 0.7608 0.1756
vn 0.9161 0.1009 0.3879
vn 0.9196 0.0190 0.3924
vn 0.9127 -0.0436 0.4063
vn -0.5850 -0.1722 0.7926
vn -0.5809 -0.2201 0.7836
vn -0.5812 -0.2331 0.7797
vn -0.5803 -0.2531 0.7741
vn -0.5496 -0.3999 0.7335
vn -0.1678 0.9554 0.2432
vn -0.5345 0.4265 0.7297
vn -0.0411 0.9952 0.0886
vn -0.5929 0.0600 0.8031
vn -0.5849 0.1764 0.7917
vn -0.5919 -0.0640 0.8034
vn 0.9837 0.1537 0.0928
vn 0.9929 0.0448 0.1099
vn 0.6236 -0.7565 0.1971
vn 0.1438 0.9750 0.1692
vn 0.2323 0.9595 0.1593
vn 0.5726 0.8102 0.1258
vn 0.0930 0.9854 0.1424
vn 0.0382 0.9949 0.0935
vn 0.2442 0.7595 0.6029
vn -0.0632 0.9958 0.0665
vn 0.0110 0.9981 0.0607
vn -0.0382 0.9949 0.0935
vn -0.0930 0.9854 0.1424
vn -0.0110 0.9981 0.0607
vn -0.2323 0.9595 0.1593
vn -0.5726 0.8102 0.1258
vn -0.1438 0.9750 0.1692
vn -0.9929 0.0448 0.1099
vn -0.6237 -0.7564 0.1971
vn -0.9838 0.1537 0.0927
vn -0.3038 -0.9212 0.2431
vn -0.2065 -0.9422 0.2637
vn -0.2063 -0.9353 0.2876
vn -0.2107 -0.9074 0.3636
vn -0.1069 -0.9377 0.3305
vn -0.0000 -0.9527 0.3039
vn 0.2107 -0.9074 0.3636
vn 0.1069 -0.9377 0.3305
vn 0.2065 -0.9422 0.2637
vn 0.2063 -0.9353 0.2876
vn 0.3038 -0.9212 0.2431
vn -0.0000 0.9984 0.0572
vn -0.0000 0.9985 0.0555
vn -0.0000 0.9997 0.0233
vn -0.0000 0.9993 0.0378
vn -0.0000 1.0000 -0.0068
vn -0.0000 0.9989 -0.0464
vn -0.0000 0.9996 -0.0299
vn -0.0000 0.9584 0.2853
vn -0.0000 -0.9983 -0.0574
vn -0.0000 -0.5274 0.8496
vn -0.0000 -0.9820 -0.1891
vn -0.0000 -0.2606 0.9654
vn -0.0000 -0.2364 0.9717
vn -0.0000 -0.0591 0.9983
vn -0.0000 -0.2754 0.9613
vn -0.0000 0.1736 0.9848
vn -0.0000 0.1924 0.9813
vn -0.0000 -0.2134 0.9770
vn -0.0000 -0.0038 1.0000
vn -0.0000 -0.3479 0.9375
vn -0.0000 -0.3513 0.9363
vn -0.0000 -0.0781 0.9969
vn -0.0000 -0.2146 0.9767
vn -0.0000 -0.0243 0.9997
vn -0.0000 -0.0136 0.9999
vn -0.0000 -0.2080 0.9781
vn -0.0000 -0.9055 0.4244
vn 0.8593 0.4234 0.2868
vn 0.9254 0.3761 0.0471
vn 0.2596 0.9610 0.0952
vn 0.0689 0.7910 0.6080
vn -0.0158 0.9961 0.0870
vn -0.1566 0.8602 0.4853
vn 0.0769 0.9886 0.1294
vn 0.1420 0.9753 0.1689
vn 0.5294 0.5844 0.6149
vn 0.6286 0.2131 0.7480
vn 0.6040 0.3009 0.7380
vn 0.0298 0.9984 0.0486
vn 0.1248 0.9790 0.1612
vn 0.0148 0.9993 0.0334
vn 0.0019 1.0000 -0.0060
vn -0.0009 0.9990 -0.0453
vn -0.0000 0.9589 0.2837
vn 0.0260 -0.9994 0.0246
vn 0.5337 -0.4605 0.7093
vn -0.0970 -0.9820 -0.1623
vn 0.5912 -0.1967 0.7822
vn 0.5894 -0.2131 0.7792
vn 0.5893 -0.2234 0.7764
vn 0.6058 -0.0507 0.7940
vn 0.6041 0.1331 0.7857
vn 0.6010 0.1469 0.7857
vn 0.6059 -0.1727 0.7765
vn 0.6128 -0.0084 0.7902
vn 0.5910 -0.2811 0.7561
vn 0.5906 -0.2747 0.7588
vn 0.6026 -0.1641 0.7810
vn 0.6066 -0.0566 0.7930
vn 0.6047 -0.0149 0.7963
vn 0.6023 -0.0068 0.7982
vn 0.6030 -0.1322 0.7867
vn 0.3038 -0.8718 0.3843
vn 0.0485 -0.9909 0.1252
vn -0.0016 -0.9953 0.0972
vn -0.0485 -0.9909 0.1253
vn -0.3044 -0.8714 0.3846
vn 0.0016 -0.9953 0.0972
vn -0.6047 -0.1293 0.7859
vn -0.6057 -0.0038 0.7957
vn -0.6105 -0.0123 0.7920
vn -0.6142 -0.0552 0.7872
vn -0.5952 -0.2776 0.7541
vn -0.6098 -0.1653 0.7751
vn -0.6071 -0.1749 0.7752
vn -0.5936 -0.2840 0.7530
vn -0.6133 -0.0092 0.7898
vn -0.6043 0.1329 0.7856
vn -0.6012 0.1467 0.7855
vn -0.6059 -0.0509 0.7939
vn -0.5894 -0.2131 0.7792
vn -0.5893 -0.2234 0.7764
vn -0.5337 -0.4605 0.7092
vn -0.5912 -0.1967 0.7822
vn 0.0970 -0.9820 -0.1623
vn -0.0261 -0.9994 0.0246
vn -0.0386 -0.9765 -0.2120
vn -0.0792 -0.9809 -0.1779
vn -0.0000 -0.9244 -0.3815
vn -0.0000 -0.9163 -0.4005
vn -0.0000 -0.9478 -0.3189
vn -0.0000 -0.9889 -0.1484
vn -0.0000 -0.9585 0.2851
vn -0.0000 -0.0968 0.9953
vn 0.0009 0.9990 -0.0453
vn -0.0019 1.0000 -0.0060
vn -0.0148 0.9993 0.0333
vn -0.0298 0.9984 0.0485
vn -0.1248 0.9790 0.1612
vn -0.6040 0.3009 0.7380
vn -0.4033 0.7162 0.5696
vn -0.5294 0.5845 0.6149
vn -0.6286 0.2131 0.7480
vn -0.5751 0.2142 0.7895
vn -0.0000 0.5843 -0.8115
vn -0.0000 0.4857 -0.8741
vn -0.0000 0.1372 -0.9905
vn -0.0000 0.5838 -0.8119
vn -0.0000 0.5812 -0.8137
vn -0.0000 0.5141 -0.8577
vn -0.0000 0.4726 -0.8813
vn -0.0000 0.5281 -0.8492
vn -0.0000 0.3939 -0.9191
vn -0.0000 0.4166 -0.9091
vn -0.0000 0.3027 -0.9531
vn -0.0000 0.3734 -0.9277
vn -0.0000 0.1800 -0.9837
vn -0.0000 0.2142 -0.9768
vn -0.0000 0.1590 -0.9873
vn -0.0000 0.0951 -0.9955
vn -0.0000 0.0064 -1.0000
vn -0.0000 0.0288 -0.9996
vn -0.0000 -0.3067 -0.9518
vn -0.0000 -0.0932 -0.9956
vn -0.0000 -0.4322 -0.9018
vn -0.0000 -0.4678 -0.8839
vn -0.0000 -0.9658 -0.2594
vn -0.0000 -0.7108 -0.7034
vn -0.0000 -0.9855 -0.1697
vn -0.0000 -0.9847 -0.1745
vn -0.0000 -0.9836 -0.1802
vn -0.0000 -0.9848 -0.1738
vn -0.0000 -0.9932 -0.1168
vn -0.0000 -0.9994 0.0350
vn -0.0000 -0.9950 0.1000
vn -0.1457 0.9893 -0.0085
vn -0.0000 1.0000 -0.0013
vn -0.0000 1.0000 0.0053
vn -0.1330 0.9911 0.0065
vn 0.1457 0.9893 -0.0085
vn 0.1330 0.9911 0.0065
vn -0.1366 0.9906 0.0001
vn -0.0000 1.0000 -0.0004
vn -0.1377 0.9905 -0.0012
vn 0.1366 0.9906 0.0001
vn 0.1377 0.9905 -0.0012
vn -0.1353 0.9908 -0.0072
vn -0.0000 1.0000 -0.0067
vn -0.1364 0.9907 -0.0014
vn 0.1353 0.9908 -0.0072
vn 0.1364 0.9907 -0.0014
vn -0.1161 0.9924 -0.0407
vn -0.0000 0.9994 -0.0344
vn -0.0000 0.9998 -0.0198
vn -0.1312 0.9911 -0.0220
vn 0.1161 0.9924 -0.0407
vn 0.1312 0.9911 -0.0220
vn -0.0000 -0.8882 -0.4594
vn -0.0000 0.2787 -0.9604
vn -0.0000 0.3473 -0.9377
vn -0.0000 -0.9583 -0.2856
vn -0.0000 -0.6921 -0.7218
vn -0.0000 -0.2572 -0.9664
vn -0.0000 -0.3223 -0.9467
vn -0.0000 -0.1677 -0.9858
vn -0.9770 0.2106 -0.0328
vn -0.9985 0.0374 -0.0405
vn -0.9987 0.0450 -0.0248
vn -0.9609 0.2762 -0.0209
vn -0.9991 0.0020 -0.0422
vn -0.9997 -0.0010 -0.0261
vn -1.0000 -0.0016 -0.0086
vn -0.9986 0.0518 -0.0081
vn -0.9485 0.3167 -0.0072
vn -1.0000 -0.0005 -0.0015
vn -0.9985 0.0538 -0.0016
vn -1.0000 -0.0000 0.0009
vn -0.9986 0.0528 0.0005
vn -0.9494 0.3140 -0.0001
vn -0.9466 0.3225 -0.0018
vn -1.0000 0.0031 -0.0075
vn -0.9985 0.0537 -0.0042
vn -0.9977 0.0411 -0.0543
vn -0.9953 0.0906 -0.0349
vn -0.9430 0.3324 -0.0167
vn -0.9525 0.3046 -0.0029
vn -0.9956 0.0913 0.0218
vn -0.9927 0.1176 0.0273
vn -0.8150 0.1720 0.5533
vn -0.8387 0.1651 0.5189
vn -0.8593 0.4234 0.2868
vn -0.9254 0.3761 0.0471
vn 0.9977 0.0411 -0.0543
vn 0.9956 0.0913 0.0218
vn 0.7734 0.6339 0.0109
vn 0.8024 0.5944 -0.0538
vn 1.0000 -0.0000 0.0009
vn 1.0000 0.0031 -0.0074
vn 0.8013 0.5982 -0.0078
vn 0.8006 0.5992 0.0007
vn 1.0000 -0.0016 -0.0085
vn 1.0000 -0.0005 -0.0015
vn 0.8004 0.5995 -0.0020
vn 0.7965 0.6045 -0.0105
vn 0.7397 0.6702 -0.0610
vn 0.7794 0.6257 -0.0324
vn 0.9991 0.0020 -0.0422
vn 0.9997 -0.0010 -0.0261
vn 0.9746 0.2148 0.0627
vn 0.9715 0.2225 0.0814
vn 0.9898 0.1237 0.0708
vn 0.9851 0.1515 0.0808
vn 0.9842 0.1520 0.0904
vn 0.9774 0.1893 0.0938
vn 0.9994 0.0346 -0.0006
vn 0.9951 0.0838 0.0529
vn 0.9808 0.1896 0.0459
vn 0.9881 0.1539 -0.0073
vn 0.9956 -0.0000 -0.0942
vn 0.9980 0.0061 -0.0625
vn 0.9881 0.1368 -0.0698
vn 0.9852 0.1384 -0.1016
vn 0.9405 0.1637 -0.2977
vn 0.9664 0.1506 -0.2081
vn 0.9792 -0.0000 -0.2030
vn 0.9711 0.1844 0.1513
vn 0.9723 0.1879 0.1388
vn 0.9721 0.1764 0.1544
vn 0.9890 -0.0000 0.1478
vn 0.4434 0.0744 0.8932
vn 0.9692 0.1662 0.1819
vn 0.4399 -0.0000 0.8980
vn 0.9816 -0.0000 0.1910
vn 0.0572 -0.0000 0.9984
vn 0.0564 0.0786 0.9953
vn -0.0000 0.0826 0.9966
vn -0.0000 0.0816 0.9967
vn -0.0000 0.0813 0.9967
vn -0.0000 0.0814 0.9967
vn -0.4434 0.0744 0.8932
vn -0.0564 0.0786 0.9953
vn -0.4399 0.0006 0.8980
vn -0.0572 -0.0000 0.9984
vn -0.9816 -0.0000 0.1910
vn -0.9692 0.1662 0.1818
vn -0.9721 0.1765 0.1544
vn -0.9890 -0.0000 0.1478
vn -0.9711 0.1844 0.1513
vn -0.9723 0.1879 0.1387
vn -0.9852 0.1384 -0.1015
vn -0.9664 0.1506 -0.2081
vn -0.9956 -0.0000 -0.0942
vn -0.9792 -0.0000 -0.2030
vn -0.9405 0.1637 -0.2977
vn -0.9994 0.0346 -0.0006
vn -0.9980 0.0061 -0.0625
vn -0.9881 0.1368 -0.0698
vn -0.9881 0.1540 -0.0073
vn -0.9898 0.1236 0.0709
vn -0.9951 0.0838 0.0530
vn -0.9808 0.1896 0.0459
vn -0.9746 0.2148 0.0627
vn -0.9842 0.1520 0.0904
vn -0.9851 0.1515 0.0808
vn -0.9715 0.2225 0.0814
vn -0.9774 0.1893 0.0938
vn -0.9833 0.1646 -0.0771
vn -0.9874 0.1478 0.0570
vn -0.9844 0.1658 0.0582
vn -0.9821 0.1698 -0.0816
vn -0.8470 0.2464 -0.4711
vn -0.5247 0.3246 -0.7870
vn -0.5487 0.3185 -0.7730
vn -0.8616 0.2423 -0.4460
vn -0.3244 0.3489 -0.8792
vn -0.1673 0.3561 -0.9193
vn -0.1637 0.3464 -0.9237
vn -0.3292 0.3424 -0.8800
vn 0.1636 0.3464 -0.9237
vn -0.0000 0.3635 -0.9316
vn 0.1673 0.3561 -0.9193
vn -0.0000 0.8105 -0.5857
vn 0.3244 0.3489 -0.8792
vn 0.5247 0.3246 -0.7870
vn 0.5487 0.3185 -0.7729
vn 0.3292 0.3424 -0.8800
vn 0.8470 0.2464 -0.4711
vn 0.9821 0.1698 -0.0816
vn 0.9833 0.1646 -0.0771
vn 0.8616 0.2423 -0.4460
vn 0.9874 0.1478 0.0571
vn 0.9844 0.1658 0.0582
vn -0.1038 0.9946 -0.0031
vn -0.1412 0.9876 -0.0690
vn -0.1811 0.9424 -0.2810
vn -0.0911 0.9958 0.0067
vn -0.0878 0.9961 0.0100
vn -0.1339 0.9853 0.1059
vn -0.0933 0.9953 0.0263
vn -0.0769 0.9886 0.1294
vn -0.1420 0.9753 0.1689
vn 0.0353 0.9952 0.0916
vn 0.0158 0.9961 0.0870
vn -0.2578 0.9662 -0.0044
vn -0.2406 0.9706 -0.0017
vn -0.2953 0.9554 -0.0060
vn -0.2496 0.9684 -0.0006
vn -0.2691 0.9631 -0.0012
vn -0.2919 0.9565 -0.0002
vn -0.2956 0.9553 -0.0017
vn -0.2596 0.9610 0.0952
vn -0.0689 0.7909 0.6080
vn -0.0353 0.9952 0.0916
vn -0.1993 0.8631 0.4640
vn 0.2725 0.1325 0.9530
vn 0.1541 0.2203 0.9632
vn -0.3918 0.2123 0.8952
vn -0.4463 0.3055 0.8411
vn -0.7397 0.6702 -0.0610
vn -0.7794 0.6257 -0.0324
vn -0.7965 0.6045 -0.0105
vn -0.8004 0.5995 -0.0020
vn -0.8006 0.5992 0.0005
vn -0.8013 0.5982 -0.0078
vn -0.8024 0.5944 -0.0538
vn -0.7734 0.6339 0.0109
vn -0.5677 0.7318 0.3770
vn 0.0772 0.4143 0.9069
vn 0.9987 0.0450 -0.0248
vn 0.9986 0.0519 -0.0081
vn 0.9985 0.0374 -0.0405
vn 0.9985 0.0538 -0.0016
vn 0.9986 0.0528 0.0005
vn 0.9985 0.0537 -0.0042
vn 0.9953 0.0906 -0.0350
vn 0.9927 0.1176 0.0273
vn 0.8387 0.1651 0.5189
vn -0.1541 0.2203 0.9632
vn 0.1247 0.9404 -0.3163
vn 0.0794 0.9434 -0.3219
vn -0.2906 0.9231 -0.2519
vn -0.7112 0.4508 -0.5395
vn -0.7378 0.3509 -0.5767
vn -0.7658 0.3240 -0.5555
vn -0.0913 0.9950 -0.0408
vn -0.6408 0.7593 -0.1132
vn -0.0000 0.9995 -0.0315
vn 0.0915 0.9950 -0.0399
vn 0.7378 0.3509 -0.5767
vn 0.6408 0.7593 -0.1132
vn 0.7658 0.3240 -0.5555
vn 0.7112 0.4508 -0.5395
vn 0.2906 0.9231 -0.2518
vn -0.0794 0.9434 -0.3219
vn -0.1247 0.9404 -0.3163
vn 0.9881 -0.0000 0.1537
vn 0.9999 -0.0000 -0.0100
vn 0.3589 -0.0000 -0.9334
vn -0.3589 -0.0003 -0.9334
vn -0.9999 -0.0000 -0.0100
vn -0.9881 -0.0000 0.1537
vn 0.9884 0.1254 0.0862
vn 0.9846 0.1524 0.0862
vn 0.9845 0.1519 0.0879
vn 0.9994 0.0350 0.0081
vn 0.9942 0.0843 0.0667
vn 0.9956 -0.0000 -0.0940
vn 0.9982 0.0062 -0.0597
vn 0.9794 -0.0000 -0.2018
vn 0.9890 -0.0000 0.1476
vn 0.4417 -0.0000 0.8972
vn 0.9817 -0.0000 0.1905
vn 0.0573 -0.0000 0.9984
vn -0.4417 0.0007 0.8972
vn -0.0573 -0.0000 0.9984
vn -0.9817 -0.0000 0.1905
vn -0.9890 -0.0000 0.1476
vn -0.9956 -0.0000 -0.0940
vn -0.9794 -0.0000 -0.2018
vn -0.9994 0.0350 0.0081
vn -0.9982 0.0062 -0.0597
vn -0.9942 0.0843 0.0667
vn -0.9884 0.1254 0.0862
vn -0.9845 0.1525 0.0862
vn -0.9845 0.1518 0.0879
vn -0.9836 0.1643 -0.0749
vn -0.9875 0.1477 0.0557
vn -0.8723 0.2402 -0.4260
vn -0.5705 0.3176 -0.7574
vn -0.3339 0.3425 -0.8782
vn -0.1627 0.3464 -0.9239
vn 0.1627 0.3464 -0.9239
vn 0.5705 0.3176 -0.7574
vn 0.3338 0.3425 -0.8782
vn 0.8723 0.2402 -0.4260
vn 0.9836 0.1643 -0.0749
vn 0.9875 0.1477 0.0556
vn 0.9910 0.0870 0.1015
vn 0.9914 0.0849 0.0992
vn 0.9957 0.0189 0.0911
vn 0.9904 0.1137 0.0783
vn 0.9938 0.1105 0.0127
vn 0.9945 0.0872 -0.0573
vn 0.9922 0.0872 -0.0892
vn 0.9790 0.0141 -0.2035
vn 0.9439 -0.2987 0.1405
vn 0.9825 -0.1277 0.1357
vn 0.8825 -0.4526 0.1280
vn 0.3515 -0.1634 0.9218
vn 0.8482 -0.5067 0.1544
vn 0.0248 -0.0082 0.9997
vn -0.0000 -0.0001 1.0000
vn -0.3515 -0.1634 0.9218
vn -0.0248 -0.0082 0.9997
vn -0.8482 -0.5067 0.1544
vn -0.8825 -0.4526 0.1280
vn -0.9439 -0.2987 0.1406
vn -0.9825 -0.1277 0.1358
vn -0.9921 0.0872 -0.0908
vn -0.9790 0.0141 -0.2035
vn -0.9945 0.0872 -0.0573
vn -0.9938 0.1105 0.0127
vn -0.9904 0.1137 0.0783
vn -0.9910 0.0870 0.1015
vn -0.9915 0.0847 0.0990
vn -0.9957 0.0180 0.0909
vn -0.9982 -0.0095 0.0588
vn -0.9953 0.0565 -0.0782
vn -0.8272 0.3113 -0.4679
vn -0.4729 0.4881 -0.7336
vn -0.3008 0.5271 -0.7948
vn -0.1540 0.5431 -0.8254
vn -0.0000 0.5483 -0.8363
vn 0.1540 0.5431 -0.8254
vn 0.4718 0.4886 -0.7339
vn 0.3006 0.5272 -0.7948
vn 0.8244 0.3139 -0.4711
vn 0.9952 0.0573 -0.0794
vn 0.9982 -0.0090 0.0591
vn -0.0166 -0.0000 0.9999
vn -0.1009 -0.0001 0.9949
vn -0.9882 -0.0000 0.1529
vn -0.3588 -0.0000 -0.9334
vn -0.9325 -0.0000 -0.3611
vn 0.3588 -0.0000 -0.9334
vn 0.9325 -0.0000 -0.3611
vn 0.9882 -0.0000 0.1529
vn -0.0172 0.9968 0.0786
vn 0.0172 0.9968 0.0786
vn 0.0385 -0.9765 -0.2120
vn -0.0000 -0.9732 -0.2300
vn 0.0792 -0.9809 -0.1779
vn 0.9998 -0.0000 -0.0180
vn 0.9821 0.1872 -0.0214
vn 0.9383 0.1763 -0.2974
vn 0.1444 0.9871 -0.0688
vn 0.1398 0.9896 -0.0340
vn 0.9998 -0.0000 -0.0220
vn 0.9998 -0.0000 -0.0198
vn 0.8073 0.5839 -0.0854
vn 0.9911 0.1286 -0.0335
vn 0.9931 -0.0000 -0.1177
vn 0.9829 0.1428 -0.1160
vn 0.9930 -0.0000 -0.1185
vn 0.9930 -0.0000 -0.1181
vn 0.9929 -0.0000 -0.1187
vn 0.9929 0.0002 -0.1190
vn 0.9930 -0.0000 -0.1183
vn 0.9147 -0.3968 -0.0766
vn 0.9870 -0.1153 -0.1121
vn 0.9997 -0.0000 -0.0239
vn 0.9970 -0.0711 -0.0316
vn 0.9898 -0.1419 -0.0129
vn 0.9995 -0.0239 -0.0212
vn 0.9524 -0.1151 -0.2823
vn 0.9550 -0.0197 -0.2959
vn -0.0000 -0.9912 0.1325
vn 0.3460 -0.9318 0.1094
vn 0.3905 -0.9205 -0.0149
vn -0.0000 -0.9912 0.1322
vn -0.9898 -0.1419 -0.0129
vn -0.3460 -0.9318 0.1094
vn -0.9524 -0.1151 -0.2823
vn -0.3905 -0.9205 -0.0149
vn -0.9997 -0.0000 -0.0239
vn -0.9995 -0.0239 -0.0212
vn -0.9550 -0.0197 -0.2959
vn -0.9147 -0.3968 -0.0766
vn -0.9970 -0.0711 -0.0316
vn -0.9930 -0.0000 -0.1183
vn -0.9870 -0.1153 -0.1121
vn -0.9929 -0.0000 -0.1187
vn -0.9930 -0.0000 -0.1185
vn -0.9929 0.0002 -0.1190
vn -0.9931 -0.0000 -0.1177
vn -0.9930 -0.0000 -0.1181
vn -0.8073 0.5839 -0.0854
vn -0.9829 0.1428 -0.1160
vn -0.9998 -0.0000 -0.0220
vn -0.9911 0.1286 -0.0335
vn -0.9998 -0.0000 -0.0180
vn -0.9998 -0.0000 -0.0198
vn -0.1398 0.9896 -0.0340
vn -0.9821 0.1871 -0.0214
vn -0.1444 0.9871 -0.0688
vn -0.9383 0.1763 -0.2974
vn -0.0000 0.9995 -0.0309
vn -0.0157 0.9994 -0.0314
vn -0.0163 0.9994 -0.0294
vn -0.0000 0.9995 -0.0308
vn -0.0000 0.9995 -0.0310
vn 0.0157 0.9994 -0.0314
vn 0.0163 0.9994 -0.0294
vn 0.9391 0.1719 -0.2975
vn 0.1466 0.9868 -0.0694
vn 0.0161 0.9994 -0.0294
vn -0.0161 0.9994 -0.0294
vn -0.1466 0.9868 -0.0694
vn -0.9391 0.1719 -0.2975
vn -0.9550 -0.0176 -0.2961
vn -0.9532 -0.1053 -0.2833
vn -0.3953 -0.9184 -0.0165
vn 0.3953 -0.9184 -0.0165
vn 0.9532 -0.1053 -0.2833
vn 0.9550 -0.0176 -0.2961
vn -0.0000 0.9990 0.0445
vn -0.0011 0.9990 0.0439
vn 0.0003 0.9990 0.0445
vn -0.0177 0.9989 0.0435
vn -0.0541 0.9980 0.0337
vn -0.0118 0.9991 0.0402
vn -0.0000 0.9992 0.0410
vn -0.0000 0.9990 0.0446
vn 0.0011 0.9990 0.0439
vn 0.0117 0.9991 0.0403
vn 0.0540 0.9980 0.0337
vn 0.0176 0.9989 0.0435
vn -0.0003 0.9990 0.0445
vn 0.0276 0.9986 0.0444
vn 0.1722 0.9841 0.0438
vn 0.1642 0.9854 0.0459
vn 0.0210 0.9986 0.0476
vn 0.7100 0.7035 0.0313
vn 0.7084 0.7050 0.0351
vn 0.7141 0.6979 0.0548
vn 0.1595 0.9847 0.0697
vn 0.0062 0.9972 0.0742
vn 0.9650 0.2619 0.0114
vn 0.9704 0.2412 0.0119
vn 0.9984 0.0564 0.0022
vn 0.9990 0.0453 0.0021
vn 0.9996 0.0266 0.0037
vn 0.9815 0.1910 0.0134
vn -0.9984 0.0564 0.0022
vn -0.9650 0.2619 0.0114
vn -0.9704 0.2412 0.0119
vn -0.9990 0.0453 0.0021
vn -0.7100 0.7035 0.0313
vn -0.7083 0.7050 0.0351
vn -0.7141 0.6979 0.0548
vn -0.9815 0.1910 0.0134
vn -0.9996 0.0266 0.0037
vn -0.1722 0.9841 0.0432
vn -0.1642 0.9854 0.0459
vn -0.0276 0.9986 0.0444
vn -0.0210 0.9986 0.0476
vn -0.0062 0.9972 0.0742
vn -0.1595 0.9847 0.0697
vn 0.9997 -0.0001 -0.0233
vn 0.9890 -0.0000 -0.1481
vn 0.9885 -0.0005 -0.1510
vn 0.9997 -0.0004 -0.0239
vn 0.7071 -0.0000 -0.7071
vn 0.7071 0.0001 -0.7071
vn 0.7065 0.0003 -0.7077
vn 0.9863 -0.0023 -0.1648
vn 0.9996 -0.0022 -0.0271
vn 0.1712 0.0007 -0.9852
vn 0.1716 0.0002 -0.9852
vn 0.0283 0.0011 -0.9996
vn 0.0276 0.0001 -0.9996
vn 0.0302 0.0001 -0.9995
vn 0.1731 0.0003 -0.9849
vn -0.9996 -0.0022 -0.0271
vn -0.9863 -0.0023 -0.1648
vn -0.9885 -0.0005 -0.1510
vn -0.9997 -0.0004 -0.0239
vn -0.7065 0.0003 -0.7077
vn -0.7071 0.0001 -0.7071
vn -0.7071 -0.0000 -0.7071
vn -0.9890 -0.0000 -0.1481
vn -0.9997 -0.0001 -0.0233
vn -0.1731 0.0003 -0.9849
vn -0.1716 0.0002 -0.9852
vn -0.0302 0.0001 -0.9995
vn -0.0276 0.0001 -0.9996
vn -0.0283 0.0010 -0.9996
vn -0.1712 0.0011 -0.9852
vn -0.0000 0.9998 -0.0211
vn -0.0000 0.9903 -0.1388
vn 0.0242 0.9876 -0.1553
vn 0.0420 0.9988 -0.0264
vn -0.0000 0.7071 -0.7071
vn 0.0143 0.6957 -0.7182
vn 0.0895 0.6315 -0.7702
vn 0.1766 0.9565 -0.2322
vn 0.3291 0.9419 -0.0668
vn -0.0000 0.1887 -0.9820
vn 0.0053 0.1823 -0.9832
vn -0.0000 0.0325 -0.9995
vn 0.0015 0.0303 -0.9995
vn 0.0059 0.0204 -0.9998
vn 0.0263 0.1417 -0.9896
vn 0.2315 0.9623 0.1428
vn 0.3858 0.8908 0.2402
vn 0.3305 0.8927 0.3063
vn 0.1874 0.9528 0.2387
vn 0.5939 0.7635 0.2536
vn 0.6904 0.6956 0.1987
vn 0.5654 0.8201 -0.0875
vn 0.2025 0.9470 0.2493
vn 0.0409 0.9319 0.3604
vn 0.6586 0.7355 0.1591
vn 0.8846 0.4617 0.0652
vn 0.5158 0.8539 0.0692
vn 0.9148 0.4023 -0.0351
vn 0.6900 0.3732 -0.6202
vn 0.7213 0.5556 -0.4137
vn -0.5157 0.8539 0.0692
vn -0.6586 0.7355 0.1591
vn -0.8846 0.4617 0.0652
vn -0.9148 0.4023 -0.0351
vn -0.5939 0.7635 0.2536
vn -0.6904 0.6956 0.1987
vn -0.5654 0.8201 -0.0875
vn -0.7213 0.5556 -0.4137
vn -0.6900 0.3732 -0.6202
vn -0.3858 0.8908 0.2402
vn -0.3305 0.8927 0.3063
vn -0.2315 0.9623 0.1428
vn -0.1874 0.9528 0.2387
vn -0.0409 0.9319 0.3604
vn -0.2025 0.9470 0.2493
vn 1.0000 0.0069 0.0003
vn 1.0000 0.0092 0.0003
vn 1.0000 0.0051 0.0003
vn -1.0000 0.0069 0.0003
vn -1.0000 0.0092 0.0003
vn -1.0000 0.0051 0.0003
vn 1.0000 0.0013 -0.0014
vn 1.0000 0.0053 -0.0005
vn 1.0000 -0.0000 -0.0017
vn -0.0000 0.9997 0.0231
vn -0.0319 0.9992 0.0248
vn -0.0420 0.9988 -0.0264
vn -0.1081 0.9934 0.0391
vn -0.4224 0.9064 0.0003
vn -0.3291 0.9419 -0.0668
vn -1.0000 0.0013 -0.0013
vn -1.0000 -0.0000 -0.0016
vn -1.0000 0.0053 -0.0005
vn -0.0015 0.0303 -0.9995
vn -0.0003 0.0045 -1.0000
vn -0.0000 0.0051 -1.0000
vn -0.0059 0.0204 -0.9998
vn -0.0009 0.0028 -1.0000
vn 0.0807 0.9934 0.0819
vn 0.0733 0.9767 0.2016
vn -0.0113 0.9823 0.1868
vn 0.0040 0.9350 0.3546
vn -0.0323 0.9331 0.3581
vn 0.0047 0.9987 0.0507
vn -0.0051 0.9990 0.0445
vn 0.1116 0.9921 0.0577
vn -0.0047 0.9987 0.0507
vn 0.0051 0.9990 0.0445
vn -0.0807 0.9934 0.0819
vn -0.1117 0.9921 0.0577
vn -0.0733 0.9767 0.2017
vn -0.0040 0.9350 0.3546
vn 0.0113 0.9823 0.1868
vn 0.0323 0.9331 0.3581
vn 0.0042 0.0005 -1.0000
vn 0.0061 -0.0004 -1.0000
vn 0.0054 0.0004 -1.0000
vn -0.0077 0.0041 -1.0000
vn -0.0060 -0.0041 -1.0000
vn 0.0319 0.9992 0.0248
vn 0.4224 0.9064 0.0003
vn 0.1081 0.9934 0.0391
vn 0.0003 0.0046 -1.0000
vn 0.0009 0.0028 -1.0000
vn 0.8789 0.4607 -0.1238
vn 0.6020 0.4014 -0.6903
vn 0.7937 0.5877 -0.1570
vn 0.6017 0.5237 -0.6031
vn -0.9999 0.0123 -0.0015
vn -0.9994 0.0100 -0.0326
vn -0.9990 0.0441 0.0105
vn -0.9966 0.0827 0.0036
vn 0.9999 0.0123 -0.0015
vn 0.9990 0.0441 0.0105
vn 0.9994 0.0100 -0.0326
vn 0.9966 0.0827 0.0036
vn -0.0686 0.0770 -0.9947
vn 0.0275 0.0110 -0.9996
vn -0.0797 0.1945 -0.9776
vn -0.6017 0.5237 -0.6031
vn -0.6020 0.4014 -0.6903
vn -0.1331 0.1634 -0.9775
vn 0.0268 0.0675 -0.9974
vn 0.0797 0.1945 -0.9776
vn 0.0686 0.0770 -0.9947
vn 0.0060 -0.0041 -1.0000
vn -0.0061 -0.0004 -1.0000
vn -0.0275 0.0110 -0.9996
vn -0.0268 0.0675 -0.9974
vn 0.1331 0.1634 -0.9775
vn 0.0077 0.0041 -1.0000
vn -0.0042 0.0005 -1.0000
vn -0.0054 0.0004 -1.0000
vn -0.7937 0.5877 -0.1570
vn -0.8789 0.4607 -0.1238
vn 0.1849 0.9665 0.1779
vn 0.7189 0.6838 0.1249
vn 0.7022 0.6647 0.2553
vn 0.1839 0.9168 0.3544
vn 0.9786 0.2027 0.0361
vn 0.9517 0.2912 0.0977
vn -0.9786 0.2028 0.0361
vn -0.7189 0.6838 0.1249
vn -0.7022 0.6647 0.2553
vn -0.9517 0.2912 0.0977
vn -0.1849 0.9665 0.1779
vn -0.1839 0.9168 0.3545
vn 0.9838 0.0093 -0.1789
vn 0.7050 0.0080 -0.7092
vn 0.7053 0.0529 -0.7069
vn 0.9868 0.0707 -0.1458
vn 0.1709 0.0101 -0.9852
vn 0.1631 0.0613 -0.9847
vn -0.1710 0.0079 -0.9852
vn -0.7050 0.0080 -0.7092
vn -0.7053 0.0529 -0.7069
vn -0.1631 0.0613 -0.9847
vn -0.9838 0.0092 -0.1789
vn -0.9868 0.0707 -0.1458
vn -0.0053 0.1823 -0.9832
vn -0.0143 0.6957 -0.7182
vn -0.0895 0.6315 -0.7702
vn -0.0263 0.1417 -0.9896
vn -0.0242 0.9876 -0.1553
vn -0.1766 0.9565 -0.2322
vn 0.0375 0.9801 0.1950
vn 0.1753 0.8702 -0.4604
vn -0.0230 0.8318 -0.5546
vn -0.0282 0.9742 0.2237
vn 0.1793 0.4317 -0.8840
vn -0.0253 0.3180 -0.9478
vn -0.1793 0.4317 -0.8840
vn -0.1753 0.8702 -0.4604
vn 0.0231 0.8318 -0.5546
vn 0.0253 0.3180 -0.9478
vn -0.0375 0.9801 0.1950
vn 0.0282 0.9742 0.2237
vn 0.6842 0.6393 -0.3510
vn 0.3099 0.3822 -0.8706
vn 0.5261 -0.0805 -0.8466
vn 0.7088 0.3549 -0.6096
vn 0.0983 0.1340 -0.9861
vn 0.0490 -0.0287 -0.9984
vn 0.0545 0.0397 -0.9977
vn -0.0545 0.0397 -0.9977
vn -0.3099 0.3822 -0.8706
vn -0.5262 -0.0805 -0.8466
vn -0.0490 -0.0287 -0.9984
vn -0.0983 0.1340 -0.9861
vn -0.7088 0.3549 -0.6096
vn -0.6842 0.6393 -0.3510
vn 0.2190 0.9729 0.0745
vn 0.3739 0.9112 0.1732
vn -0.0045 0.9999 0.0161
vn 0.0526 0.9983 0.0237
vn 0.0159 0.9989 0.0430
vn -0.0041 0.9990 0.0439
vn 0.3103 0.9468 0.0854
vn -0.9612 0.2741 -0.0317
vn -0.7043 0.2217 -0.6743
vn -0.7008 0.6915 0.1750
vn -0.6113 0.6581 -0.4396
vn -0.1612 0.9581 0.2367
vn -0.1219 0.8220 -0.5563
vn -0.1481 0.2890 -0.9458
vn -0.3103 0.9468 0.0854
vn -0.3739 0.9112 0.1732
vn 0.0045 0.9999 0.0162
vn 0.0041 0.9990 0.0439
vn -0.0159 0.9989 0.0430
vn -0.0526 0.9983 0.0237
vn -0.2190 0.9729 0.0745
vn 0.1482 0.2890 -0.9458
vn 0.7043 0.2217 -0.6743
vn 0.1218 0.8220 -0.5563
vn 0.6114 0.6580 -0.4396
vn 0.1612 0.9581 0.2367
vn 0.7008 0.6915 0.1750
vn 0.9612 0.2741 -0.0317
vn -0.0000 -0.9693 0.2460
vn -0.2075 -0.9482 0.2407
vn -0.1711 -0.9824 0.0749
vn -0.0000 -0.9980 0.0634
vn -0.6273 -0.7662 0.1393
vn -0.5973 -0.7954 0.1030
vn -0.5561 -0.8299 0.0462
vn -0.1729 -0.9843 0.0363
vn -0.9816 -0.0217 0.1896
vn -0.9749 -0.1077 0.1946
vn -0.6950 -0.1581 0.7014
vn -0.6959 -0.0852 0.7131
vn -0.9113 -0.3624 0.1955
vn -0.6680 -0.3385 0.6627
vn -0.0000 -0.1905 0.9817
vn -0.0000 -0.1634 0.9866
vn -0.0000 -0.1225 0.9925
vn 0.9113 -0.3624 0.1955
vn 0.7684 -0.6144 0.1792
vn 0.7349 -0.6665 0.1251
vn 0.9052 -0.4015 0.1395
vn 0.6273 -0.7662 0.1393
vn 0.5973 -0.7954 0.1030
vn 0.5561 -0.8299 0.0462
vn 0.6918 -0.7203 0.0511
vn 0.8881 -0.4576 0.0426
vn -0.7684 -0.6144 0.1792
vn -0.7350 -0.6665 0.1251
vn -0.9052 -0.4015 0.1395
vn -0.8881 -0.4576 0.0426
vn -0.6918 -0.7203 0.0511
vn -0.0000 -0.8365 -0.5480
vn -0.0000 -0.9117 -0.4109
vn -0.2154 -0.9142 -0.3433
vn -0.3321 -0.8203 -0.4657
vn -0.0000 -0.9898 -0.1427
vn -0.1106 -0.9844 -0.1371
vn -0.4414 -0.8933 -0.0845
vn -0.5692 -0.8125 -0.1259
vn -0.7646 -0.6130 -0.1992
vn -0.4589 -0.6283 0.6282
vn -0.0000 -0.5631 0.8264
vn -0.7129 -0.0476 0.6996
vn -0.9824 -0.0073 0.1864
vn -0.0000 -0.0712 0.9975
vn -0.0000 -0.0493 0.9988
vn -0.6903 -0.0338 0.7228
vn -0.9822 -0.0018 0.1877
vn -0.9922 -0.0044 0.1245
vn -0.9916 -0.0271 0.1263
vn -0.9920 0.0052 0.1258
vn -1.0000 -0.0050 0.0048
vn -0.9996 -0.0281 0.0027
vn -0.9970 -0.0769 0.0031
vn -0.0000 -0.3931 -0.9195
vn -0.0000 -0.5349 -0.8449
vn -0.0000 -0.7222 -0.6916
vn 1.0000 -0.0050 0.0048
vn 0.9920 0.0052 0.1258
vn 0.9922 -0.0044 0.1245
vn 0.9996 -0.0281 0.0027
vn 0.9822 -0.0018 0.1877
vn 0.9824 -0.0073 0.1864
vn 0.9816 -0.0217 0.1896
vn 0.9916 -0.0271 0.1263
vn 0.9970 -0.0769 0.0031
vn -0.9828 -0.1279 0.1330
vn -0.9821 -0.1876 0.0186
vn -0.0000 -0.7980 -0.6026
vn -0.3639 -0.7465 -0.5570
vn -0.3803 -0.6594 -0.6485
vn -0.8813 -0.3963 -0.2576
vn -0.9193 -0.2729 -0.2834
vn 0.9749 -0.1077 0.1946
vn 0.9828 -0.1279 0.1330
vn 0.9821 -0.1876 0.0186
vn 0.7646 -0.6130 -0.1992
vn 0.8298 -0.5492 -0.0991
vn 0.6295 -0.7753 -0.0514
vn 0.5692 -0.8125 -0.1259
vn 0.4935 -0.8692 -0.0313
vn 0.4414 -0.8933 -0.0845
vn 0.9193 -0.2729 -0.2834
vn 0.9694 -0.1790 -0.1679
vn 0.9429 -0.3001 -0.1447
vn 0.8813 -0.3963 -0.2576
vn 0.9804 -0.0940 -0.1730
vn 0.9830 -0.0524 -0.1761
vn 0.9417 -0.1632 -0.2943
vn 0.9473 -0.1100 -0.3009
vn -0.9694 -0.1790 -0.1679
vn -0.9804 -0.0940 -0.1730
vn -0.9417 -0.1632 -0.2943
vn -0.9830 -0.0524 -0.1761
vn -0.9473 -0.1100 -0.3009
vn -0.9429 -0.3001 -0.1447
vn -0.8298 -0.5492 -0.0991
vn -0.4935 -0.8692 -0.0313
vn -0.6295 -0.7753 -0.0514
vn -0.0000 -1.0000 0.0053
vn -0.1418 -0.9899 -0.0040
vn -0.4543 -0.4671 -0.7586
vn -0.4662 -0.3444 -0.8149
vn -0.0000 -0.7983 -0.6022
vn -0.0000 -0.8377 -0.5462
vn -0.0000 -0.7980 -0.6027
vn -0.0000 -0.9901 -0.1401
vn -0.0000 -0.9158 -0.4017
vn -0.0000 -1.0000 0.0047
vn -0.0000 -0.9705 0.2410
vn -0.0000 -0.9980 0.0639
vn -0.0000 -0.1915 0.9815
vn -0.0000 -0.5939 0.8046
vn -0.0000 -0.1639 0.9865
vn -0.0000 -0.0713 0.9975
vn 0.3803 -0.6594 -0.6485
vn 0.4543 -0.4671 -0.7586
vn 0.4662 -0.3447 -0.8148
vn 0.3639 -0.7465 -0.5570
vn 0.3321 -0.8203 -0.4657
vn 0.1106 -0.9844 -0.1371
vn 0.2154 -0.9142 -0.3433
vn 0.1729 -0.9843 0.0363
vn 0.1418 -0.9899 -0.0040
vn 0.2075 -0.9482 0.2407
vn 0.1711 -0.9824 0.0749
vn 0.4589 -0.6283 0.6282
vn 0.6680 -0.3385 0.6627
vn 0.6950 -0.1581 0.7014
vn 0.6959 -0.0852 0.7131
vn 0.7129 -0.0475 0.6996
vn 0.6903 -0.0338 0.7228
vn 0.7384 -0.4732 0.4806
vn 0.8348 -0.5501 0.0214
vn 0.9781 -0.2051 0.0363
vn 0.8097 -0.2137 0.5466
vn 0.8329 -0.5532 -0.0142
vn 0.9771 -0.2126 -0.0017
vn 0.9983 -0.0579 0.0042
vn 0.9973 -0.0561 0.0471
vn 0.8237 -0.0673 0.5630
vn 0.9763 -0.2162 -0.0072
vn 0.9982 -0.0594 -0.0011
vn 0.8301 -0.5573 -0.0204
vn 0.8269 -0.5619 -0.0219
vn 0.9758 -0.2187 -0.0084
vn 0.9982 -0.0602 -0.0022
vn 1.0000 -0.0000 0.0011
vn 1.0000 -0.0077 0.0008
vn 1.0000 -0.0078 -0.0003
vn 1.0000 -0.0000 0.0065
vn 1.0000 -0.0076 0.0062
vn 0.9987 -0.0073 0.0503
vn 0.8252 -0.0087 0.5648
vn 0.9987 -0.0000 0.0506
vn 0.8256 -0.0000 0.5643
vn 0.7267 0.5157 0.4538
vn 0.8072 0.5903 -0.0014
vn 0.0769 0.9970 -0.0093
vn 0.0660 0.7479 0.6605
vn 0.8037 0.5939 -0.0360
vn 0.0824 0.9945 -0.0646
vn 0.0105 0.9978 -0.0647
vn 0.0104 0.9999 -0.0051
vn 0.0113 0.7495 0.6619
vn 0.0832 0.9940 -0.0707
vn 0.0105 0.9973 -0.0720
vn 0.7995 0.5992 -0.0423
vn 0.7948 0.6052 -0.0441
vn 0.0824 0.9939 -0.0732
vn 0.0103 0.9972 -0.0737
vn -0.0000 0.7496 0.6619
vn 0.0020 0.7496 0.6619
vn 0.0018 1.0000 -0.0037
vn -0.0001 1.0000 -0.0033
vn 0.0018 0.9979 -0.0646
vn -0.0000 0.9979 -0.0646
vn -0.8256 -0.0000 0.5643
vn -0.9987 -0.0000 0.0506
vn -0.9987 -0.0073 0.0503
vn -0.8252 -0.0087 0.5648
vn -1.0000 -0.0000 0.0065
vn -1.0000 -0.0076 0.0062
vn -0.9983 -0.0579 0.0042
vn -0.9973 -0.0561 0.0471
vn -0.8237 -0.0673 0.5630
vn -0.9982 -0.0602 -0.0022
vn -0.9982 -0.0594 -0.0011
vn -1.0000 -0.0078 0.0008
vn -1.0000 -0.0078 -0.0003
vn -1.0000 -0.0000 0.0011
vn -0.8269 -0.5619 -0.0219
vn -0.8301 -0.5573 -0.0204
vn -0.9763 -0.2163 -0.0072
vn -0.9758 -0.2187 -0.0084
vn -0.8329 -0.5532 -0.0142
vn -0.9771 -0.2126 -0.0017
vn -0.9781 -0.2051 0.0363
vn -0.8097 -0.2137 0.5466
vn -0.8349 -0.5500 0.0214
vn -0.7384 -0.4731 0.4806
vn 0.0930 -0.9949 -0.0378
vn 0.0925 -0.9949 -0.0394
vn 0.0918 -0.9953 -0.0301
vn 0.0116 -0.9995 -0.0301
vn 0.0117 -0.9992 -0.0381
vn 0.0116 -0.9991 -0.0397
vn 0.0116 -0.7027 0.7114
vn 0.0115 -0.9993 0.0356
vn 0.0854 -0.9959 0.0308
vn 0.0682 -0.7011 0.7098
vn 0.0920 -0.0000 0.9958
vn 0.0914 -0.0104 0.9958
vn 0.0116 -0.0000 0.9999
vn 0.0116 -0.0108 0.9999
vn 0.0113 -0.0829 0.9965
vn 0.0883 -0.0806 0.9928
vn 0.0782 -0.2931 0.9529
vn 0.0112 -0.3007 0.9536
vn 0.9973 -0.0730 -0.0067
vn 0.9976 -0.0698 -0.0033
vn 0.9678 -0.2514 -0.0104
vn 0.9647 -0.2629 -0.0145
vn 0.9978 -0.0663 -0.0025
vn 0.9710 -0.2390 -0.0092
vn 0.8026 -0.5961 -0.0235
vn 0.7861 -0.6176 -0.0251
vn 0.7692 -0.6383 -0.0297
vn 1.0000 -0.0003 -0.0037
vn 1.0000 -0.0000 -0.0007
vn 1.0000 -0.0092 -0.0010
vn 0.9999 -0.0096 -0.0041
vn 1.0000 -0.0087 -0.0003
vn 1.0000 -0.0084 -0.0003
vn 0.9980 -0.0637 -0.0024
vn 1.0000 -0.0081 -0.0003
vn 0.9981 -0.0618 -0.0023
vn 0.9731 -0.2302 -0.0089
vn 0.8141 -0.5802 -0.0229
vn 0.9745 -0.2242 -0.0086
vn 0.8206 -0.5711 -0.0224
vn 0.0088 0.9952 -0.0975
vn 0.0097 0.9952 -0.0972
vn 0.0755 0.9924 -0.0967
vn 0.0700 0.9929 -0.0961
vn 0.0100 0.9961 -0.0882
vn 0.0793 0.9930 -0.0877
vn 0.7833 0.6192 -0.0541
vn 0.7680 0.6375 -0.0615
vn 0.7431 0.6661 -0.0645
vn 0.0067 0.9949 -0.1007
vn 0.0078 0.9951 -0.0981
vn 0.0621 0.9933 -0.0977
vn 0.0536 0.9935 -0.1005
vn 0.7017 0.7091 -0.0694
vn 0.6475 0.7580 -0.0780
vn -0.8206 -0.5711 -0.0224
vn -0.9745 -0.2242 -0.0086
vn -0.9731 -0.2301 -0.0089
vn -0.8141 -0.5803 -0.0229
vn -0.9981 -0.0619 -0.0023
vn -0.9980 -0.0637 -0.0024
vn -0.9978 -0.0663 -0.0025
vn -0.9710 -0.2390 -0.0092
vn -0.8026 -0.5961 -0.0235
vn -1.0000 -0.0081 -0.0003
vn -1.0000 -0.0084 -0.0003
vn -1.0000 -0.0087 -0.0003
vn -0.9973 -0.0730 -0.0067
vn -0.9976 -0.0698 -0.0033
vn -1.0000 -0.0092 -0.0010
vn -0.9999 -0.0096 -0.0041
vn -1.0000 -0.0000 -0.0007
vn -1.0000 -0.0003 -0.0038
vn -0.7692 -0.6383 -0.0297
vn -0.7861 -0.6176 -0.0251
vn -0.9678 -0.2514 -0.0104
vn -0.9647 -0.2629 -0.0145
vn 0.0903 -0.9951 -0.0397
vn 0.0881 -0.9953 -0.0398
vn 0.0113 -0.9991 -0.0400
vn 0.0112 -0.9991 -0.0402
vn 0.0107 -0.9991 -0.0402
vn 0.0847 -0.9956 -0.0399
vn 0.0102 -0.9992 -0.0386
vn 0.0126 -0.9991 -0.0396
vn 0.0070 -0.9998 -0.0185
vn 0.0299 -0.9982 0.0521
vn 0.0478 -0.9983 -0.0333
vn 0.0628 -0.9973 -0.0374
vn 0.0094 -0.9990 -0.0429
vn 0.0101 -0.9991 -0.0406
vn 0.0154 -0.9991 -0.0402
vn 0.0180 -0.9989 -0.0425
vn 0.0794 -0.9961 -0.0384
vn 0.0949 -0.9946 -0.0411
vn 0.0801 -0.9960 -0.0404
vn 0.0759 -0.9962 -0.0428
vn -0.0000 -0.7027 0.7115
vn -0.0000 -0.3031 0.9529
vn -0.0019 -0.3027 0.9531
vn -0.0020 -0.7028 0.7114
vn -0.0000 -0.0846 0.9964
vn -0.0019 -0.0842 0.9964
vn -0.0113 -0.0829 0.9965
vn -0.0112 -0.3007 0.9537
vn -0.0116 -0.7027 0.7114
vn -0.0000 -0.0110 0.9999
vn -0.0019 -0.0110 0.9999
vn -0.0020 -0.0000 1.0000
vn -0.0116 -0.0000 0.9999
vn -0.0116 -0.0108 0.9999
vn -0.0020 -0.9993 0.0372
vn -0.0000 -0.9993 0.0376
vn -0.0114 -0.9993 0.0356
vn -0.0116 -0.9995 -0.0301
vn -0.0020 -0.9995 -0.0300
vn -0.0000 -0.9996 -0.0299
vn -0.0116 -0.9991 -0.0397
vn -0.0026 -0.9992 -0.0390
vn -0.0021 -0.9993 -0.0380
vn -0.0117 -0.9992 -0.0381
vn -0.0040 -0.9993 -0.0363
vn -0.0011 -0.9993 -0.0375
vn -0.0113 -0.9991 -0.0400
vn -0.0112 -0.9991 -0.0402
vn -0.0102 -0.9992 -0.0386
vn -0.0070 -0.9998 -0.0185
vn -0.0107 -0.9991 -0.0401
vn -0.0127 -0.9991 -0.0396
vn -0.0628 -0.9973 -0.0374
vn -0.0478 -0.9983 -0.0333
vn -0.0299 -0.9982 0.0521
vn -0.0949 -0.9946 -0.0411
vn -0.0794 -0.9961 -0.0384
vn -0.0154 -0.9991 -0.0402
vn -0.0180 -0.9989 -0.0425
vn -0.0101 -0.9991 -0.0406
vn -0.0094 -0.9990 -0.0429
vn -0.0067 0.9949 -0.1007
vn -0.0078 0.9952 -0.0980
vn -0.0042 0.9952 -0.0980
vn -0.0048 0.9949 -0.1006
vn -0.0089 0.9952 -0.0975
vn -0.0033 0.9952 -0.0974
vn -0.0116 0.9952 -0.0969
vn -0.0165 0.9951 -0.0976
vn -0.0213 0.9947 -0.1003
vn -0.0097 0.9952 -0.0972
vn -0.0029 0.9953 -0.0970
vn -0.0100 0.9961 -0.0882
vn -0.0024 0.9964 -0.0851
vn -0.0043 0.9971 -0.0753
vn -0.0075 0.9954 -0.0960
vn -0.0000 1.0000 -0.0033
vn -0.0018 1.0000 -0.0037
vn -0.0020 0.7496 0.6619
vn -0.0018 0.9979 -0.0646
vn -0.0105 0.9978 -0.0647
vn -0.0104 0.9999 -0.0051
vn -0.0112 0.7495 0.6619
vn -0.0007 0.9973 -0.0732
vn -0.0019 0.9973 -0.0737
vn -0.0018 0.9974 -0.0720
vn -0.0002 0.9974 -0.0719
vn -0.0103 0.9972 -0.0737
vn -0.0105 0.9974 -0.0720
vn -0.0000 -0.7028 0.7114
vn -0.0000 -0.3032 0.9529
vn -0.0000 -0.9993 0.0377
vn -0.0012 -0.9995 -0.0320
vn -0.0003 -0.9995 -0.0315
vn -0.0131 -0.9993 -0.0340
vn -0.0546 -0.9984 -0.0154
vn -0.0050 -1.0000 -0.0033
vn -0.0007 -1.0000 0.0001
vn -0.0000 -0.9995 -0.0312
vn 0.0003 -0.9995 -0.0315
vn -0.0000 -1.0000 0.0010
vn 0.0007 -1.0000 0.0001
vn 0.0001 -0.9993 0.0377
vn -0.0000 -0.7027 0.7114
vn -0.0076 -0.9935 0.1133
vn -0.0064 -0.9931 0.1170
vn -0.0543 -0.9918 0.1160
vn -0.0628 -0.9917 0.1120
vn -0.0051 -0.9927 0.1204
vn -0.0439 -0.9919 0.1193
vn -0.7828 -0.6180 0.0731
vn -0.8350 -0.5467 0.0615
vn -0.8684 -0.4932 0.0508
vn -0.0340 -0.9893 0.1422
vn -0.7220 -0.6850 0.0981
vn -0.0041 -0.9894 0.1452
vn -0.0034 -0.6140 0.7893
vn -0.0208 -0.6141 0.7890
vn -0.5048 -0.5282 0.6827
vn -0.4621 0.6163 0.6376
vn -0.0185 0.6940 0.7198
vn -0.0293 0.9898 0.1391
vn -0.6706 0.7349 0.1006
vn -0.0030 0.6942 0.7198
vn -0.0035 0.9898 0.1424
vn -0.0052 0.9924 0.1229
vn -0.0449 0.9916 0.1212
vn -0.7902 0.6087 0.0713
vn -0.9119 0.4083 0.0411
vn -0.8703 0.4894 0.0547
vn -0.0633 0.9910 0.1183
vn -0.0796 0.9903 0.1143
vn -0.0075 0.9927 0.1201
vn -0.0096 0.9931 0.1165
vn -0.0001 0.9975 -0.0712
vn -0.0019 0.9974 -0.0715
vn -0.0000 0.9975 -0.0711
vn -0.0001 0.9977 -0.0680
vn -0.0007 0.9977 -0.0685
vn -0.0080 0.9975 -0.0702
vn -0.0000 0.7497 0.6618
vn 0.6171 -0.0556 0.7849
vn 0.9977 -0.0581 0.0342
vn 0.9977 -0.0581 0.0355
vn 0.5959 -0.0555 0.8011
vn 0.9987 -0.0496 0.0071
vn 0.9989 -0.0473 0.0049
vn 0.9942 -0.1072 0.0024
vn 0.9901 -0.1346 0.0388
vn 0.5514 -0.2018 0.8095
vn 0.9975 -0.0706 -0.0045
vn 0.9963 -0.0854 -0.0009
vn 0.9993 -0.0383 0.0012
vn 0.9995 -0.0317 -0.0027
vn 0.9991 -0.0413 0.0031
vn 0.9994 -0.0355 -0.0011
vn -0.6171 -0.0556 0.7849
vn -0.0283 -0.0415 0.9987
vn -0.0293 -0.0336 0.9990
vn -0.5959 -0.0555 0.8011
vn -0.0033 -0.0418 0.9991
vn -0.0032 -0.0316 0.9995
vn -0.0029 -0.0678 0.9977
vn -0.0320 -0.0741 0.9967
vn -0.5514 -0.2018 0.8095
vn -0.9977 -0.0581 0.0355
vn -0.9977 -0.0581 0.0342
vn -0.9901 -0.1346 0.0388
vn -0.9942 -0.1072 0.0024
vn -0.9989 -0.0473 0.0049
vn -0.9987 -0.0496 0.0071
vn -0.9994 -0.0355 -0.0011
vn -0.9991 -0.0413 0.0031
vn -0.9993 -0.0382 0.0012
vn -0.9995 -0.0317 -0.0028
vn -0.9963 -0.0854 -0.0009
vn -0.9975 -0.0706 -0.0045
vn -0.2162 0.9542 0.2066
vn -0.0215 0.8158 0.5779
vn -0.0303 0.2118 0.9768
vn -0.5824 0.3614 0.7281
vn -0.0024 0.7670 0.6416
vn -0.0033 0.1820 0.9833
vn -0.0034 0.0285 0.9996
vn -0.0292 0.0310 0.9991
vn -0.6255 0.0519 0.7785
vn -0.6310 0.0434 0.7746
vn -0.6286 0.0172 0.7776
vn -0.0290 0.0124 0.9995
vn -0.0285 0.0386 0.9988
vn -0.0034 0.0123 0.9999
vn -0.0034 0.0404 0.9992
vn 0.2161 0.9542 0.2066
vn 0.4401 0.8954 -0.0671
vn 0.9514 0.3079 0.0034
vn 0.5824 0.3615 0.7281
vn 0.6004 0.7965 -0.0714
vn 0.9774 0.2107 -0.0147
vn 0.9994 0.0339 0.0009
vn 0.9985 0.0484 0.0257
vn 0.6255 0.0519 0.7785
vn 0.9998 0.0195 -0.0051
vn 0.9997 0.0246 -0.0017
vn 0.9881 0.1534 -0.0131
vn 0.9923 0.1229 -0.0146
vn 0.7307 0.6797 -0.0631
vn 0.8070 0.5876 -0.0591
vn 0.9998 0.0172 -0.0026
vn 0.9998 0.0215 0.0014
vn 1.0000 0.0083 -0.0001
vn 1.0000 0.0064 -0.0038
vn 0.9996 0.0288 0.0050
vn 0.9999 0.0114 0.0030
vn 0.6310 0.0435 0.7746
vn 0.6286 0.0171 0.7776
vn 0.9995 0.0160 0.0285
vn 0.9988 0.0388 0.0299
vn -0.8070 0.5876 -0.0591
vn -0.7307 0.6797 -0.0631
vn -0.9881 0.1534 -0.0131
vn -0.9923 0.1229 -0.0146
vn -0.6004 0.7965 -0.0714
vn -0.9774 0.2107 -0.0147
vn -0.9994 0.0338 0.0009
vn -0.9997 0.0246 -0.0017
vn -0.9998 0.0195 -0.0051
vn -0.9985 0.0484 0.0257
vn -0.9514 0.3079 0.0034
vn -0.4401 0.8954 -0.0671
vn 0.0060 -0.9996 -0.0271
vn 0.0484 -0.9984 -0.0287
vn 0.0496 -0.9980 -0.0404
vn 0.0062 -0.9993 -0.0380
vn 0.6152 -0.7871 -0.0449
vn 0.6190 -0.7829 -0.0629
vn 0.6201 -0.7691 -0.1549
vn 0.0497 -0.9935 -0.1021
vn 0.0062 -0.9955 -0.0947
vn 0.1079 -0.9937 -0.0308
vn 0.0198 -0.9994 -0.0277
vn 0.0196 -0.9991 -0.0386
vn 0.1065 -0.9934 -0.0427
vn 0.0198 -0.9954 -0.0940
vn 0.1072 -0.9890 -0.1020
vn 0.0264 0.9934 -0.1114
vn 0.0052 0.9937 -0.1119
vn 0.0051 0.9990 -0.0449
vn 0.0263 0.9986 -0.0458
vn 0.0035 0.9934 -0.1150
vn 0.0035 0.9990 -0.0451
vn 0.0034 0.9995 -0.0320
vn 0.0052 0.9995 -0.0321
vn 0.0267 0.9991 -0.0329
vn 0.0275 0.9985 -0.0465
vn 0.0267 0.9991 -0.0328
vn 0.0279 0.9923 -0.1208
vn 0.4072 0.8994 -0.1587
vn 0.4013 0.9138 -0.0628
vn 0.3957 0.9173 -0.0446
vn 0.9929 -0.1113 -0.0417
vn 0.9991 -0.0142 -0.0394
vn 0.9984 -0.0138 -0.0551
vn 0.9922 -0.1106 -0.0583
vn 0.9992 0.0003 -0.0389
vn 0.9985 0.0007 -0.0545
vn 0.9909 0.0023 -0.1344
vn 0.9907 -0.0117 -0.1359
vn 0.9841 -0.1053 -0.1429
vn 0.9212 -0.3837 -0.0645
vn 0.9211 -0.3866 -0.0461
vn 0.9149 -0.3713 -0.1583
vn -0.0060 -0.9996 -0.0272
vn -0.0198 -0.9994 -0.0277
vn -0.0196 -0.9991 -0.0386
vn -0.0062 -0.9993 -0.0380
vn -0.1079 -0.9937 -0.0308
vn -0.1065 -0.9934 -0.0427
vn -0.1072 -0.9890 -0.1020
vn -0.0198 -0.9954 -0.0940
vn -0.0062 -0.9955 -0.0947
vn -0.9929 -0.1113 -0.0417
vn -0.9211 -0.3866 -0.0461
vn -0.9212 -0.3837 -0.0645
vn -0.9922 -0.1106 -0.0583
vn -0.6152 -0.7871 -0.0449
vn -0.6190 -0.7829 -0.0629
vn -0.6201 -0.7691 -0.1549
vn -0.9149 -0.3713 -0.1583
vn -0.9841 -0.1053 -0.1429
vn -0.9984 -0.0138 -0.0551
vn -0.9991 -0.0142 -0.0394
vn -0.9907 -0.0117 -0.1359
vn -0.9909 0.0023 -0.1344
vn -0.9985 0.0007 -0.0544
vn -0.9992 0.0003 -0.0389
vn -0.0267 0.9991 -0.0329
vn -0.0052 0.9995 -0.0321
vn -0.0051 0.9990 -0.0449
vn -0.0263 0.9986 -0.0458
vn -0.0034 0.9995 -0.0320
vn -0.0035 0.9990 -0.0451
vn -0.0035 0.9934 -0.1150
vn -0.0052 0.9937 -0.1119
vn -0.0264 0.9934 -0.1114
vn 0.9905 -0.0633 -0.1223
vn 0.9921 -0.0275 -0.1222
vn 0.9984 -0.0283 -0.0498
vn 0.9967 -0.0640 -0.0508
vn 0.9916 -0.0285 -0.1265
vn 0.9983 -0.0295 -0.0503
vn 0.9989 -0.0295 -0.0358
vn 0.9990 -0.0284 -0.0357
vn 0.9972 -0.0646 -0.0365
vn -0.0094 -0.9900 -0.1406
vn -0.0791 -0.9851 -0.1526
vn -0.0803 -0.9950 -0.0591
vn -0.0095 -0.9984 -0.0557
vn -0.9015 -0.3995 -0.1667
vn -0.9118 -0.4052 -0.0665
vn -0.9136 -0.4038 -0.0473
vn -0.0800 -0.9959 -0.0418
vn -0.0095 -0.9992 -0.0396
vn -0.9989 -0.0295 -0.0358
vn -0.9983 -0.0295 -0.0503
vn -0.9984 -0.0283 -0.0499
vn -0.9990 -0.0284 -0.0357
vn -0.9916 -0.0285 -0.1265
vn -0.9921 -0.0275 -0.1222
vn -0.9905 -0.0633 -0.1223
vn -0.9967 -0.0640 -0.0508
vn -0.9972 -0.0646 -0.0365
vn -0.9992 0.0161 -0.0355
vn -0.9942 0.1006 -0.0380
vn -0.9936 0.0994 -0.0529
vn -0.9987 0.0159 -0.0494
vn -0.8589 0.5100 -0.0465
vn -0.8585 0.5087 -0.0648
vn -0.8493 0.5037 -0.1580
vn -0.9868 0.0994 -0.1278
vn -0.9926 0.0159 -0.1205
vn -0.9988 0.0050 -0.0491
vn -0.9994 0.0050 -0.0351
vn -0.9925 0.0050 -0.1221
vn -0.9920 0.0122 -0.1259
vn -0.9987 0.0124 -0.0497
vn -0.9993 0.0122 -0.0354
vn -0.0129 0.9991 -0.0397
vn -0.1090 0.9931 -0.0427
vn -0.1091 0.9922 -0.0603
vn -0.0130 0.9984 -0.0558
vn -0.9504 0.3078 -0.0449
vn -0.9488 0.3096 -0.0631
vn -0.9386 0.3065 -0.1584
vn -0.1072 0.9820 -0.1557
vn -0.0127 0.9899 -0.1410
vn -0.0000 0.9985 -0.0553
vn -0.0000 0.9992 -0.0394
vn -0.0000 0.9905 -0.1373
vn 0.0127 0.9899 -0.1410
vn 0.0130 0.9984 -0.0558
vn 0.0129 0.9991 -0.0397
vn 0.9926 0.0159 -0.1205
vn 0.9868 0.0994 -0.1278
vn 0.9936 0.0994 -0.0529
vn 0.9987 0.0159 -0.0494
vn 0.8493 0.5037 -0.1580
vn 0.8585 0.5087 -0.0648
vn 0.8589 0.5100 -0.0465
vn 0.9942 0.1006 -0.0380
vn 0.9992 0.0161 -0.0355
vn 0.9860 0.1608 -0.0439
vn 0.8214 0.5681 -0.0502
vn 0.8241 0.5620 -0.0706
vn 0.9854 0.1588 -0.0617
vn 0.8237 0.5384 -0.1779
vn 0.9771 0.1464 -0.1547
vn 0.9983 0.0174 -0.0562
vn 0.9990 0.0183 -0.0400
vn 0.9898 0.0117 -0.1417
vn 0.9903 -0.0060 -0.1385
vn 0.9985 -0.0015 -0.0551
vn 0.9992 -0.0005 -0.0393
vn 0.9726 0.2316 -0.0200
vn 0.9691 0.2454 -0.0233
vn 0.9984 0.0568 -0.0048
vn 0.9981 0.0608 -0.0056
vn 0.9979 0.0650 -0.0061
vn 0.9647 0.2621 -0.0250
vn 1.0000 0.0067 -0.0006
vn 1.0000 0.0074 -0.0007
vn 1.0000 0.0077 -0.0007
vn 0.9965 0.0830 -0.0115
vn 0.9973 0.0725 -0.0074
vn 1.0000 0.0085 -0.0013
vn 0.9999 0.0095 -0.0044
vn 1.0000 -0.0001 -0.0035
vn 0.9564 0.2908 -0.0284
vn 0.9432 0.3302 -0.0359
vn 0.8249 -0.0000 0.5652
vn 0.9987 -0.0000 0.0510
vn 0.9987 0.0060 0.0508
vn 0.8243 0.0070 0.5661
vn 1.0000 -0.0000 0.0066
vn 1.0000 0.0061 0.0062
vn 0.9986 0.0521 0.0028
vn 0.9977 0.0504 0.0462
vn 0.8241 0.0594 0.5633
vn 0.9985 0.0542 -0.0038
vn 0.9986 0.0535 -0.0026
vn 1.0000 0.0062 0.0007
vn 1.0000 0.0063 -0.0004
vn 0.9755 0.2194 -0.0146
vn 0.9749 0.2221 -0.0160
vn 0.9765 0.2154 -0.0090
vn 0.9780 0.2065 0.0300
vn 0.8122 0.2105 0.5442
vn 0.0113 0.0737 0.9972
vn 0.0115 0.0085 0.9999
vn 0.0912 0.0083 0.9958
vn 0.0884 0.0714 0.9935
vn 0.0918 -0.0000 0.9958
vn 0.0113 0.3033 0.9528
vn 0.0787 0.2937 0.9526
vn -0.0000 0.0088 1.0000
vn -0.0000 0.0753 0.9972
vn -0.0000 0.3065 0.9519
vn -0.0000 0.3064 0.9519
vn -0.0019 0.3058 0.9521
vn -0.0113 0.3032 0.9529
vn -0.0113 0.0737 0.9972
vn -0.0019 0.0749 0.9972
vn -0.0115 0.0086 0.9999
vn -0.0019 0.0087 1.0000
vn -0.7267 0.5157 0.4538
vn -0.8072 0.5903 -0.0014
vn -0.9780 0.2065 0.0300
vn -0.8122 0.2104 0.5442
vn -0.8037 0.5939 -0.0360
vn -0.9765 0.2153 -0.0090
vn -0.9986 0.0521 0.0028
vn -0.9977 0.0504 0.0462
vn -0.8241 0.0594 0.5633
vn -0.9755 0.2194 -0.0146
vn -0.9986 0.0534 -0.0026
vn -0.7995 0.5992 -0.0423
vn -0.7948 0.6052 -0.0441
vn -0.9749 0.2221 -0.0160
vn -0.9985 0.0542 -0.0038
vn -1.0000 0.0062 0.0007
vn -1.0000 0.0063 -0.0004
vn -1.0000 -0.0000 0.0066
vn -1.0000 0.0061 0.0062
vn -0.9987 0.0060 0.0508
vn -0.8243 0.0070 0.5661
vn -0.9987 -0.0000 0.0510
vn -0.8249 -0.0000 0.5652
vn -0.9965 0.0831 -0.0115
vn -0.9973 0.0725 -0.0074
vn -0.9564 0.2908 -0.0284
vn -0.9432 0.3303 -0.0359
vn -0.9979 0.0650 -0.0061
vn -0.9647 0.2621 -0.0250
vn -0.7431 0.6661 -0.0645
vn -0.7016 0.7091 -0.0694
vn -0.6475 0.7580 -0.0780
vn -1.0000 -0.0001 -0.0036
vn -1.0000 0.0085 -0.0013
vn -0.9999 0.0095 -0.0044
vn -1.0000 0.0077 -0.0007
vn -1.0000 0.0073 -0.0007
vn -0.9981 0.0608 -0.0056
vn -1.0000 0.0067 -0.0005
vn -0.9984 0.0568 -0.0048
vn -0.9691 0.2454 -0.0233
vn -0.7680 0.6375 -0.0615
vn -0.9726 0.2316 -0.0200
vn -0.7833 0.6193 -0.0541
vn -0.9860 0.1608 -0.0439
vn -0.9990 0.0183 -0.0400
vn -0.9983 0.0174 -0.0562
vn -0.9854 0.1588 -0.0617
vn -0.9992 -0.0005 -0.0393
vn -0.9985 -0.0015 -0.0552
vn -0.9903 -0.0060 -0.1385
vn -0.9899 0.0117 -0.1416
vn -0.9771 0.1464 -0.1547
vn -0.8241 0.5621 -0.0706
vn -0.8214 0.5681 -0.0502
vn -0.8237 0.5384 -0.1779
vn -0.4072 0.8994 -0.1587
vn -0.4012 0.9138 -0.0628
vn -0.3957 0.9173 -0.0446
vn -0.9996 -0.0000 -0.0272
vn -0.9996 -0.0037 -0.0275
vn -0.9999 -0.0008 -0.0108
vn -0.9999 -0.0000 -0.0107
vn -0.9996 -0.0082 -0.0286
vn -0.9999 -0.0020 -0.0115
vn -1.0000 -0.0007 -0.0080
vn -1.0000 -0.0003 -0.0077
vn -1.0000 -0.0000 -0.0076
vn -0.9994 -0.0149 -0.0306
vn -0.9999 -0.0035 -0.0122
vn -0.9991 -0.0270 -0.0337
vn -0.9999 -0.0065 -0.0135
vn -1.0000 -0.0020 -0.0095
vn -1.0000 -0.0012 -0.0086
vn -1.0000 -0.0020 -0.0067
vn -1.0000 -0.0003 -0.0011
vn -1.0000 -0.0004 -0.0011
vn -1.0000 -0.0032 -0.0063
vn -1.0000 -0.0006 -0.0010
vn -1.0000 -0.0047 -0.0058
vn -1.0000 -0.0000 -0.0071
vn -1.0000 -0.0000 -0.0012
vn -1.0000 -0.0001 -0.0012
vn -1.0000 -0.0010 -0.0070
vn -0.8262 -0.0000 0.5634
vn -0.9987 -0.0000 0.0502
vn -1.0000 -0.0000 0.0064
vn 0.0923 -0.0000 0.9957
vn 0.0922 -0.0000 0.9957
vn 0.8262 -0.0000 0.5634
vn 0.8262 -0.0000 0.5633
vn 0.9987 -0.0000 0.0502
vn 1.0000 -0.0000 0.0064
vn 1.0000 -0.0020 -0.0067
vn 1.0000 -0.0003 -0.0011
vn 1.0000 -0.0001 -0.0012
vn 1.0000 -0.0010 -0.0070
vn 1.0000 -0.0000 -0.0012
vn 1.0000 -0.0000 -0.0070
vn 1.0000 -0.0047 -0.0058
vn 1.0000 -0.0006 -0.0010
vn 1.0000 -0.0004 -0.0011
vn 1.0000 -0.0032 -0.0063
vn 0.9991 -0.0270 -0.0337
vn 0.9994 -0.0149 -0.0306
vn 0.9999 -0.0035 -0.0122
vn 0.9999 -0.0065 -0.0135
vn 0.9996 -0.0082 -0.0286
vn 0.9999 -0.0020 -0.0115
vn 1.0000 -0.0007 -0.0080
vn 1.0000 -0.0012 -0.0086
vn 1.0000 -0.0020 -0.0095
vn 0.9996 -0.0037 -0.0275
vn 0.9999 -0.0009 -0.0109
vn 0.9996 -0.0000 -0.0272
vn 0.9999 -0.0000 -0.0107
vn 1.0000 -0.0000 -0.0076
vn 1.0000 -0.0003 -0.0077
vn -0.9998 -0.0114 -0.0157
vn -0.9999 -0.0037 -0.0112
vn -0.9982 -0.0462 -0.0381
vn -0.9962 -0.0742 -0.0454
vn -0.9996 -0.0186 -0.0192
vn -0.9999 -0.0064 -0.0140
vn -0.9921 -0.1120 -0.0565
vn -0.9993 -0.0283 -0.0244
vn -0.9871 -0.1430 -0.0721
vn -0.9989 -0.0360 -0.0316
vn -0.9996 -0.0140 -0.0237
vn -0.9998 -0.0102 -0.0180
vn -0.9999 -0.0088 -0.0052
vn -1.0000 -0.0011 -0.0008
vn -1.0000 -0.0012 -0.0008
vn -0.9999 -0.0104 -0.0049
vn -1.0000 -0.0013 -0.0007
vn -0.9999 -0.0107 -0.0047
vn -1.0000 -0.0009 -0.0009
vn -1.0000 -0.0068 -0.0055
vn 0.9999 -0.0088 -0.0052
vn 1.0000 -0.0011 -0.0008
vn 1.0000 -0.0009 -0.0009
vn 1.0000 -0.0068 -0.0055
vn 0.9999 -0.0107 -0.0047
vn 1.0000 -0.0013 -0.0007
vn 1.0000 -0.0012 -0.0008
vn 0.9999 -0.0104 -0.0049
vn 0.9871 -0.1430 -0.0721
vn 0.9921 -0.1120 -0.0565
vn 0.9993 -0.0284 -0.0244
vn 0.9989 -0.0360 -0.0316
vn 0.9962 -0.0742 -0.0454
vn 0.9996 -0.0186 -0.0192
vn 0.9999 -0.0064 -0.0140
vn 0.9998 -0.0102 -0.0180
vn 0.9996 -0.0141 -0.0238
vn 0.9982 -0.0462 -0.0381
vn 0.9998 -0.0114 -0.0157
vn 0.9999 -0.0037 -0.0112
vn 0.9999 0.0009 -0.0109
vn 1.0000 0.0003 -0.0077
vn 0.9996 0.0037 -0.0275
vn 0.9996 0.0082 -0.0286
vn 0.9999 0.0019 -0.0113
vn 1.0000 0.0007 -0.0080
vn 0.9994 0.0149 -0.0306
vn 0.9999 0.0035 -0.0122
vn 0.9991 0.0270 -0.0337
vn 0.9999 0.0064 -0.0135
vn 1.0000 0.0020 -0.0095
vn 1.0000 0.0012 -0.0086
vn 1.0000 0.0020 -0.0067
vn 1.0000 0.0003 -0.0011
vn 1.0000 0.0004 -0.0011
vn 1.0000 0.0032 -0.0063
vn 1.0000 0.0006 -0.0010
vn 1.0000 0.0047 -0.0058
vn 1.0000 0.0001 -0.0012
vn 1.0000 0.0010 -0.0070
vn 0.0020 -0.0000 1.0000
vn -1.0000 0.0020 -0.0067
vn -1.0000 0.0003 -0.0011
vn -1.0000 0.0001 -0.0012
vn -1.0000 0.0010 -0.0070
vn -1.0000 0.0047 -0.0058
vn -1.0000 0.0006 -0.0010
vn -1.0000 0.0004 -0.0011
vn -1.0000 0.0032 -0.0063
vn -0.9991 0.0270 -0.0337
vn -0.9994 0.0149 -0.0306
vn -0.9999 0.0035 -0.0122
vn -0.9999 0.0064 -0.0135
vn -0.9996 0.0082 -0.0286
vn -0.9999 0.0019 -0.0113
vn -1.0000 0.0007 -0.0080
vn -1.0000 0.0012 -0.0086
vn -1.0000 0.0020 -0.0095
vn -0.9996 0.0037 -0.0275
vn -0.9999 0.0008 -0.0108
vn -1.0000 0.0003 -0.0077
vn 0.9998 0.0113 -0.0157
vn 0.9999 0.0037 -0.0112
vn 0.9982 0.0462 -0.0381
vn 0.9962 0.0741 -0.0454
vn 0.9996 0.0185 -0.0192
vn 0.9999 0.0064 -0.0140
vn 0.9922 0.1112 -0.0567
vn 0.9993 0.0281 -0.0244
vn 0.9874 0.1404 -0.0724
vn 0.9989 0.0352 -0.0316
vn 0.9996 0.0138 -0.0238
vn 0.9998 0.0101 -0.0180
vn 0.9999 0.0088 -0.0052
vn 1.0000 0.0011 -0.0008
vn 1.0000 0.0012 -0.0008
vn 0.9999 0.0105 -0.0049
vn 1.0000 0.0013 -0.0007
vn 0.9999 0.0108 -0.0048
vn 1.0000 0.0009 -0.0009
vn 1.0000 0.0068 -0.0055
vn 0.9987 0.0001 0.0502
vn -0.9999 0.0089 -0.0052
vn -1.0000 0.0011 -0.0008
vn -1.0000 0.0009 -0.0009
vn -1.0000 0.0068 -0.0055
vn -0.9999 0.0107 -0.0048
vn -1.0000 0.0013 -0.0007
vn -1.0000 0.0012 -0.0008
vn -0.9999 0.0105 -0.0049
vn -0.9874 0.1404 -0.0724
vn -0.9922 0.1112 -0.0567
vn -0.9993 0.0281 -0.0244
vn -0.9989 0.0352 -0.0316
vn -0.9962 0.0741 -0.0454
vn -0.9996 0.0185 -0.0192
vn -0.9999 0.0064 -0.0140
vn -0.9998 0.0101 -0.0180
vn -0.9996 0.0138 -0.0238
vn -0.9982 0.0462 -0.0381
vn -0.9998 0.0113 -0.0157
vn -0.9999 0.0038 -0.0113
vn 0.0037 -0.5503 -0.8350
vn 0.0029 -0.4367 -0.8996
vn 0.0220 -0.4214 -0.9066
vn 0.0293 -0.5388 -0.8419
vn 0.0026 -0.3922 -0.9199
vn 0.0197 -0.3709 -0.9285
vn 0.1471 -0.1980 -0.9691
vn 0.1632 -0.2239 -0.9608
vn 0.2214 -0.2860 -0.9323
vn 0.0074 -0.8837 -0.4681
vn 0.0053 -0.7179 -0.6961
vn 0.0422 -0.7095 -0.7035
vn 0.0589 -0.8782 -0.4747
vn 0.3374 -0.3915 -0.8561
vn 0.5190 -0.5360 -0.6658
vn 0.2002 -0.1131 -0.9732
vn 0.2216 -0.1325 -0.9661
vn 0.2229 -0.0637 -0.9728
vn 0.2458 -0.0803 -0.9660
vn 0.3346 -0.0983 -0.9372
vn 0.3011 -0.1661 -0.9390
vn 0.2151 -0.0454 -0.9755
vn 0.2405 -0.0614 -0.9687
vn 0.1818 -0.0426 -0.9824
vn 0.2084 -0.0588 -0.9763
vn 0.3071 -0.0707 -0.9490
vn 0.3358 -0.0739 -0.9390
vn 0.5205 -0.0786 -0.8502
vn 0.5089 -0.1150 -0.8531
vn 0.4995 -0.0741 -0.8632
vn 0.7704 -0.0594 -0.6347
vn 0.7785 -0.0668 -0.6240
vn 0.7605 -0.1218 -0.6379
vn 0.4591 -0.2153 -0.8619
vn 0.6986 -0.2731 -0.6614
vn 0.0216 0.9320 -0.3619
vn 0.0097 0.9299 -0.3676
vn 0.0203 0.9295 -0.3682
vn 0.0330 0.9306 -0.3646
vn 0.0031 0.9007 -0.4344
vn 0.0146 0.9007 -0.4341
vn 0.0535 0.8997 -0.4333
vn 0.0564 0.9280 -0.3683
vn 0.0714 0.9276 -0.3668
vn 0.0005 0.8363 -0.5483
vn 0.0135 0.8367 -0.5475
vn 0.0152 0.7078 -0.7062
vn 0.0672 0.7071 -0.7039
vn 0.0580 0.8359 -0.5459
vn 0.1561 0.8274 -0.5395
vn 0.1394 0.8922 -0.4296
vn 0.1818 0.6975 -0.6931
vn 0.4295 0.6391 -0.6381
vn 0.3742 0.7755 -0.5085
vn 0.3330 0.8486 -0.4111
vn 0.1360 0.9205 -0.3663
vn 0.1560 0.9174 -0.3661
vn 0.3152 0.8810 -0.3529
vn 0.3412 0.8725 -0.3498
vn -0.0000 0.5241 -0.8517
vn 0.0168 0.5246 -0.8512
vn -0.0000 0.3417 -0.9398
vn 0.0174 0.3421 -0.9395
vn 0.0768 0.3413 -0.9368
vn 0.0745 0.5237 -0.8486
vn -0.0000 0.1679 -0.9858
vn 0.0174 0.1679 -0.9857
vn 0.0176 -0.0000 -0.9998
vn 0.0772 -0.0000 -0.9970
vn 0.0772 0.1675 -0.9828
vn 0.2080 0.1643 -0.9642
vn 0.2071 0.3349 -0.9192
vn 0.2079 -0.0000 -0.9781
vn 0.4802 -0.0000 -0.8772
vn 0.4804 0.1469 -0.8647
vn 0.4789 0.2996 -0.8251
vn 0.2009 0.5147 -0.8335
vn 0.4673 0.4632 -0.7530
vn 0.2082 -0.1643 -0.9642
vn 0.4806 -0.1469 -0.8646
vn 0.0774 -0.1675 -0.9828
vn 0.0774 -0.3412 -0.9368
vn 0.2076 -0.3348 -0.9191
vn 0.4793 -0.2995 -0.8250
vn 0.0177 -0.1680 -0.9856
vn 0.0002 -0.1679 -0.9858
vn 0.0005 -0.3418 -0.9398
vn 0.0179 -0.3420 -0.9395
vn 0.0177 -0.5245 -0.8512
vn 0.0754 -0.5236 -0.8486
vn 0.0009 -0.5241 -0.8517
vn 0.0013 -0.7071 -0.7071
vn 0.0166 -0.7078 -0.7062
vn 0.0686 -0.7070 -0.7038
vn 0.2018 -0.5146 -0.8334
vn 0.4680 -0.4630 -0.7527
vn 0.1831 -0.6974 -0.6929
vn 0.4306 -0.6387 -0.6377
vn 0.0020 -0.8365 -0.5480
vn 0.0151 -0.8370 -0.5471
vn 0.0045 -0.9012 -0.4334
vn 0.0159 -0.9012 -0.4331
vn 0.0547 -0.9001 -0.4322
vn 0.0595 -0.8360 -0.5455
vn 0.0110 -0.9309 -0.3650
vn 0.0216 -0.9305 -0.3656
vn 0.0230 -0.9343 -0.3558
vn 0.0342 -0.9329 -0.3585
vn 0.0722 -0.9299 -0.3607
vn 0.0575 -0.9289 -0.3657
vn 0.1368 -0.9214 -0.3637
vn 0.1406 -0.8926 -0.4284
vn 0.1560 -0.9198 -0.3602
vn 0.3396 -0.8752 -0.3445
vn 0.3153 -0.8819 -0.3504
vn 0.3337 -0.8489 -0.4099
vn 0.1575 -0.8274 -0.5391
vn 0.3754 -0.7753 -0.5079
vn 0.7394 -0.0246 -0.6729
vn 0.4079 -0.0346 -0.9124
vn 0.4151 -0.0298 -0.9093
vn 0.7439 -0.0155 -0.6682
vn 0.1780 -0.0390 -0.9833
vn 0.1847 -0.0369 -0.9821
vn 0.1729 -0.0214 -0.9847
vn 0.3893 0.0045 -0.9211
vn 0.7139 0.0483 -0.6986
vn 0.0620 -0.0417 -0.9972
vn 0.0677 -0.0409 -0.9969
vn 0.0257 -0.0444 -0.9987
vn 0.0302 -0.0438 -0.9986
vn 0.0303 -0.0404 -0.9987
vn 0.0646 -0.0349 -0.9973
vn 0.0527 -0.0164 -0.9985
vn 0.1411 0.0252 -0.9897
vn 0.0243 -0.0313 -0.9992
vn 0.0146 -0.0184 -0.9997
vn 0.0301 0.0103 -0.9995
vn 0.0824 0.0939 -0.9922
vn 0.3221 0.1066 -0.9407
vn 0.6153 0.2398 -0.7509
vn 0.1916 0.2571 -0.9472
vn 0.3742 0.5160 -0.7705
vn 0.0015 -0.0019 -1.0000
vn 0.0030 0.0574 -0.9983
vn 0.0003 -0.0004 -1.0000
vn 0.0003 0.0518 -0.9987
vn 0.0010 0.2002 -0.9797
vn 0.0084 0.2122 -0.9772
vn 0.0003 0.0407 -0.9992
vn 0.0011 0.1749 -0.9846
vn 0.0013 0.0296 -0.9996
vn 0.0049 0.1485 -0.9889
vn 0.0189 0.7168 -0.6970
vn 0.0041 0.7476 -0.6641
vn 0.0026 0.4269 -0.9043
vn 0.0114 0.3857 -0.9225
vn 0.0043 0.7746 -0.6324
vn 0.0023 0.4649 -0.8853
vn 0.0193 0.4804 -0.8768
vn 0.0348 0.7839 -0.6200
vn 0.0232 0.0034 -0.9997
vn 0.0201 0.0127 -0.9997
vn 0.0291 0.0007 -0.9996
vn 0.1432 0.0028 -0.9897
vn 0.1244 0.0148 -0.9921
vn 0.0964 0.0586 -0.9936
vn 0.0373 0.0002 -0.9993
vn 0.1629 0.0009 -0.9866
vn 0.0449 0.0004 -0.9990
vn 0.1803 0.0019 -0.9836
vn 0.7761 0.0106 -0.6305
vn 0.7560 0.0039 -0.6546
vn 0.4119 0.0022 -0.9112
vn 0.4394 0.0053 -0.8983
vn 0.7282 0.0116 -0.6853
vn 0.3785 0.0067 -0.9256
vn 0.3397 0.0372 -0.9398
vn 0.2576 0.1547 -0.9538
vn 0.6862 0.0694 -0.7241
vn 0.5352 0.3179 -0.7826
vn -0.0017 0.1631 -0.9866
vn -0.0003 0.0396 -0.9992
vn -0.0042 0.0446 -0.9990
vn -0.0164 0.1712 -0.9851
vn -0.0321 0.0099 -0.9994
vn -0.1314 0.0431 -0.9904
vn -0.0093 0.7847 -0.6198
vn -0.0046 0.4169 -0.9090
vn -0.0415 0.4277 -0.9029
vn -0.0783 0.7919 -0.6056
vn -0.3332 0.1142 -0.9359
vn -0.6536 0.2353 -0.7193
vn -0.1432 0.0028 -0.9897
vn -0.0291 0.0007 -0.9996
vn -0.0233 0.0035 -0.9997
vn -0.1244 0.0148 -0.9921
vn -0.0201 0.0127 -0.9997
vn -0.0965 0.0586 -0.9936
vn -0.7282 0.0116 -0.6853
vn -0.3785 0.0067 -0.9256
vn -0.3397 0.0372 -0.9398
vn -0.6862 0.0695 -0.7241
vn -0.2576 0.1547 -0.9538
vn -0.5352 0.3179 -0.7826
vn -0.0189 0.7168 -0.6970
vn -0.0114 0.3857 -0.9226
vn -0.0026 0.4269 -0.9043
vn -0.0041 0.7476 -0.6641
vn -0.0049 0.1485 -0.9889
vn -0.0011 0.1748 -0.9846
vn -0.0010 0.2002 -0.9798
vn -0.0023 0.4649 -0.8853
vn -0.0043 0.7746 -0.6324
vn -0.0013 0.0296 -0.9996
vn -0.0003 0.0407 -0.9992
vn -0.0001 -0.0001 -1.0000
vn -0.0003 0.0518 -0.9987
vn -0.0146 -0.0184 -0.9997
vn -0.0242 -0.0312 -0.9992
vn -0.0527 -0.0164 -0.9985
vn -0.0301 0.0103 -0.9995
vn -0.0303 -0.0403 -0.9987
vn -0.0646 -0.0349 -0.9973
vn -0.1729 -0.0214 -0.9847
vn -0.1411 0.0253 -0.9897
vn -0.0824 0.0939 -0.9922
vn -0.0303 -0.0438 -0.9986
vn -0.0677 -0.0409 -0.9969
vn -0.0256 -0.0443 -0.9987
vn -0.0620 -0.0417 -0.9972
vn -0.1779 -0.0390 -0.9833
vn -0.1847 -0.0369 -0.9821
vn -0.4151 -0.0298 -0.9093
vn -0.3893 0.0045 -0.9211
vn -0.4079 -0.0346 -0.9124
vn -0.7394 -0.0246 -0.6729
vn -0.7439 -0.0155 -0.6681
vn -0.7139 0.0483 -0.6986
vn -0.3221 0.1066 -0.9407
vn -0.1916 0.2571 -0.9472
vn -0.6153 0.2398 -0.7509
vn -0.3742 0.5160 -0.7705
vn -0.0230 -0.9343 -0.3558
vn -0.0110 -0.9309 -0.3650
vn -0.0216 -0.9305 -0.3656
vn -0.0342 -0.9329 -0.3585
vn -0.0045 -0.9011 -0.4335
vn -0.0159 -0.9012 -0.4331
vn -0.0548 -0.9001 -0.4322
vn -0.0575 -0.9289 -0.3657
vn -0.0722 -0.9299 -0.3607
vn -0.0020 -0.8365 -0.5480
vn -0.0151 -0.8370 -0.5471
vn -0.0014 -0.7071 -0.7071
vn -0.0168 -0.7078 -0.7062
vn -0.0687 -0.7070 -0.7038
vn -0.0595 -0.8360 -0.5455
vn -0.1575 -0.8274 -0.5391
vn -0.1405 -0.8926 -0.4284
vn -0.1831 -0.6974 -0.6929
vn -0.4306 -0.6387 -0.6377
vn -0.3754 -0.7753 -0.5079
vn -0.3337 -0.8489 -0.4099
vn -0.1368 -0.9214 -0.3637
vn -0.1559 -0.9198 -0.3602
vn -0.3153 -0.8819 -0.3504
vn -0.3396 -0.8752 -0.3445
vn -0.0009 -0.5241 -0.8517
vn -0.0178 -0.5245 -0.8512
vn -0.0005 -0.3417 -0.9398
vn -0.0179 -0.3420 -0.9395
vn -0.0773 -0.3412 -0.9368
vn -0.0754 -0.5236 -0.8486
vn -0.0002 -0.1677 -0.9858
vn -0.0177 -0.1680 -0.9856
vn -0.0174 -0.0000 -0.9998
vn -0.0772 -0.0000 -0.9970
vn -0.0774 -0.1675 -0.9828
vn -0.2082 -0.1643 -0.9642
vn -0.2076 -0.3348 -0.9191
vn -0.2079 -0.0000 -0.9781
vn -0.4802 -0.0000 -0.8772
vn -0.4806 -0.1469 -0.8646
vn -0.4793 -0.2995 -0.8250
vn -0.2018 -0.5146 -0.8334
vn -0.4681 -0.4630 -0.7527
vn -0.0175 0.1680 -0.9856
vn -0.0173 0.3420 -0.9395
vn -0.0768 0.3413 -0.9368
vn -0.0772 0.1675 -0.9828
vn -0.0000 0.5240 -0.8517
vn -0.0168 0.5246 -0.8512
vn -0.0154 0.7078 -0.7062
vn -0.0672 0.7071 -0.7039
vn -0.0744 0.5237 -0.8486
vn -0.2009 0.5147 -0.8335
vn -0.2071 0.3349 -0.9192
vn -0.1817 0.6975 -0.6931
vn -0.4295 0.6391 -0.6381
vn -0.4673 0.4632 -0.7530
vn -0.4789 0.2996 -0.8252
vn -0.2080 0.1643 -0.9642
vn -0.4804 0.1469 -0.8647
vn -0.0005 0.8364 -0.5482
vn -0.0136 0.8368 -0.5473
vn -0.0031 0.9007 -0.4345
vn -0.0146 0.9007 -0.4342
vn -0.0535 0.8997 -0.4333
vn -0.0580 0.8359 -0.5459
vn -0.0097 0.9299 -0.3676
vn -0.0203 0.9295 -0.3682
vn -0.0216 0.9320 -0.3619
vn -0.0330 0.9306 -0.3646
vn -0.0714 0.9276 -0.3668
vn -0.0564 0.9280 -0.3683
vn -0.1360 0.9205 -0.3663
vn -0.1394 0.8922 -0.4296
vn -0.1560 0.9174 -0.3661
vn -0.3412 0.8725 -0.3498
vn -0.3152 0.8810 -0.3529
vn -0.3330 0.8486 -0.4111
vn -0.1561 0.8274 -0.5395
vn -0.3742 0.7755 -0.5085
vn -0.7704 -0.0594 -0.6347
vn -0.4995 -0.0741 -0.8632
vn -0.5205 -0.0786 -0.8502
vn -0.7785 -0.0668 -0.6241
vn -0.3071 -0.0707 -0.9490
vn -0.3358 -0.0739 -0.9390
vn -0.3346 -0.0983 -0.9372
vn -0.5089 -0.1150 -0.8531
vn -0.7605 -0.1218 -0.6379
vn -0.2085 -0.0588 -0.9763
vn -0.2405 -0.0616 -0.9687
vn -0.1818 -0.0426 -0.9824
vn -0.2151 -0.0455 -0.9755
vn -0.2229 -0.0636 -0.9728
vn -0.2458 -0.0803 -0.9660
vn -0.2216 -0.1324 -0.9661
vn -0.3012 -0.1661 -0.9390
vn -0.2002 -0.1130 -0.9732
vn -0.1472 -0.1979 -0.9691
vn -0.1632 -0.2239 -0.9608
vn -0.2214 -0.2860 -0.9323
vn -0.4591 -0.2153 -0.8619
vn -0.6986 -0.2731 -0.6614
vn -0.3374 -0.3915 -0.8561
vn -0.5190 -0.5360 -0.6658
vn -0.0074 -0.8837 -0.4680
vn -0.0053 -0.7179 -0.6961
vn -0.0149 -0.6896 -0.7241
vn -0.0176 -0.8674 -0.4974
vn -0.0037 -0.5503 -0.8350
vn -0.0117 -0.5235 -0.8519
vn -0.0564 -0.4596 -0.8863
vn -0.0741 -0.6247 -0.7774
vn -0.0916 -0.8270 -0.5547
vn -0.0029 -0.4367 -0.8996
vn -0.0092 -0.4190 -0.9079
vn -0.0026 -0.3922 -0.9199
vn -0.0083 -0.3845 -0.9231
vn -0.0404 -0.3434 -0.9383
vn -0.0449 -0.3668 -0.9292
vn -0.3800 0.0179 -0.9248
vn -0.2813 0.0190 -0.9594
vn -0.2314 0.0326 -0.9723
vn -0.3445 0.0346 -0.9381
vn -0.2500 0.0141 -0.9681
vn -0.1920 0.0266 -0.9810
vn -0.1255 0.0300 -0.9916
vn -0.1747 0.0359 -0.9840
vn -0.3032 0.0375 -0.9522
vn -0.5443 0.0293 -0.8384
vn -0.5580 0.0079 -0.8298
vn -0.5267 0.0306 -0.8495
vn -0.8013 0.0105 -0.5982
vn -0.7998 0.0125 -0.6001
vn -0.7955 -0.0143 -0.6058
vn -0.0336 0.0186 -0.9993
vn -0.0029 -0.0004 -1.0000
vn -0.0065 -0.0456 -0.9989
vn -0.0686 0.0112 -0.9976
vn -0.0003 -0.0008 -1.0000
vn -0.0006 -0.0404 -0.9992
vn -0.0017 -0.1640 -0.9865
vn -0.0161 -0.1743 -0.9846
vn -0.1630 -0.0257 -0.9863
vn -0.0351 -0.4343 -0.9001
vn -0.3475 -0.1105 -0.9311
vn -0.0039 -0.4175 -0.9087
vn -0.0074 -0.7844 -0.6203
vn -0.0621 -0.7981 -0.5993
vn -0.6386 -0.2649 -0.7225
vn 0.8013 0.0105 -0.5982
vn 0.5267 0.0306 -0.8495
vn 0.5442 0.0293 -0.8384
vn 0.7998 0.0125 -0.6001
vn 0.3032 0.0375 -0.9522
vn 0.3446 0.0346 -0.9381
vn 0.3800 0.0179 -0.9248
vn 0.5579 0.0079 -0.8298
vn 0.7955 -0.0142 -0.6058
vn 0.1747 0.0359 -0.9840
vn 0.2314 0.0326 -0.9723
vn 0.1255 0.0300 -0.9916
vn 0.1920 0.0266 -0.9810
vn 0.2500 0.0141 -0.9681
vn 0.2813 0.0190 -0.9594
vn 0.0053 -0.7327 -0.6805
vn 0.0062 -0.9522 -0.3054
vn 0.0494 -0.9399 -0.3378
vn 0.0399 -0.6870 -0.7256
vn 0.5678 -0.6804 -0.4633
vn 0.3587 -0.4165 -0.8354
vn 0.0037 -0.4806 -0.8769
vn 0.0263 -0.4319 -0.9015
vn 0.2022 -0.2448 -0.9482
vn 0.8213 -0.3235 -0.4699
vn 0.8975 -0.0928 -0.4311
vn 0.5739 -0.0670 -0.8162
vn 0.5035 -0.2012 -0.8402
vn 0.9084 -0.0091 -0.4180
vn 0.9090 0.0038 -0.4168
vn 0.5694 -0.0054 -0.8221
vn 0.5826 -0.0141 -0.8126
vn 0.3124 -0.0288 -0.9495
vn 0.3165 -0.0572 -0.9469
vn 0.2848 -0.0239 -0.9583
vn 0.2771 -0.1284 -0.9522
vn 0.8942 0.4115 -0.1764
vn 0.8345 0.5083 -0.2126
vn 0.9466 0.2858 -0.1490
vn 0.5773 0.7305 -0.3649
vn 0.4271 0.8378 -0.3401
vn 0.3365 0.8776 -0.3414
vn 0.9746 0.1832 -0.1291
vn 0.9872 0.1091 -0.1167
vn 0.8398 0.3778 -0.3899
vn 0.7301 0.5654 -0.3839
vn 0.2342 0.8044 -0.5460
vn 0.1559 0.8857 -0.4374
vn 0.3337 0.6516 -0.6812
vn 0.1086 0.9232 -0.3686
vn 0.0931 0.9294 -0.3572
vn 0.9923 0.0616 -0.1076
vn 0.9943 0.0342 -0.1012
vn 0.9206 0.1307 -0.3680
vn 0.8958 0.2286 -0.3812
vn 0.9951 0.0154 -0.0975
vn 0.9953 -0.0000 -0.0963
vn 0.9347 -0.0000 -0.3555
vn 0.9315 0.0597 -0.3588
vn 0.5025 0.1415 -0.8529
vn 0.4724 0.2937 -0.8310
vn 0.5121 -0.0000 -0.8589
vn 0.4177 0.4643 -0.7810
vn 0.4184 -0.4641 -0.7807
vn 0.3348 -0.6513 -0.6810
vn 0.4727 -0.2936 -0.8309
vn 0.9206 -0.1306 -0.3680
vn 0.8959 -0.2285 -0.3811
vn 0.8400 -0.3775 -0.3897
vn 0.5026 -0.1415 -0.8528
vn 0.9315 -0.0597 -0.3588
vn 0.9951 -0.0154 -0.0975
vn 0.9943 -0.0342 -0.1012
vn 0.9923 -0.0616 -0.1076
vn 0.9872 -0.1090 -0.1166
vn 0.9746 -0.1832 -0.1291
vn 0.9465 -0.2862 -0.1489
vn 0.5774 -0.7308 -0.3641
vn 0.7304 -0.5652 -0.3835
vn 0.8934 -0.4135 -0.1758
vn 0.8311 -0.5145 -0.2110
vn 0.3333 -0.8808 -0.3362
vn 0.4261 -0.8391 -0.3381
vn 0.1092 -0.9241 -0.3661
vn 0.1569 -0.8859 -0.4364
vn 0.0932 -0.9316 -0.3513
vn 0.2355 -0.8043 -0.5456
vn 0.1259 -0.0467 -0.9909
vn 0.1232 -0.0438 -0.9914
vn 0.4540 -0.0440 -0.8899
vn 0.4429 -0.0355 -0.8959
vn 0.4146 0.0194 -0.9098
vn 0.1166 -0.0275 -0.9928
vn 0.8919 -0.0222 -0.4518
vn 0.8861 -0.0071 -0.4634
vn 0.8627 0.1072 -0.4942
vn 0.7131 0.4253 -0.5574
vn 0.3165 0.1462 -0.9373
vn 0.3770 0.7703 -0.5143
vn 0.1891 0.3171 -0.9294
vn 0.0869 0.0050 -0.9962
vn 0.0566 0.0511 -0.9971
vn 0.0280 0.9003 -0.4344
vn 0.0035 0.9165 -0.4001
vn 0.0024 0.4836 -0.8753
vn 0.0180 0.4268 -0.9042
vn 0.0047 0.9289 -0.3704
vn 0.0024 0.5356 -0.8445
vn 0.0241 0.9365 -0.3498
vn 0.0127 0.5731 -0.8194
vn 0.0005 0.1417 -0.9899
vn 0.0028 0.1733 -0.9849
vn 0.0009 0.1036 -0.9946
vn 0.0062 0.0680 -0.9977
vn 0.9168 0.0899 -0.3890
vn 0.7564 0.4460 -0.4785
vn 0.9258 0.0143 -0.3776
vn 0.5369 0.0073 -0.8436
vn 0.5268 0.0466 -0.8487
vn 0.3701 0.2142 -0.9040
vn 0.9170 0.0046 -0.3989
vn 0.5026 0.0025 -0.8645
vn 0.9925 0.0050 -0.1221
vn 0.9920 0.0122 -0.1259
vn 0.9042 0.0117 -0.4269
vn 0.4595 0.0069 -0.8881
vn 0.1303 0.0006 -0.9915
vn 0.1022 0.0020 -0.9948
vn 0.1555 0.0016 -0.9878
vn 0.1577 0.0117 -0.9874
vn 0.0992 0.0556 -0.9935
vn -0.0061 0.4221 -0.9065
vn -0.0116 0.8846 -0.4661
vn -0.0927 0.8461 -0.5250
vn -0.0401 0.3523 -0.9350
vn -0.8171 0.2727 -0.5079
vn -0.3617 0.1284 -0.9234
vn -0.0017 0.0933 -0.9956
vn -0.0080 0.0609 -0.9981
vn -0.0786 0.0314 -0.9964
vn -0.5369 0.0073 -0.8436
vn -0.9258 0.0143 -0.3776
vn -0.9168 0.0899 -0.3890
vn -0.5268 0.0466 -0.8487
vn -0.7564 0.4460 -0.4785
vn -0.3700 0.2142 -0.9040
vn -0.1555 0.0016 -0.9878
vn -0.1577 0.0117 -0.9874
vn -0.0992 0.0557 -0.9935
vn -0.0005 0.1417 -0.9899
vn -0.0009 0.1036 -0.9946
vn -0.0028 0.1733 -0.9849
vn -0.0127 0.5731 -0.8194
vn -0.0024 0.5356 -0.8445
vn -0.0024 0.4836 -0.8753
vn -0.0241 0.9365 -0.3498
vn -0.0047 0.9289 -0.3703
vn -0.0035 0.9165 -0.4001
vn -0.7131 0.4253 -0.5574
vn -0.3770 0.7703 -0.5143
vn -0.8627 0.1072 -0.4942
vn -0.4146 0.0195 -0.9098
vn -0.3165 0.1461 -0.9373
vn -0.1891 0.3171 -0.9294
vn -0.8861 -0.0071 -0.4634
vn -0.8919 -0.0222 -0.4518
vn -0.4540 -0.0440 -0.8899
vn -0.4429 -0.0355 -0.8959
vn -0.1232 -0.0438 -0.9914
vn -0.1166 -0.0275 -0.9928
vn -0.1259 -0.0467 -0.9909
vn -0.0870 0.0049 -0.9962
vn -0.0566 0.0511 -0.9971
vn -0.8934 -0.4135 -0.1758
vn -0.8311 -0.5146 -0.2109
vn -0.9465 -0.2862 -0.1489
vn -0.5773 -0.7308 -0.3641
vn -0.4261 -0.8391 -0.3381
vn -0.3333 -0.8808 -0.3362
vn -0.9746 -0.1832 -0.1291
vn -0.9872 -0.1090 -0.1166
vn -0.8400 -0.3776 -0.3897
vn -0.7304 -0.5652 -0.3835
vn -0.2355 -0.8043 -0.5456
vn -0.1569 -0.8860 -0.4364
vn -0.3348 -0.6513 -0.6809
vn -0.1092 -0.9241 -0.3661
vn -0.0932 -0.9316 -0.3514
vn -0.9923 -0.0616 -0.1076
vn -0.9943 -0.0342 -0.1012
vn -0.9206 -0.1306 -0.3680
vn -0.8959 -0.2285 -0.3811
vn -0.9951 -0.0154 -0.0975
vn -0.9953 -0.0000 -0.0963
vn -0.9347 -0.0000 -0.3555
vn -0.9315 -0.0597 -0.3588
vn -0.5026 -0.1415 -0.8528
vn -0.4727 -0.2936 -0.8309
vn -0.5121 -0.0000 -0.8589
vn -0.4184 -0.4641 -0.7807
vn -0.9951 0.0154 -0.0975
vn -0.9943 0.0342 -0.1012
vn -0.9206 0.1307 -0.3680
vn -0.9315 0.0597 -0.3588
vn -0.9923 0.0616 -0.1076
vn -0.9872 0.1091 -0.1167
vn -0.8398 0.3778 -0.3899
vn -0.8958 0.2286 -0.3812
vn -0.4177 0.4643 -0.7810
vn -0.4724 0.2937 -0.8310
vn -0.3337 0.6516 -0.6812
vn -0.5025 0.1415 -0.8529
vn -0.9746 0.1832 -0.1292
vn -0.9466 0.2858 -0.1491
vn -0.5773 0.7305 -0.3649
vn -0.7301 0.5654 -0.3839
vn -0.8942 0.4114 -0.1764
vn -0.8345 0.5083 -0.2127
vn -0.3365 0.8776 -0.3414
vn -0.4271 0.8378 -0.3401
vn -0.1086 0.9233 -0.3685
vn -0.1559 0.8857 -0.4374
vn -0.0931 0.9294 -0.3572
vn -0.2342 0.8044 -0.5460
vn -0.2848 -0.0239 -0.9583
vn -0.3124 -0.0288 -0.9495
vn -0.5694 -0.0054 -0.8221
vn -0.5826 -0.0141 -0.8126
vn -0.5739 -0.0669 -0.8162
vn -0.3165 -0.0572 -0.9469
vn -0.9090 0.0038 -0.4168
vn -0.9084 -0.0091 -0.4180
vn -0.8975 -0.0928 -0.4311
vn -0.8213 -0.3234 -0.4699
vn -0.5036 -0.2011 -0.8402
vn -0.5678 -0.6804 -0.4633
vn -0.3587 -0.4166 -0.8354
vn -0.2771 -0.1284 -0.9522
vn -0.2022 -0.2448 -0.9483
vn -0.0094 -0.5026 -0.8645
vn -0.0498 -0.4838 -0.8737
vn -0.0037 -0.4806 -0.8769
vn -0.0053 -0.7327 -0.6806
vn -0.0142 -0.7526 -0.6583
vn -0.0761 -0.7368 -0.6718
vn -0.0062 -0.9522 -0.3054
vn -0.0188 -0.9565 -0.2911
vn -0.1017 -0.9479 -0.3018
vn -0.6450 -0.0275 -0.7637
vn -0.9295 -0.0558 -0.3646
vn -0.9243 -0.0219 -0.3811
vn -0.6013 -0.0027 -0.7990
vn -0.9095 -0.0223 -0.4151
vn -0.5281 -0.0006 -0.8492
vn -0.3027 0.0154 -0.9530
vn -0.3704 -0.0006 -0.9289
vn -0.2149 0.0186 -0.9765
vn -0.0698 -0.8531 -0.5171
vn -0.7780 -0.3447 -0.5252
vn -0.0086 -0.8852 -0.4651
vn -0.0047 -0.4237 -0.9058
vn -0.0326 -0.3601 -0.9323
vn -0.3505 -0.1479 -0.9248
vn -0.0088 -0.0629 -0.9980
vn -0.0991 -0.0234 -0.9948
vn -0.0015 -0.0944 -0.9955
vn 0.3030 0.0154 -0.9529
vn 0.3704 -0.0006 -0.9289
vn 0.2148 0.0186 -0.9765
vn 0.5281 -0.0006 -0.8492
vn 0.6013 -0.0027 -0.7990
vn 0.6450 -0.0274 -0.7637
vn 0.9095 -0.0223 -0.4151
vn 0.9243 -0.0219 -0.3811
vn 0.9295 -0.0558 -0.3646
vn 0.9995 -0.0029 -0.0310
vn 0.9994 -0.0122 -0.0311
vn 0.9963 -0.0778 -0.0355
vn 0.9606 -0.2740 -0.0456
vn 0.7529 -0.6552 -0.0623
vn 0.9977 0.0465 -0.0489
vn 0.9966 0.0674 -0.0464
vn 0.9953 0.0867 -0.0438
vn 0.9940 0.1009 -0.0419
vn 0.9941 0.1009 -0.0409
vn 0.9982 -0.0000 -0.0593
vn 0.9982 0.0096 -0.0584
vn 0.9983 0.0195 -0.0558
vn 0.9982 0.0308 -0.0523
vn 0.9977 -0.0465 -0.0489
vn 0.9982 -0.0308 -0.0523
vn 0.9983 -0.0195 -0.0558
vn 0.9982 -0.0096 -0.0584
vn 0.9940 -0.1014 -0.0405
vn 0.9940 -0.1011 -0.0416
vn 0.9953 -0.0868 -0.0438
vn 0.9966 -0.0674 -0.0463
vn 0.9995 0.0099 -0.0307
vn 0.9948 0.0932 -0.0409
vn 0.9995 -0.0010 -0.0302
vn 0.9270 0.3683 -0.0712
vn 0.5972 0.7939 -0.1142
vn 0.0058 0.9926 -0.1215
vn 0.0470 0.9916 -0.1203
vn 0.9993 0.0169 -0.0343
vn 0.9931 0.1079 -0.0463
vn 0.8421 0.5316 -0.0912
vn -0.0911 0.9918 0.0892
vn -0.9314 0.3641 0.0032
vn -0.0113 0.9959 0.0899
vn -0.8421 0.5316 -0.0912
vn -0.9931 0.1079 -0.0464
vn -0.9993 0.0169 -0.0343
vn -0.7761 0.0106 -0.6305
vn -0.7559 0.0040 -0.6546
vn -0.9995 0.0055 -0.0302
vn -0.9995 0.0150 -0.0277
vn -1.0000 0.0064 -0.0038
vn -0.9998 0.0172 -0.0026
vn -0.0053 0.9923 -0.1238
vn -0.0247 0.9917 -0.1261
vn -0.0059 0.9926 -0.1215
vn -0.9995 -0.0010 -0.0302
vn -0.9995 0.0099 -0.0308
vn -0.9948 0.0932 -0.0409
vn -0.9270 0.3683 -0.0712
vn -0.5957 0.7950 -0.1143
vn -0.9977 -0.0464 -0.0489
vn -0.9966 -0.0674 -0.0463
vn -0.9953 -0.0868 -0.0437
vn -0.9940 -0.1011 -0.0416
vn -0.9940 -0.1014 -0.0405
vn -0.9982 -0.0000 -0.0593
vn -0.9982 -0.0096 -0.0584
vn -0.9983 -0.0195 -0.0558
vn -0.9982 -0.0308 -0.0523
vn -0.9977 0.0465 -0.0489
vn -0.9982 0.0308 -0.0523
vn -0.9983 0.0195 -0.0558
vn -0.9982 0.0095 -0.0584
vn -0.9941 0.1009 -0.0409
vn -0.9940 0.1010 -0.0418
vn -0.9953 0.0867 -0.0438
vn -0.9966 0.0674 -0.0464
vn -0.9994 -0.0123 -0.0311
vn -0.9963 -0.0778 -0.0355
vn -0.9995 -0.0029 -0.0310
vn -0.9606 -0.2740 -0.0456
vn -0.7529 -0.6552 -0.0623
vn -0.0198 -0.9978 -0.0628
vn -0.0089 -0.9981 -0.0610
vn -0.1058 -0.9922 -0.0653
vn -0.9992 -0.0265 -0.0297
vn -0.9976 -0.0606 -0.0332
vn -0.9992 -0.0308 -0.0273
vn -0.0086 -0.9962 0.0867
vn -0.0684 -0.9938 0.0873
vn -0.8878 -0.4600 0.0125
vn 0.9992 -0.0265 -0.0297
vn 0.9992 -0.0308 -0.0273
vn 0.9976 -0.0606 -0.0332
vn 0.0916 -0.8270 -0.5547
vn 0.0176 -0.8674 -0.4974
vn 0.0198 -0.9978 -0.0627
vn 0.1058 -0.9922 -0.0653
vn 0.0089 -0.9981 -0.0610
vn 0.0727 -0.9955 -0.0609
vn 0.9993 0.0122 -0.0354
vn 0.9970 0.0682 -0.0374
vn 0.9962 0.0692 -0.0526
vn 0.9987 0.0124 -0.0497
vn 0.9504 0.3078 -0.0449
vn 0.9488 0.3096 -0.0631
vn 0.9386 0.3065 -0.1584
vn 0.9886 0.0683 -0.1341
vn 0.9988 0.0050 -0.0491
vn 0.9994 0.0050 -0.0351
vn 0.8877 0.0639 -0.4559
vn 0.4218 0.0349 -0.9060
vn 0.8171 0.2727 -0.5079
vn 0.3617 0.1284 -0.9234
vn 0.0854 0.0095 -0.9963
vn 0.0786 0.0314 -0.9964
vn 0.0455 0.0024 -0.9990
vn 0.1771 0.0111 -0.9841
vn 0.0321 0.0099 -0.9994
vn 0.1314 0.0432 -0.9904
vn 0.4293 0.0296 -0.9027
vn 0.7641 0.0588 -0.6424
vn 0.3332 0.1142 -0.9359
vn 0.6536 0.2353 -0.7193
vn 0.9995 0.0150 -0.0276
vn 0.9995 0.0055 -0.0302
vn 0.9119 0.4083 0.0411
vn 0.9954 0.0961 0.0055
vn 0.9962 0.0848 -0.0218
vn 0.9314 0.3641 0.0032
vn 0.8703 0.4894 0.0548
vn 0.9929 0.1186 0.0117
vn 0.7902 0.6087 0.0713
vn 0.9872 0.1581 0.0187
vn 0.9770 0.2086 0.0445
vn 0.6142 0.1919 0.7654
vn 0.6706 0.7349 0.1007
vn 0.4621 0.6164 0.6376
vn 0.0030 0.6942 0.7198
vn -0.0000 0.6942 0.7198
vn -0.0000 0.2195 0.9756
vn 0.0032 0.2169 0.9762
vn -0.0032 0.2169 0.9762
vn -0.0000 0.0410 0.9992
vn 0.0034 0.0404 0.9992
vn -0.0251 0.2051 0.9784
vn -0.6142 0.1919 0.7654
vn -0.9998 0.0215 0.0014
vn -0.9929 0.1187 0.0117
vn -0.9954 0.0961 0.0055
vn -0.9996 0.0288 0.0050
vn -0.9872 0.1581 0.0187
vn -1.0000 0.0083 -0.0001
vn -0.9999 0.0114 0.0030
vn -0.9988 0.0388 0.0299
vn -0.9995 0.0160 0.0285
vn -0.9770 0.2086 0.0445
vn -0.9962 0.0848 -0.0218
vn -0.7641 0.0588 -0.6424
vn -0.0455 0.0024 -0.9990
vn -0.0449 0.0004 -0.9990
vn -0.1802 0.0019 -0.9836
vn -0.1771 0.0111 -0.9841
vn -0.0372 0.0002 -0.9993
vn -0.1628 0.0009 -0.9867
vn -0.4394 0.0053 -0.8983
vn -0.4119 0.0022 -0.9112
vn -0.4293 0.0296 -0.9027
vn -0.9886 0.0683 -0.1341
vn -0.8877 0.0639 -0.4559
vn -0.9043 0.0117 -0.4268
vn -0.4595 0.0069 -0.8881
vn -0.4218 0.0349 -0.9060
vn -0.9170 0.0046 -0.3989
vn -0.5026 0.0025 -0.8645
vn -0.1022 0.0020 -0.9948
vn -0.1303 0.0006 -0.9915
vn -0.0854 0.0095 -0.9963
vn -0.9962 0.0691 -0.0526
vn -0.9970 0.0682 -0.0374
vn 0.9982 -0.0607 -0.0022
vn 0.9753 -0.2206 -0.0084
vn 0.8242 -0.5659 -0.0221
vn 0.9985 0.0547 -0.0039
vn 0.9744 0.2244 -0.0165
vn 0.7907 0.6105 -0.0455
vn 0.0101 0.9971 -0.0752
vn 0.0813 0.9939 -0.0748
vn -0.0026 0.9995 -0.0311
vn -0.0265 0.9986 -0.0453
vn -0.0003 0.9996 -0.0272
vn -0.0020 0.9972 -0.0746
vn -0.0016 0.9974 -0.0724
vn -0.0101 0.9971 -0.0752
vn -0.9985 0.0547 -0.0039
vn -0.9744 0.2243 -0.0165
vn -0.7906 0.6106 -0.0455
vn -1.0000 -0.0079 -0.0003
vn -0.9982 -0.0606 -0.0022
vn -0.9753 -0.2206 -0.0084
vn -0.8242 -0.5658 -0.0221
vn -0.0039 -0.9994 -0.0351
vn -0.0114 -0.9991 -0.0397
vn -0.0112 -0.9997 -0.0200
vn -0.0025 -0.9001 0.4357
vn -0.0200 -0.9088 0.4167
vn -0.2090 -0.9449 0.2518
vn 0.0039 -0.9994 -0.0351
vn 0.0112 -0.9997 -0.0200
vn 0.0114 -0.9991 -0.0398
vn 0.0027 -0.9992 -0.0389
vn 0.0040 -0.9993 -0.0363
vn 0.0916 -0.9950 -0.0394
vn 0.0095 -0.9992 -0.0396
vn 0.0800 -0.9959 -0.0418
vn 0.0803 -0.9950 -0.0591
vn 0.0095 -0.9984 -0.0557
vn 0.9136 -0.4038 -0.0473
vn 0.9118 -0.4052 -0.0665
vn 0.9015 -0.3994 -0.1667
vn 0.0791 -0.9851 -0.1526
vn 0.0094 -0.9900 -0.1406
vn -0.0000 -0.9985 -0.0552
vn -0.0000 -0.9992 -0.0394
vn -0.0000 -0.9905 -0.1372
vn 0.0047 -0.4237 -0.9058
vn 0.0015 -0.0945 -0.9955
vn -0.0000 -0.1153 -0.9933
vn -0.0000 -0.4579 -0.8890
vn 0.0003 -0.0009 -1.0000
vn -0.0000 -0.0005 -1.0000
vn 0.0086 -0.8852 -0.4651
vn -0.0000 -0.8977 -0.4407
vn 0.0698 -0.8531 -0.5171
vn 0.0326 -0.3601 -0.9323
vn 0.7780 -0.3447 -0.5252
vn 0.3504 -0.1479 -0.9248
vn 0.0088 -0.0629 -0.9980
vn 0.0029 -0.0004 -1.0000
vn 0.0991 -0.0234 -0.9948
vn 0.0337 0.0187 -0.9993
vn 0.0017 -0.1640 -0.9865
vn 0.0039 -0.4176 -0.9086
vn -0.0000 -0.3912 -0.9203
vn -0.0000 -0.1492 -0.9888
vn 0.0074 -0.7844 -0.6202
vn -0.0000 -0.7619 -0.6477
vn 0.0006 -0.0404 -0.9992
vn -0.0000 -0.0341 -0.9994
vn 0.0064 -0.0456 -0.9989
vn 0.0161 -0.1743 -0.9846
vn 0.0685 0.0111 -0.9976
vn 0.1630 -0.0257 -0.9863
vn 0.0351 -0.4344 -0.9000
vn 0.0621 -0.7982 -0.5992
vn 0.3475 -0.1105 -0.9311
vn 0.6386 -0.2649 -0.7225
vn 0.8878 -0.4600 0.0125
vn 0.0684 -0.9938 0.0873
vn 0.8684 -0.4932 0.0508
vn 0.0628 -0.9917 0.1120
vn 0.0076 -0.9935 0.1133
vn 0.0086 -0.9962 0.0867
vn -0.0000 -0.9964 0.0850
vn -0.0000 -0.9935 0.1136
vn 0.0051 -0.9927 0.1204
vn 0.0041 -0.9894 0.1453
vn -0.0000 -0.9893 0.1460
vn -0.0000 -0.9927 0.1208
vn 0.0034 -0.6140 0.7893
vn -0.0000 -0.6140 0.7893
vn 0.0064 -0.9931 0.1170
vn -0.0000 -0.9931 0.1173
vn 0.8350 -0.5467 0.0615
vn 0.0543 -0.9918 0.1160
vn 0.7828 -0.6180 0.0731
vn 0.0439 -0.9919 0.1193
vn 0.0340 -0.9893 0.1422
vn 0.0208 -0.6141 0.7890
vn 0.7220 -0.6849 0.0980
vn 0.5048 -0.5282 0.6827
vn 0.0293 -0.0335 0.9990
vn 0.0283 -0.0415 0.9987
vn 0.0320 -0.0741 0.9967
vn 0.0029 -0.0678 0.9977
vn 0.0032 -0.0316 0.9995
vn 0.0033 -0.0418 0.9991
vn -0.0000 -0.0420 0.9991
vn -0.0000 -0.0311 0.9995
vn -0.0000 -0.0662 0.9978
vn 0.0025 -0.9001 0.4357
vn -0.0000 -0.8978 0.4404
vn 0.0546 -0.9984 -0.0154
vn 0.0050 -1.0000 -0.0033
vn 0.0199 -0.9088 0.4167
vn 0.2091 -0.9449 0.2518
vn 0.0012 -0.9995 -0.0320
vn 0.0131 -0.9993 -0.0340
vn -0.0000 -0.0111 0.9999
vn 0.0003 0.9975 -0.0712
vn 0.0019 0.9974 -0.0715
vn 0.0080 0.9975 -0.0702
vn 0.0007 0.9977 -0.0685
vn 0.0001 0.9977 -0.0680
vn -0.0000 0.9977 -0.0678
vn 0.0003 0.9996 -0.0272
vn 0.0001 0.9997 -0.0261
vn 0.0023 0.7671 0.6415
vn -0.0000 0.7557 0.6549
vn 0.0026 0.9995 -0.0311
vn 0.0215 0.8159 0.5778
vn 0.0265 0.9986 -0.0453
vn 0.0033 0.1820 0.9833
vn -0.0000 0.1769 0.9842
vn 0.0034 0.0285 0.9996
vn -0.0000 0.0280 0.9996
vn 0.0303 0.2118 0.9768
vn 0.0292 0.0310 0.9991
vn 0.0034 0.0123 0.9999
vn -0.0000 0.0123 0.9999
vn 0.0284 0.0386 0.9988
vn 0.0290 0.0124 0.9995
vn 0.0251 0.2050 0.9784
vn 0.0185 0.6939 0.7198
vn -0.0000 0.9927 0.1205
vn -0.0000 0.9931 0.1170
vn -0.0000 0.9924 0.1234
vn 0.0053 0.9924 0.1229
vn 0.0075 0.9927 0.1201
vn 0.0096 0.9931 0.1165
vn 0.0035 0.9898 0.1424
vn -0.0000 0.9897 0.1432
vn 0.0294 0.9898 0.1391
vn 0.0449 0.9916 0.1216
vn 0.0633 0.9913 0.1157
vn 0.0796 0.9903 0.1143
vn 0.0113 0.9959 0.0899
vn -0.0000 0.9961 0.0884
vn 0.0093 0.7847 -0.6198
vn -0.0000 0.7630 -0.6464
vn 0.0911 0.9918 0.0892
vn 0.0783 0.7919 -0.6056
vn 0.0041 0.0447 -0.9990
vn 0.0003 0.0396 -0.9992
vn 0.0017 0.1631 -0.9866
vn 0.0164 0.1712 -0.9851
vn -0.0000 0.0338 -0.9994
vn -0.0000 0.1489 -0.9889
vn 0.0046 0.4169 -0.9089
vn -0.0000 0.3913 -0.9203
vn 0.0415 0.4278 -0.9029
vn 0.1072 0.9820 -0.1558
vn 0.0927 0.8460 -0.5250
vn 0.0116 0.8846 -0.4661
vn 0.0061 0.4221 -0.9065
vn 0.0401 0.3523 -0.9350
vn -0.0000 0.8975 -0.4410
vn -0.0000 0.4572 -0.8893
vn 0.0017 0.0933 -0.9956
vn -0.0000 0.1147 -0.9934
vn 0.0080 0.0609 -0.9981
vn 0.1091 0.9922 -0.0603
vn 0.1090 0.9931 -0.0427
vn -0.9952 -0.0906 -0.0381
vn -0.9944 -0.0915 -0.0537
vn -0.9866 -0.0894 -0.1364
vn -0.8859 -0.0779 -0.4574
vn -0.4493 -0.0295 -0.8929
vn -0.1402 0.0103 -0.9901
vn -0.0684 0.0284 -0.9973
vn -0.1202 0.0317 -0.9922
vn -0.2512 0.0256 -0.9676
vn -0.4843 0.0034 -0.8749
vn -0.7804 -0.0413 -0.6239
vn -0.9930 -0.1176 0.0081
vn -0.9939 -0.1083 -0.0201
vn -0.9911 -0.1326 0.0137
vn -0.9876 -0.1556 0.0194
vn -0.9835 -0.1755 0.0438
vn -0.6168 -0.1480 0.7731
vn -0.0033 -0.1596 0.9872
vn -0.0256 -0.1514 0.9881
vn -0.0000 -0.1615 0.9869
vn 0.0033 -0.1596 0.9872
vn 0.0256 -0.1514 0.9881
vn 0.6168 -0.1480 0.7731
vn 0.9876 -0.1556 0.0194
vn 0.9911 -0.1326 0.0137
vn 0.9930 -0.1176 0.0081
vn 0.9835 -0.1755 0.0438
vn 0.9939 -0.1082 -0.0201
vn 0.7804 -0.0413 -0.6239
vn 0.0684 0.0284 -0.9973
vn 0.1202 0.0318 -0.9922
vn 0.2512 0.0256 -0.9676
vn 0.4843 0.0034 -0.8749
vn 0.9866 -0.0894 -0.1364
vn 0.8859 -0.0778 -0.4574
vn 0.4493 -0.0294 -0.8929
vn 0.1402 0.0103 -0.9901
vn 0.9944 -0.0915 -0.0537
vn 0.9952 -0.0906 -0.0381
vn -0.9993 -0.0113 -0.0354
vn -0.9994 -0.0151 -0.0301
vn -0.9985 -0.0373 -0.0400
vn -0.9985 -0.0269 -0.0470
vn -0.9845 -0.1493 -0.0915
vn -0.9883 -0.1079 -0.1081
vn -0.9986 -0.0085 -0.0519
vn -0.9993 -0.0036 -0.0380
vn -0.9920 -0.0334 -0.1219
vn -0.9907 -0.0058 -0.1359
vn -0.9985 -0.0014 -0.0544
vn -0.9993 -0.0005 -0.0387
vn -0.0129 -0.0446 -0.9989
vn -0.1323 -0.0469 -0.9901
vn -0.1528 -0.3219 -0.9343
vn -0.0365 -0.3025 -0.9525
vn -0.4757 -0.0435 -0.8785
vn -0.4888 -0.2995 -0.8194
vn -0.3837 -0.7466 -0.5435
vn -0.1397 -0.7930 -0.5930
vn -0.0620 -0.7833 -0.6186
vn -0.9011 -0.0213 -0.4331
vn -0.9094 -0.1386 -0.3922
vn -0.8476 -0.4195 -0.3249
vn -0.8048 -0.5332 -0.2607
vn -0.3200 -0.8619 -0.3932
vn -0.1057 -0.9045 -0.4133
vn -0.0422 -0.9045 -0.4243
vn -0.7155 -0.0256 -0.6981
vn -0.3769 -0.0352 -0.9256
vn -0.3783 -0.2374 -0.8947
vn -0.6988 -0.1782 -0.6927
vn -0.1540 -0.0393 -0.9873
vn -0.1692 -0.2662 -0.9489
vn -0.1532 -0.7500 -0.6435
vn -0.3048 -0.7115 -0.6332
vn -0.5783 -0.6066 -0.5456
vn -0.0447 -0.0419 -0.9981
vn -0.0659 -0.2849 -0.9563
vn -0.0821 -0.7693 -0.6336
vn -0.0563 -0.9004 -0.4314
vn -0.1044 -0.8933 -0.4371
vn -0.2100 -0.8748 -0.4367
vn -0.4287 -0.8072 -0.4058
vn -0.9963 -0.0770 -0.0389
vn -1.0000 -0.0080 -0.0044
vn -1.0000 -0.0044 -0.0043
vn -0.9983 -0.0439 -0.0394
vn -0.9993 -0.0095 -0.0372
vn -1.0000 -0.0009 -0.0040
vn -0.9995 -0.0011 -0.0322
vn -1.0000 -0.0005 -0.0007
vn -1.0000 -0.0001 -0.0007
vn -1.0000 -0.0010 -0.0007
vn -0.8266 -0.0000 0.5628
vn -0.9987 -0.0000 0.0501
vn -0.8264 -0.0000 0.5631
vn -0.9987 -0.0000 0.0503
vn 0.8266 -0.0000 0.5628
vn 0.0924 -0.0000 0.9957
vn 0.8264 -0.0000 0.5631
vn 0.9987 -0.0000 0.0503
vn 0.9987 -0.0000 0.0501
vn 1.0000 -0.0001 -0.0036
vn 1.0000 -0.0001 -0.0007
vn 1.0000 -0.0009 -0.0040
vn 1.0000 -0.0005 -0.0007
vn 1.0000 -0.0044 -0.0043
vn 1.0000 -0.0010 -0.0007
vn 1.0000 -0.0080 -0.0044
vn 0.7155 -0.0256 -0.6982
vn 0.9995 -0.0011 -0.0322
vn 0.9993 -0.0095 -0.0372
vn 0.6988 -0.1782 -0.6928
vn 0.9983 -0.0439 -0.0393
vn 0.5783 -0.6066 -0.5456
vn 0.9963 -0.0769 -0.0389
vn 0.4287 -0.8072 -0.4058
vn 0.0422 -0.9045 -0.4243
vn 0.0563 -0.9004 -0.4314
vn 0.0620 -0.7833 -0.6186
vn 0.0821 -0.7692 -0.6336
vn 0.1532 -0.7500 -0.6435
vn 0.1044 -0.8933 -0.4371
vn 0.0365 -0.3025 -0.9525
vn 0.0659 -0.2849 -0.9563
vn 0.0129 -0.0446 -0.9989
vn 0.0447 -0.0419 -0.9981
vn 0.1541 -0.0393 -0.9873
vn 0.1692 -0.2662 -0.9489
vn 0.3783 -0.2374 -0.8947
vn 0.3048 -0.7115 -0.6332
vn 0.3770 -0.0352 -0.9256
vn 0.2100 -0.8748 -0.4367
vn 0.9845 -0.1494 -0.0915
vn 0.8048 -0.5332 -0.2607
vn 0.9883 -0.1079 -0.1081
vn 0.8476 -0.4196 -0.3249
vn 0.3837 -0.7466 -0.5435
vn 0.3200 -0.8619 -0.3932
vn 0.9920 -0.0334 -0.1219
vn 0.9094 -0.1386 -0.3922
vn 0.9907 -0.0054 -0.1359
vn 0.9011 -0.0213 -0.4331
vn 0.4757 -0.0435 -0.8785
vn 0.4888 -0.2995 -0.8194
vn 0.1528 -0.3219 -0.9343
vn 0.1397 -0.7930 -0.5930
vn 0.1324 -0.0469 -0.9901
vn 0.1057 -0.9045 -0.4133
vn 0.9993 -0.0114 -0.0353
vn 0.9993 -0.0036 -0.0380
vn 0.9986 -0.0085 -0.0519
vn 0.9985 -0.0269 -0.0470
vn 0.9993 -0.0005 -0.0387
vn 0.9985 -0.0014 -0.0544
vn 0.9985 -0.0374 -0.0400
vn 0.9994 -0.0151 -0.0302
vn 0.1874 0.9815 -0.0385
vn 0.1858 0.9812 -0.0528
vn 0.1857 0.9744 -0.1264
vn 0.1701 0.9102 -0.3776
vn 0.0932 0.5379 -0.8379
vn 0.0258 0.1682 -0.9854
vn 0.0054 0.0195 -0.9998
vn 0.0252 0.1144 -0.9931
vn 0.0643 0.3172 -0.9462
vn 0.1217 0.6448 -0.7546
vn 0.0247 0.9917 -0.1261
vn 0.0053 0.9923 -0.1239
vn 0.0213 0.9947 -0.1003
vn 0.0048 0.9949 -0.1006
vn 0.1508 0.9836 -0.0985
vn 0.1721 0.9765 -0.1294
vn 0.0331 0.9987 -0.0387
vn 0.0554 0.9942 -0.0927
vn 0.0043 0.9972 -0.0753
vn 0.0074 0.9953 -0.0961
vn 0.0116 0.9952 -0.0969
vn 0.0839 0.9919 -0.0951
vn 0.0029 0.9953 -0.0970
vn 0.0033 0.9952 -0.0974
vn 0.0024 0.9963 -0.0854
vn 0.0166 0.9951 -0.0976
vn 0.0042 0.9952 -0.0980
vn 0.1190 0.9883 -0.0957
vn 0.0016 0.9974 -0.0725
vn 0.0020 0.9972 -0.0746
vn 0.0007 0.9973 -0.0732
vn 0.0019 0.9973 -0.0737
vn 0.0028 0.9974 -0.0723
vn 0.0085 0.9978 -0.0659
vn 0.0002 0.9974 -0.0719
vn 0.0018 0.9974 -0.0720
vn 0.0008 0.9974 -0.0718
vn 0.0019 0.0087 1.0000
vn 0.0019 0.0750 0.9972
vn 0.0019 0.3058 0.9521
vn -0.0000 -0.3031 0.9530
vn 0.0020 -0.3027 0.9531
vn 0.0019 -0.0842 0.9964
vn 0.0020 -0.7027 0.7115
vn 0.0020 -0.0110 0.9999
vn 0.0048 -0.9993 -0.0364
vn 0.0011 -0.9993 -0.0375
vn 0.0196 -0.9994 -0.0296
vn 0.0021 -0.9993 -0.0380
vn 0.0020 -0.9995 -0.0300
vn 0.0019 -0.9993 0.0372
vn 0.0642 -0.9973 0.0350
vn 0.2970 -0.8788 0.3734
vn 0.4998 -0.8661 -0.0061
vn 0.5863 -0.8097 -0.0246
vn 0.6693 -0.7426 -0.0253
vn 0.7344 -0.6782 -0.0274
vn 0.7731 -0.6311 -0.0629
vn 0.5752 -0.4286 -0.6968
vn 0.1929 -0.1359 -0.9718
vn 0.2102 -0.1413 -0.9674
vn 0.0404 -0.3434 -0.9383
vn 0.0449 -0.3668 -0.9292
vn 0.0564 -0.4596 -0.8863
vn 0.2715 -0.1834 -0.9448
vn 0.0092 -0.4190 -0.9079
vn 0.0116 -0.5239 -0.8517
vn 0.0081 -0.3848 -0.9230
vn 0.0741 -0.6247 -0.7774
vn 0.0149 -0.6896 -0.7241
vn 0.3904 -0.2753 -0.8785
vn 0.7612 -0.6324 -0.1441
vn 0.7045 -0.5844 -0.4027
vn 0.1017 -0.9479 -0.3018
vn 0.0761 -0.7368 -0.6718
vn 0.4749 -0.3882 -0.7898
vn 0.0188 -0.9565 -0.2911
vn 0.0142 -0.7526 -0.6583
vn 0.0498 -0.4838 -0.8738
vn 0.0094 -0.5025 -0.8645
vn 0.2813 -0.2192 -0.9343
vn 0.7673 -0.6383 -0.0613
vn 0.7681 -0.6388 -0.0443
vn -0.0267 0.9991 -0.0328
vn -0.0275 0.9985 -0.0465
vn -0.0279 0.9923 -0.1208
vn -0.0280 0.9003 -0.4344
vn -0.0180 0.4268 -0.9042
vn -0.0062 0.0679 -0.9977
vn -0.0015 -0.0019 -1.0000
vn -0.0030 0.0574 -0.9983
vn -0.0084 0.2122 -0.9772
vn -0.0193 0.4804 -0.8768
vn -0.0349 0.7839 -0.6200
vn -0.0536 0.9935 -0.1005
vn -0.0470 0.9916 -0.1203
vn -0.0793 0.9930 -0.0877
vn -0.0755 0.9924 -0.0967
vn -0.0700 0.9928 -0.0970
vn -0.0621 0.9933 -0.0977
vn -0.0824 0.9939 -0.0732
vn -0.0813 0.9939 -0.0747
vn -0.0832 0.9940 -0.0716
vn -0.0824 0.9945 -0.0646
vn -0.0769 0.9970 -0.0093
vn -0.0659 0.7479 0.6605
vn -0.0918 -0.0000 0.9958
vn -0.0912 0.0083 0.9958
vn -0.0884 0.0714 0.9935
vn -0.0787 0.2937 0.9527
vn -0.0923 -0.0000 0.9957
vn -0.0922 -0.0000 0.9957
vn -0.0924 -0.0000 0.9957
vn -0.0923 0.0001 0.9957
vn -0.0922 0.0001 0.9957
vn -0.0922 -0.0001 0.9957
vn -0.0682 -0.7011 0.7098
vn -0.0782 -0.2930 0.9529
vn -0.0883 -0.0806 0.9928
vn -0.0914 -0.0104 0.9958
vn -0.0920 -0.0000 0.9958
vn -0.0854 -0.9959 0.0308
vn -0.0918 -0.9953 -0.0301
vn -0.0930 -0.9950 -0.0372
vn -0.0925 -0.9949 -0.0394
vn -0.0916 -0.9950 -0.0394
vn -0.0903 -0.9951 -0.0392
vn -0.0847 -0.9956 -0.0399
vn -0.0801 -0.9960 -0.0397
vn -0.0759 -0.9962 -0.0428
vn -0.0882 -0.9953 -0.0398
vn -0.0727 -0.9955 -0.0609
vn -0.0589 -0.8782 -0.4747
vn -0.0197 -0.3709 -0.9285
vn -0.0220 -0.4214 -0.9066
vn -0.0293 -0.5388 -0.8419
vn -0.0422 -0.7095 -0.7035
vn -0.0497 -0.9935 -0.1021
vn -0.0494 -0.9399 -0.3378
vn -0.0399 -0.6870 -0.7256
vn -0.0263 -0.4319 -0.9015
vn -0.0496 -0.9980 -0.0404
vn -0.0484 -0.9984 -0.0287
vn 0.9993 0.0102 -0.0354
vn 0.9994 0.0144 -0.0302
vn 0.9986 0.0355 -0.0401
vn 0.9986 0.0244 -0.0471
vn 0.9855 0.1427 -0.0922
vn 0.9893 0.0975 -0.1085
vn 0.9986 0.0069 -0.0519
vn 0.9993 0.0028 -0.0380
vn 0.9922 0.0269 -0.1218
vn 0.9911 0.0023 -0.1334
vn 0.9985 0.0007 -0.0540
vn 0.9993 0.0003 -0.0385
vn 0.0920 -0.0420 -0.9949
vn 0.2122 -0.0232 -0.9770
vn 0.1933 0.2356 -0.9524
vn 0.0740 0.2081 -0.9753
vn 0.5330 -0.0047 -0.8461
vn 0.5238 0.2265 -0.8212
vn 0.4076 0.7106 -0.5735
vn 0.1515 0.7610 -0.6309
vn 0.0690 0.7497 -0.6582
vn 0.9092 0.0039 -0.4163
vn 0.9155 0.1071 -0.3879
vn 0.8625 0.3837 -0.3300
vn 0.8141 0.5167 -0.2651
vn 0.3289 0.8522 -0.4069
vn 0.1078 0.8970 -0.4288
vn 0.0419 0.8968 -0.4404
vn 0.7323 -0.0632 -0.6780
vn 0.4272 -0.0767 -0.9009
vn 0.4093 0.1272 -0.9035
vn 0.7137 0.0886 -0.6948
vn 0.2218 -0.0718 -0.9724
vn 0.2053 0.1558 -0.9662
vn 0.1653 0.7118 -0.6826
vn 0.3224 0.6705 -0.6682
vn 0.5975 0.5650 -0.5690
vn 0.1196 -0.0586 -0.9911
vn 0.1028 0.1815 -0.9780
vn 0.0906 0.7336 -0.6735
vn 0.0564 0.8925 -0.4475
vn 0.1060 0.8851 -0.4532
vn 0.2142 0.8659 -0.4521
vn 0.4365 0.7966 -0.4181
vn 0.9963 0.0758 -0.0397
vn 1.0000 0.0081 -0.0046
vn 1.0000 0.0043 -0.0046
vn 0.9983 0.0414 -0.0413
vn 0.9992 0.0048 -0.0394
vn 1.0000 0.0005 -0.0044
vn 1.0000 -0.0003 -0.0039
vn 0.9994 -0.0032 -0.0339
vn 1.0000 0.0005 -0.0007
vn 1.0000 0.0001 -0.0007
vn 1.0000 0.0010 -0.0007
vn 0.8264 0.0002 0.5631
vn 0.8263 -0.0000 0.5632
vn -0.8263 -0.0000 0.5632
vn -1.0000 -0.0003 -0.0039
vn -1.0000 0.0001 -0.0007
vn -1.0000 0.0005 -0.0043
vn -1.0000 0.0005 -0.0007
vn -1.0000 0.0043 -0.0046
vn -1.0000 0.0010 -0.0007
vn -1.0000 0.0081 -0.0046
vn -0.7323 -0.0632 -0.6781
vn -0.9994 -0.0032 -0.0339
vn -0.9992 0.0048 -0.0394
vn -0.7137 0.0886 -0.6948
vn -0.9983 0.0415 -0.0413
vn -0.5975 0.5650 -0.5690
vn -0.9963 0.0758 -0.0397
vn -0.4365 0.7966 -0.4181
vn -0.0419 0.8968 -0.4404
vn -0.0564 0.8925 -0.4475
vn -0.0690 0.7497 -0.6582
vn -0.0906 0.7336 -0.6735
vn -0.1653 0.7119 -0.6826
vn -0.1060 0.8851 -0.4532
vn -0.0740 0.2081 -0.9753
vn -0.1028 0.1816 -0.9780
vn -0.0920 -0.0420 -0.9949
vn -0.1196 -0.0586 -0.9911
vn -0.2219 -0.0716 -0.9724
vn -0.2053 0.1558 -0.9662
vn -0.4093 0.1272 -0.9035
vn -0.3224 0.6705 -0.6682
vn -0.4272 -0.0767 -0.9009
vn -0.2142 0.8659 -0.4521
vn -0.9855 0.1427 -0.0922
vn -0.8141 0.5167 -0.2651
vn -0.9893 0.0975 -0.1085
vn -0.8625 0.3837 -0.3300
vn -0.4075 0.7106 -0.5735
vn -0.3289 0.8522 -0.4069
vn -0.9922 0.0269 -0.1218
vn -0.9155 0.1071 -0.3879
vn -0.9911 0.0023 -0.1334
vn -0.9092 0.0039 -0.4163
vn -0.5330 -0.0047 -0.8461
vn -0.5238 0.2265 -0.8212
vn -0.1933 0.2356 -0.9524
vn -0.1515 0.7610 -0.6308
vn -0.2121 -0.0232 -0.9770
vn -0.1078 0.8970 -0.4288
vn -0.9993 0.0102 -0.0353
vn -0.9993 0.0028 -0.0380
vn -0.9986 0.0069 -0.0519
vn -0.9986 0.0244 -0.0471
vn -0.9993 0.0003 -0.0385
vn -0.9985 0.0007 -0.0539
vn -0.9986 0.0355 -0.0401
vn -0.9994 0.0144 -0.0301
vn -0.7681 -0.6388 -0.0443
vn -0.7673 -0.6383 -0.0613
vn -0.7612 -0.6324 -0.1441
vn -0.7045 -0.5844 -0.4027
vn -0.4749 -0.3882 -0.7898
vn -0.2813 -0.2192 -0.9343
vn -0.1929 -0.1358 -0.9718
vn -0.2102 -0.1413 -0.9674
vn -0.2715 -0.1835 -0.9448
vn -0.3904 -0.2753 -0.8785
vn -0.5752 -0.4286 -0.6967
vn -0.7731 -0.6311 -0.0629
vn -0.7344 -0.6782 -0.0274
vn -0.6693 -0.7426 -0.0253
vn -0.5863 -0.8097 -0.0246
vn -0.4998 -0.8661 -0.0061
vn -0.2970 -0.8788 0.3734
vn -0.0196 -0.9994 -0.0296
vn -0.0642 -0.9973 0.0351
vn -0.0048 -0.9993 -0.0364
vn -0.0007 0.9974 -0.0718
vn -0.0028 0.9974 -0.0723
vn -0.0085 0.9978 -0.0659
vn -0.0330 0.9987 -0.0387
vn -0.0554 0.9942 -0.0927
vn -0.0839 0.9919 -0.0951
vn -0.1190 0.9883 -0.0957
vn -0.1508 0.9836 -0.0984
vn -0.1721 0.9765 -0.1294
vn -0.1217 0.6448 -0.7546
vn -0.0054 0.0194 -0.9998
vn -0.0252 0.1144 -0.9931
vn -0.0643 0.3172 -0.9462
vn -0.1857 0.9744 -0.1264
vn -0.1701 0.9102 -0.3776
vn -0.0932 0.5379 -0.8378
vn -0.0258 0.1682 -0.9854
vn -0.1858 0.9812 -0.0528
vn -0.1874 0.9815 -0.0380
vn 0.9985 -0.0014 -0.0548
vn 0.9992 -0.0005 -0.0390
vn 0.9906 -0.0059 -0.1367
vn 0.1329 -0.0468 -0.9900
vn 0.0195 -0.0446 -0.9988
vn 0.4706 -0.0436 -0.8813
vn 0.8986 -0.0215 -0.4382
vn 0.3879 -0.0350 -0.9210
vn 0.7231 -0.0253 -0.6903
vn 0.1635 -0.0392 -0.9858
vn 0.0523 -0.0419 -0.9978
vn 0.9995 -0.0011 -0.0317
vn 0.9987 -0.0000 0.0504
vn 0.8261 -0.0000 0.5635
vn -0.8261 -0.0000 0.5635
vn -0.9987 -0.0000 0.0504
vn -0.9995 -0.0011 -0.0318
vn -0.7231 -0.0253 -0.6903
vn -0.3879 -0.0350 -0.9210
vn -0.1635 -0.0392 -0.9858
vn -0.0523 -0.0419 -0.9978
vn -0.0195 -0.0446 -0.9988
vn -0.1329 -0.0468 -0.9900
vn -0.4706 -0.0436 -0.8813
vn -0.8986 -0.0215 -0.4382
vn -0.9906 -0.0059 -0.1367
vn -0.9985 -0.0014 -0.0548
vn -0.9992 -0.0005 -0.0390
vn -0.9985 0.0007 -0.0542
vn -0.9992 0.0003 -0.0387
vn -0.9910 0.0023 -0.1335
vn -0.2520 -0.0234 -0.9675
vn -0.1381 -0.0419 -0.9895
vn -0.5551 -0.0049 -0.8318
vn -0.9103 0.0038 -0.4140
vn -0.4619 -0.0755 -0.8837
vn -0.7497 -0.0615 -0.6589
vn -0.2639 -0.0711 -0.9619
vn -0.1640 -0.0585 -0.9847
vn -0.9995 -0.0031 -0.0328
vn 0.9995 -0.0032 -0.0328
vn 0.7497 -0.0615 -0.6589
vn 0.4619 -0.0755 -0.8837
vn 0.2639 -0.0711 -0.9619
vn 0.1643 -0.0586 -0.9847
vn 0.1381 -0.0419 -0.9895
vn 0.2520 -0.0233 -0.9675
vn 0.5551 -0.0049 -0.8318
vn 0.9103 0.0038 -0.4140
vn 0.9910 0.0023 -0.1335
vn 0.9985 0.0007 -0.0542
vn 0.9992 0.0003 -0.0387
vn 0.9981 0.0441 -0.0441
vn 0.9960 0.0768 -0.0449
vn 0.9894 0.1025 -0.1025
vn 0.9960 0.0449 -0.0769
vn 0.9962 0.0876 -0.0000
vn 0.9921 0.1257 -0.0000
vn 0.9921 -0.0000 -0.1257
vn 0.9962 -0.0000 -0.0876
vn 0.9960 0.0769 0.0449
vn 0.9894 0.1026 0.1026
vn 0.9981 0.0441 0.0441
vn 0.9960 0.0449 0.0769
vn 0.9962 -0.0000 0.0876
vn 0.9921 -0.0000 0.1254
vn 0.9894 -0.1025 0.1025
vn 0.9921 -0.1257 -0.0000
vn 0.9960 -0.0449 0.0768
vn 0.9981 -0.0441 0.0441
vn 0.9960 -0.0769 0.0449
vn 0.9962 -0.0876 -0.0000
vn 0.9894 -0.1025 -0.1025
vn 0.9960 -0.0449 -0.0768
vn 0.9960 -0.0769 -0.0449
vn 0.9981 -0.0441 -0.0441
vn 0.9555 0.2085 0.2085
vn 0.9554 0.2770 0.1023
vn 0.7943 0.5698 0.2106
vn 0.7992 0.4251 0.4251
vn 0.9549 0.2970 -0.0000
vn 0.7902 0.6129 -0.0000
vn 0.6895 0.7243 -0.0000
vn 0.6965 0.6734 0.2477
vn 0.7065 0.5004 0.5004
vn 0.9554 0.2770 -0.1023
vn 0.7943 0.5698 -0.2106
vn 0.9555 0.2085 -0.2085
vn 0.7992 0.4251 -0.4251
vn 0.7065 0.5004 -0.5004
vn 0.6965 0.6735 -0.2476
vn 0.6895 -0.7243 -0.0000
vn 0.6965 -0.6734 -0.2477
vn 0.7943 -0.5699 -0.2106
vn 0.7902 -0.6129 -0.0000
vn 0.7065 -0.5004 -0.5004
vn 0.7992 -0.4251 -0.4251
vn 0.9555 -0.2085 -0.2085
vn 0.9554 -0.2770 -0.1023
vn 0.9549 -0.2970 -0.0000
vn 0.7065 -0.5004 0.5004
vn 0.6965 -0.6734 0.2477
vn 0.7943 -0.5698 0.2106
vn 0.7992 -0.4251 0.4251
vn 0.9554 -0.2770 0.1023
vn 0.9555 -0.2085 0.2085
vn 0.7943 -0.2106 -0.5699
vn 0.9554 -0.1023 -0.2770
vn 0.6965 -0.2477 -0.6734
vn 0.6895 -0.0000 -0.7243
vn 0.7902 -0.0000 -0.6129
vn 0.9549 -0.0000 -0.2970
vn 0.7943 0.2106 -0.5698
vn 0.9554 0.1023 -0.2770
vn 0.6965 0.2477 -0.6734
vn 0.6895 -0.0000 0.7243
vn 0.6965 -0.2477 0.6734
vn 0.7943 -0.2106 0.5698
vn 0.7901 -0.0000 0.6129
vn 0.9554 -0.1023 0.2770
vn 0.9549 -0.0000 0.2970
vn 0.6965 0.2477 0.6734
vn 0.7943 0.2106 0.5698
vn 0.9554 0.1023 0.2770
vn 0.6893 -0.0000 0.7245
vn 0.6965 0.2463 0.6740
vn 0.6966 0.2494 0.6727
vn 0.7067 0.5003 0.5003
vn 0.7067 -0.5003 0.5003
vn 0.6965 -0.2463 0.6740
vn 0.6966 -0.2494 0.6727
vn 0.6966 -0.6727 0.2495
vn 0.6965 -0.6740 0.2464
vn 0.6893 -0.7245 -0.0000
vn 0.6966 -0.6727 -0.2494
vn 0.6965 -0.6740 -0.2463
vn 0.7067 -0.5003 -0.5003
vn 0.6965 -0.2463 -0.6740
vn 0.6893 -0.0000 -0.7245
vn 0.6966 -0.2495 -0.6727
vn 0.6965 0.2464 -0.6740
vn 0.7067 0.5003 -0.5003
vn 0.6966 0.2494 -0.6727
vn 0.6965 0.6740 -0.2464
vn 0.6893 0.7245 -0.0000
vn 0.6966 0.6727 -0.2494
vn 0.6965 0.6740 0.2464
vn 0.6966 0.6727 0.2495
vn 0.9988 -0.0471 0.0152
vn 0.9983 -0.0410 0.0410
vn 0.9990 -0.0436 -0.0000
vn 0.9988 -0.0152 0.0471
vn 0.9990 -0.0000 0.0436
vn 0.9988 -0.0471 -0.0152
vn 0.9983 -0.0410 -0.0410
vn 0.9988 -0.0152 -0.0471
vn 0.9990 -0.0000 -0.0436
vn 0.9988 0.0152 -0.0471
vn 0.9983 0.0410 -0.0410
vn 0.9988 0.0471 -0.0152
vn 0.9990 0.0436 -0.0000
vn 0.9988 0.0471 0.0152
vn 0.9983 0.0410 0.0410
vn 0.9988 0.0152 0.0471
vn -0.9981 -0.0441 -0.0441
vn -0.9960 -0.0769 -0.0449
vn -0.9894 -0.1025 -0.1025
vn -0.9960 -0.0449 -0.0769
vn -0.9962 -0.0876 -0.0000
vn -0.9921 -0.1257 -0.0000
vn -0.9921 -0.0000 -0.1257
vn -0.9962 -0.0000 -0.0876
vn -0.9960 -0.0769 0.0449
vn -0.9894 -0.1025 0.1025
vn -0.9981 -0.0441 0.0441
vn -0.9960 -0.0449 0.0769
vn -0.9962 -0.0000 0.0876
vn -0.9921 -0.0000 0.1254
vn -0.9894 0.1025 0.1025
vn -0.9921 0.1257 -0.0000
vn -0.9960 0.0449 0.0769
vn -0.9981 0.0441 0.0441
vn -0.9960 0.0769 0.0449
vn -0.9962 0.0876 -0.0000
vn -0.9894 0.1025 -0.1025
vn -0.9960 0.0449 -0.0769
vn -0.9960 0.0769 -0.0449
vn -0.9981 0.0440 -0.0440
vn -0.9555 -0.2085 0.2085
vn -0.9554 -0.2770 0.1023
vn -0.7943 -0.5699 0.2106
vn -0.7992 -0.4251 0.4251
vn -0.9549 -0.2970 -0.0000
vn -0.7901 -0.6129 -0.0000
vn -0.6895 -0.7243 -0.0000
vn -0.6965 -0.6735 0.2476
vn -0.7065 -0.5004 0.5004
vn -0.9554 -0.2770 -0.1023
vn -0.7943 -0.5699 -0.2106
vn -0.9555 -0.2085 -0.2085
vn -0.7992 -0.4251 -0.4251
vn -0.7065 -0.5004 -0.5004
vn -0.6965 -0.6734 -0.2477
vn -0.6895 0.7243 -0.0000
vn -0.6965 0.6734 -0.2477
vn -0.7943 0.5699 -0.2106
vn -0.7902 0.6129 -0.0000
vn -0.7065 0.5004 -0.5004
vn -0.7992 0.4251 -0.4251
vn -0.9555 0.2085 -0.2085
vn -0.9554 0.2770 -0.1023
vn -0.9549 0.2970 -0.0000
vn -0.7065 0.5004 0.5004
vn -0.6965 0.6734 0.2477
vn -0.7943 0.5699 0.2106
vn -0.7992 0.4251 0.4251
vn -0.9554 0.2770 0.1023
vn -0.9555 0.2085 0.2085
vn -0.7943 0.2106 -0.5699
vn -0.9554 0.1023 -0.2770
vn -0.6965 0.2477 -0.6734
vn -0.6895 -0.0000 -0.7243
vn -0.7901 -0.0000 -0.6129
vn -0.9549 -0.0000 -0.2970
vn -0.7943 -0.2106 -0.5699
vn -0.9554 -0.1023 -0.2770
vn -0.6965 -0.2478 -0.6734
vn -0.6895 -0.0000 0.7243
vn -0.6965 0.2477 0.6734
vn -0.7943 0.2106 0.5699
vn -0.7902 -0.0000 0.6129
vn -0.9554 0.1023 0.2770
vn -0.9549 -0.0000 0.2970
vn -0.6965 -0.2477 0.6734
vn -0.7943 -0.2106 0.5699
vn -0.9554 -0.1023 0.2770
vn -0.6893 -0.0000 0.7245
vn -0.6965 -0.2464 0.6740
vn -0.6966 -0.2495 0.6727
vn -0.7067 -0.5003 0.5003
vn -0.7067 0.5003 0.5003
vn -0.6965 0.2464 0.6740
vn -0.6966 0.2494 0.6727
vn -0.6966 0.6727 0.2494
vn -0.6965 0.6740 0.2464
vn -0.6893 0.7245 -0.0000
vn -0.6893 0.7244 -0.0000
vn -0.6966 0.6727 -0.2494
vn -0.6965 0.6740 -0.2463
vn -0.7067 0.5003 -0.5003
vn -0.6965 0.2464 -0.6740
vn -0.6893 -0.0000 -0.7245
vn -0.6966 0.2494 -0.6727
vn -0.6965 -0.2464 -0.6740
vn -0.7067 -0.5003 -0.5003
vn -0.6966 -0.2494 -0.6727
vn -0.6965 -0.6740 -0.2463
vn -0.6893 -0.7244 -0.0000
vn -0.6966 -0.6727 -0.2494
vn -0.6893 -0.7245 -0.0000
vn -0.6965 -0.6740 0.2464
vn -0.6966 -0.6727 0.2494
vn -0.9988 0.0471 0.0152
vn -0.9983 0.0410 0.0410
vn -0.9990 0.0436 -0.0000
vn -0.9988 0.0152 0.0471
vn -0.9990 -0.0000 0.0436
vn -0.9988 0.0471 -0.0152
vn -0.9983 0.0410 -0.0410
vn -0.9988 0.0152 -0.0471
vn -0.9990 -0.0000 -0.0436
vn -0.9988 -0.0152 -0.0471
vn -0.9983 -0.0410 -0.0410
vn -0.9988 -0.0471 -0.0152
vn -0.9990 -0.0436 -0.0000
vn -0.9988 -0.0471 0.0152
vn -0.9983 -0.0410 0.0410
vn -0.9988 -0.0152 0.0471
vt 0.494683 0.031808
vt 0.506755 0.034216
vt 0.508568 0.044978
vt 0.495421 0.042771
vt 0.522763 0.036212
vt 0.525247 0.046851
vt 0.527521 0.057796
vt 0.510206 0.056584
vt 0.496151 0.054944
vt 0.472094 0.054924
vt 0.458036 0.056540
vt 0.459693 0.044936
vt 0.472844 0.042752
vt 0.440719 0.057723
vt 0.443012 0.046781
vt 0.445514 0.036146
vt 0.461525 0.034177
vt 0.473601 0.031790
vt 0.484143 0.030747
vt 0.484134 0.041902
vt 0.484123 0.054305
vt 0.472328 0.113274
vt 0.484072 0.114563
vt 0.484061 0.127033
vt 0.472887 0.125550
vt 0.495818 0.113294
vt 0.495238 0.125569
vt 0.494763 0.136884
vt 0.484052 0.138494
vt 0.473343 0.136866
vt 0.460553 0.132843
vt 0.459483 0.121690
vt 0.443552 0.128715
vt 0.442233 0.117715
vt 0.440762 0.106707
vt 0.458338 0.109928
vt 0.509813 0.109972
vt 0.508648 0.121732
vt 0.527395 0.106780
vt 0.525905 0.117786
vt 0.524568 0.128783
vt 0.507560 0.132883
vt 0.471050 0.084518
vt 0.484097 0.084828
vt 0.484084 0.100139
vt 0.471563 0.099275
vt 0.497145 0.084540
vt 0.496607 0.099296
vt 0.512596 0.083764
vt 0.511443 0.097090
vt 0.531067 0.082917
vt 0.529547 0.095116
vt 0.456730 0.097043
vt 0.438629 0.095039
vt 0.437130 0.082837
vt 0.455600 0.083716
vt 0.484110 0.069175
vt 0.471415 0.069386
vt 0.496805 0.069408
vt 0.456500 0.069928
vt 0.438506 0.070067
vt 0.511720 0.069974
vt 0.529713 0.070144
vt 0.374622 0.291108
vt 0.374004 0.255575
vt 0.375589 0.255546
vt 0.376161 0.291043
vt 0.373299 0.218302
vt 0.374907 0.218417
vt 0.378470 0.218529
vt 0.378754 0.255483
vt 0.378898 0.290927
vt 0.683462 0.842186
vt 0.685803 0.829529
vt 0.702441 0.827676
vt 0.697276 0.839180
vt 0.687506 0.802027
vt 0.706504 0.801344
vt 0.721516 0.801173
vt 0.715599 0.826348
vt 0.707511 0.834901
vt 0.408548 0.312453
vt 0.405609 0.309352
vt 0.408664 0.305250
vt 0.412064 0.307790
vt 0.401595 0.307216
vt 0.404175 0.303908
vt 0.407274 0.290754
vt 0.412531 0.292111
vt 0.416163 0.298195
vt 0.410969 0.217525
vt 0.404711 0.200701
vt 0.408467 0.197674
vt 0.416212 0.215678
vt 0.396584 0.193906
vt 0.398739 0.189446
vt 0.400850 0.184852
vt 0.411880 0.194252
vt 0.420488 0.213496
vt 0.113281 0.288382
vt 0.116101 0.301598
vt 0.111584 0.302843
vt 0.107998 0.289624
vt 0.118611 0.304960
vt 0.114551 0.307009
vt 0.111547 0.310045
vt 0.108130 0.305308
vt 0.104237 0.295628
vt 0.126009 0.191781
vt 0.117740 0.198402
vt 0.114049 0.195296
vt 0.123949 0.187276
vt 0.111128 0.215090
vt 0.105926 0.213133
vt 0.101696 0.210861
vt 0.110709 0.191803
vt 0.121935 0.182638
vt 0.426387 0.903892
vt 0.437454 0.904488
vt 0.438669 0.911659
vt 0.427264 0.911098
vt 0.446361 0.904798
vt 0.447907 0.911921
vt 0.448619 0.921065
vt 0.439186 0.920800
vt 0.427573 0.920270
vt 0.179586 0.903892
vt 0.178130 0.911062
vt 0.172261 0.911111
vt 0.174008 0.903960
vt 0.177539 0.920249
vt 0.171553 0.920392
vt 0.155300 0.920645
vt 0.155310 0.911510
vt 0.161728 0.903625
vt 0.383081 0.907029
vt 0.363079 0.901608
vt 0.361391 0.891653
vt 0.381598 0.898169
vt 0.348908 0.899747
vt 0.347492 0.889621
vt 0.346589 0.881897
vt 0.360346 0.884002
vt 0.380920 0.891156
vt 0.275803 0.899791
vt 0.261627 0.901718
vt 0.263303 0.891791
vt 0.277207 0.889668
vt 0.241622 0.907203
vt 0.243091 0.898384
vt 0.243760 0.891413
vt 0.264342 0.884169
vt 0.278102 0.881949
vt 0.240592 0.711690
vt 0.262141 0.721111
vt 0.259537 0.724607
vt 0.238332 0.716244
vt 0.273440 0.723080
vt 0.273919 0.725885
vt 0.275055 0.730973
vt 0.260768 0.729843
vt 0.239062 0.722349
vt 0.242629 0.749478
vt 0.265820 0.752204
vt 0.266558 0.760836
vt 0.243039 0.759723
vt 0.278897 0.752562
vt 0.279390 0.760900
vt 0.279328 0.767974
vt 0.266505 0.768083
vt 0.242649 0.767921
vt 0.465874 0.818170
vt 0.465774 0.810057
vt 0.471187 0.810340
vt 0.471399 0.818358
vt 0.466761 0.801995
vt 0.472197 0.802393
vt 0.492101 0.802548
vt 0.491066 0.810664
vt 0.491177 0.818780
vt 0.497126 0.786445
vt 0.477361 0.786258
vt 0.479641 0.778127
vt 0.499259 0.778445
vt 0.471687 0.785693
vt 0.473895 0.777621
vt 0.475666 0.765625
vt 0.481373 0.766028
vt 0.500529 0.766768
vt 0.500711 0.729574
vt 0.483889 0.727162
vt 0.484590 0.718206
vt 0.500627 0.720644
vt 0.478490 0.726616
vt 0.479560 0.717243
vt 0.477343 0.712957
vt 0.483081 0.713370
vt 0.500247 0.715215
vt 0.345288 0.782147
vt 0.357915 0.782589
vt 0.358094 0.789968
vt 0.345405 0.789401
vt 0.381821 0.784337
vt 0.381917 0.792536
vt 0.381821 0.800740
vt 0.358289 0.797440
vt 0.345524 0.796746
vt 0.381751 0.768028
vt 0.358153 0.768081
vt 0.357987 0.760885
vt 0.381386 0.759875
vt 0.345404 0.767959
vt 0.345308 0.760884
vt 0.345811 0.752550
vt 0.358735 0.752284
vt 0.381737 0.749630
vt 0.385554 0.722253
vt 0.363937 0.729817
vt 0.365202 0.724541
vt 0.386358 0.716089
vt 0.349680 0.730922
vt 0.350818 0.725825
vt 0.351292 0.723015
vt 0.362602 0.721034
vt 0.384109 0.711519
vt 0.242805 0.784408
vt 0.266780 0.782672
vt 0.266556 0.790161
vt 0.242660 0.792825
vt 0.279455 0.782181
vt 0.279316 0.789461
vt 0.279169 0.796841
vt 0.266293 0.797784
vt 0.242658 0.801300
vt 0.243593 0.818730
vt 0.266209 0.813636
vt 0.265704 0.822984
vt 0.243393 0.828920
vt 0.279134 0.812173
vt 0.278786 0.821281
vt 0.278421 0.831027
vt 0.265216 0.832984
vt 0.243174 0.839633
vt 0.487101 0.854401
vt 0.468347 0.854528
vt 0.471147 0.844668
vt 0.490394 0.844657
vt 0.462756 0.854157
vt 0.465409 0.844298
vt 0.467359 0.834949
vt 0.473197 0.835189
vt 0.492863 0.835363
vt 0.157480 0.834046
vt 0.159546 0.843421
vt 0.153818 0.843874
vt 0.151646 0.834373
vt 0.162365 0.853295
vt 0.156776 0.853745
vt 0.137796 0.853598
vt 0.134380 0.843913
vt 0.131807 0.834663
vt 0.380673 0.884313
vt 0.359946 0.876969
vt 0.359792 0.865927
vt 0.380563 0.873157
vt 0.346329 0.874946
vt 0.346387 0.864211
vt 0.346405 0.851250
vt 0.359579 0.852598
vt 0.380666 0.859384
vt 0.381227 0.837799
vt 0.359292 0.831819
vt 0.358786 0.822066
vt 0.380966 0.827452
vt 0.346224 0.830736
vt 0.345861 0.821053
vt 0.345522 0.811999
vt 0.358286 0.812946
vt 0.380760 0.817609
vt 0.243870 0.861539
vt 0.265016 0.854011
vt 0.264856 0.866866
vt 0.244041 0.874559
vt 0.278260 0.851611
vt 0.278294 0.864455
vt 0.278358 0.875054
vt 0.264729 0.877365
vt 0.243980 0.884904
vt 0.147995 0.764603
vt 0.149976 0.776636
vt 0.144165 0.777225
vt 0.142225 0.765085
vt 0.152409 0.784714
vt 0.146683 0.785364
vt 0.126774 0.785803
vt 0.124395 0.777809
vt 0.122932 0.766103
vt 0.132248 0.801874
vt 0.152285 0.801475
vt 0.153419 0.809416
vt 0.133396 0.809970
vt 0.157767 0.800989
vt 0.158871 0.809042
vt 0.158833 0.817173
vt 0.153283 0.817451
vt 0.133352 0.818076
vt 0.123050 0.714300
vt 0.140258 0.712212
vt 0.138781 0.717083
vt 0.122704 0.719755
vt 0.146011 0.711721
vt 0.143827 0.716046
vt 0.144977 0.725441
vt 0.139549 0.726072
vt 0.122640 0.728728
vt 0.139151 0.320043
vt 0.135642 0.323251
vt 0.133649 0.321067
vt 0.135574 0.318365
vt 0.128365 0.325244
vt 0.128332 0.319326
vt 0.130222 0.315627
vt 0.420890 0.216820
vt 0.420102 0.255180
vt 0.415543 0.254956
vt 0.416228 0.217146
vt 0.416999 0.296061
vt 0.412449 0.291048
vt 0.410194 0.254864
vt 0.387229 0.184026
vt 0.388589 0.179039
vt 0.386199 0.189030
vt 0.377163 0.186615
vt 0.378056 0.181521
vt 0.376593 0.174807
vt 0.111116 0.252437
vt 0.105767 0.252416
vt 0.105879 0.214600
vt 0.108100 0.288565
vt 0.103446 0.293480
vt 0.101204 0.252543
vt 0.101225 0.214175
vt 0.414880 0.919561
vt 0.414725 0.910383
vt 0.402425 0.919017
vt 0.402285 0.910066
vt 0.401873 0.902895
vt 0.414167 0.903151
vt 0.059209 0.904439
vt 0.108452 0.904422
vt 0.110450 0.911406
vt 0.063609 0.911400
vt 0.113296 0.920522
vt 0.069428 0.920480
vt 0.323216 0.898028
vt 0.322745 0.887726
vt 0.334588 0.888388
vt 0.335574 0.898623
vt 0.322437 0.879914
vt 0.333950 0.880610
vt 0.464135 0.904313
vt 0.517153 0.904512
vt 0.515274 0.911463
vt 0.470632 0.912087
vt 0.566166 0.903950
vt 0.561904 0.910892
vt 0.556259 0.919961
vt 0.512581 0.920547
vt 0.470769 0.921178
vt 0.606510 0.786514
vt 0.550900 0.786696
vt 0.552022 0.778731
vt 0.606603 0.778564
vt 0.551837 0.767927
vt 0.605031 0.768693
vt 0.547937 0.802666
vt 0.546742 0.810730
vt 0.605740 0.802446
vt 0.604425 0.810518
vt 0.602832 0.818632
vt 0.546028 0.818824
vt 0.595071 0.742507
vt 0.546565 0.736060
vt 0.545202 0.728498
vt 0.592551 0.736391
vt 0.544874 0.722988
vt 0.592164 0.730955
vt 0.076648 0.735865
vt 0.078045 0.728235
vt 0.028040 0.742969
vt 0.030621 0.736768
vt 0.030989 0.731296
vt 0.078350 0.722693
vt 0.323413 0.730914
vt 0.323754 0.725781
vt 0.336780 0.726056
vt 0.336063 0.731112
vt 0.325418 0.721034
vt 0.339983 0.722222
vt 0.459991 0.712870
vt 0.459500 0.715403
vt 0.449818 0.714932
vt 0.452389 0.711457
vt 0.458484 0.724801
vt 0.448784 0.724205
vt 0.440226 0.723611
vt 0.441360 0.714482
vt 0.443039 0.710539
vt 0.454651 0.763943
vt 0.452823 0.775935
vt 0.442766 0.775029
vt 0.444609 0.763033
vt 0.450885 0.784090
vt 0.440978 0.783246
vt 0.432305 0.782355
vt 0.433970 0.774079
vt 0.435842 0.762100
vt 0.446731 0.800622
vt 0.445754 0.808689
vt 0.436254 0.807874
vt 0.437242 0.799854
vt 0.445531 0.816839
vt 0.435860 0.815996
vt 0.427406 0.815116
vt 0.427943 0.807028
vt 0.428937 0.799048
vt 0.072695 0.786780
vt 0.071302 0.778836
vt 0.016851 0.787321
vt 0.016489 0.779396
vt 0.017899 0.769488
vt 0.071306 0.768001
vt 0.018074 0.803155
vt 0.076131 0.802672
vt 0.077381 0.810631
vt 0.019397 0.811063
vt 0.078076 0.818597
vt 0.020910 0.818969
vt 0.322172 0.795978
vt 0.322137 0.788776
vt 0.333342 0.789012
vt 0.333417 0.796272
vt 0.322102 0.781662
vt 0.333268 0.781842
vt 0.322137 0.767733
vt 0.322108 0.760762
vt 0.333278 0.760801
vt 0.333334 0.767813
vt 0.322260 0.752545
vt 0.333599 0.752562
vt 0.476265 0.874494
vt 0.530820 0.875121
vt 0.525012 0.887723
vt 0.476395 0.887723
vt 0.581821 0.875245
vt 0.575326 0.887571
vt 0.569821 0.897569
vt 0.519873 0.898010
vt 0.471656 0.898315
vt 0.154058 0.897640
vt 0.105495 0.897714
vt 0.099875 0.886948
vt 0.149079 0.886948
vt 0.055248 0.897756
vt 0.049101 0.887030
vt 0.041971 0.874075
vt 0.093579 0.873931
vt 0.149034 0.873681
vt 0.333795 0.873698
vt 0.333910 0.863105
vt 0.322360 0.873010
vt 0.322416 0.862454
vt 0.322455 0.849711
vt 0.333995 0.850316
vt 0.545140 0.835415
vt 0.542017 0.844780
vt 0.599271 0.835297
vt 0.595535 0.844749
vt 0.591081 0.854646
vt 0.538072 0.854578
vt 0.446003 0.833771
vt 0.444291 0.843120
vt 0.434186 0.842408
vt 0.435736 0.832994
vt 0.442071 0.853033
vt 0.432201 0.852398
vt 0.423591 0.851671
vt 0.425366 0.841639
vt 0.426731 0.832159
vt 0.024329 0.835186
vt 0.078939 0.834925
vt 0.082092 0.844080
vt 0.028044 0.844319
vt 0.086083 0.853637
vt 0.032496 0.853859
vt 0.322390 0.829448
vt 0.322276 0.819871
vt 0.333639 0.820336
vt 0.333876 0.829960
vt 0.322173 0.810937
vt 0.333422 0.811351
vt 0.134317 0.177086
vt 0.135570 0.182100
vt 0.146399 0.173108
vt 0.144794 0.179790
vt 0.145579 0.184901
vt 0.136494 0.187125
vt 0.290112 0.888400
vt 0.289138 0.898638
vt 0.290741 0.880619
vt 0.302254 0.879918
vt 0.301955 0.887732
vt 0.301496 0.898035
vt 0.302327 0.873014
vt 0.290893 0.873706
vt 0.290777 0.863115
vt 0.302270 0.862458
vt 0.290688 0.850326
vt 0.302229 0.849716
vt 0.291048 0.820341
vt 0.290806 0.829966
vt 0.291275 0.811356
vt 0.302528 0.810941
vt 0.302416 0.819874
vt 0.302295 0.829452
vt 0.291391 0.789026
vt 0.291303 0.796283
vt 0.291476 0.781857
vt 0.302638 0.781669
vt 0.302595 0.788783
vt 0.302549 0.795983
vt 0.291470 0.760826
vt 0.291416 0.767833
vt 0.291148 0.752594
vt 0.302488 0.752560
vt 0.302643 0.760774
vt 0.302611 0.767745
vt 0.287943 0.726102
vt 0.288669 0.731156
vt 0.284733 0.722273
vt 0.299284 0.721059
vt 0.300961 0.725803
vt 0.301313 0.730935
vt 0.376201 0.333936
vt 0.377216 0.331925
vt 0.381155 0.331781
vt 0.383232 0.331813
vt 0.377405 0.329921
vt 0.382272 0.329821
vt 0.391415 0.327290
vt 0.199620 0.902713
vt 0.211875 0.901806
vt 0.211412 0.909071
vt 0.198837 0.909958
vt 0.224210 0.901382
vt 0.223893 0.908585
vt 0.223873 0.917570
vt 0.211381 0.918284
vt 0.198651 0.919167
vt 0.178733 0.832563
vt 0.188836 0.831694
vt 0.190544 0.841064
vt 0.180555 0.841934
vt 0.197555 0.830873
vt 0.199234 0.840067
vt 0.201542 0.849873
vt 0.192902 0.850943
vt 0.183031 0.851825
vt 0.178074 0.799294
vt 0.187795 0.798364
vt 0.188863 0.806437
vt 0.179140 0.807351
vt 0.196374 0.797378
vt 0.197434 0.805613
vt 0.197755 0.813918
vt 0.189108 0.814623
vt 0.179311 0.815522
vt 0.169150 0.762632
vt 0.179135 0.761596
vt 0.181225 0.773575
vt 0.171211 0.774656
vt 0.187799 0.760584
vt 0.189892 0.772395
vt 0.191989 0.780548
vt 0.183344 0.781767
vt 0.173402 0.782811
vt 0.180441 0.708677
vt 0.182453 0.712556
vt 0.173799 0.713289
vt 0.171102 0.709863
vt 0.183626 0.721866
vt 0.174970 0.722571
vt 0.165151 0.723328
vt 0.164008 0.713930
vt 0.163468 0.711396
vt 0.118567 0.252737
vt 0.120538 0.288305
vt 0.117912 0.215943
vt 0.126671 0.216590
vt 0.127646 0.253119
vt 0.129035 0.288525
vt 0.634359 0.835965
vt 0.626025 0.827645
vt 0.639216 0.828598
vt 0.644714 0.839948
vt 0.619376 0.802648
vt 0.634385 0.802397
vt 0.653396 0.802524
vt 0.655901 0.829965
vt 0.658610 0.842549
vt 0.619974 0.753414
vt 0.634594 0.752882
vt 0.623796 0.706781
vt 0.637106 0.706339
vt 0.653941 0.706029
vt 0.653108 0.752623
vt 0.704849 0.751856
vt 0.719479 0.751975
vt 0.686336 0.752137
vt 0.684141 0.705587
vt 0.700979 0.705406
vt 0.714296 0.705470
vt 0.639175 0.689057
vt 0.654773 0.688486
vt 0.626821 0.689618
vt 0.630791 0.685778
vt 0.641958 0.684769
vt 0.656055 0.683692
vt 0.698405 0.688191
vt 0.710771 0.688401
vt 0.682798 0.688076
vt 0.681376 0.683322
vt 0.695499 0.683987
vt 0.706690 0.684677
vt 0.121528 0.199602
vt 0.127219 0.193778
vt 0.129870 0.195359
vt 0.127426 0.200009
vt 0.373464 0.199148
vt 0.374995 0.199631
vt 0.373936 0.191468
vt 0.375339 0.192330
vt 0.378650 0.192909
vt 0.378570 0.200145
vt 0.375236 0.309590
vt 0.374999 0.305004
vt 0.376497 0.304878
vt 0.376726 0.309343
vt 0.379024 0.304660
vt 0.379175 0.308947
vt 0.122356 0.301622
vt 0.123617 0.304613
vt 0.129918 0.301976
vt 0.130304 0.305556
vt 0.163777 0.972035
vt 0.161049 0.957033
vt 0.176189 0.957773
vt 0.179288 0.973261
vt 0.158170 0.941166
vt 0.173215 0.941348
vt 0.179251 0.940985
vt 0.182237 0.957346
vt 0.185373 0.972820
vt 0.200559 0.939740
vt 0.213369 0.938768
vt 0.216495 0.954928
vt 0.203624 0.956015
vt 0.225863 0.937323
vt 0.229088 0.953106
vt 0.232599 0.968294
vt 0.219882 0.970321
vt 0.206909 0.971484
vt 0.400707 0.938721
vt 0.413173 0.939993
vt 0.410275 0.956133
vt 0.397706 0.954486
vt 0.425947 0.940790
vt 0.423112 0.957043
vt 0.420046 0.972497
vt 0.407106 0.971512
vt 0.394410 0.969664
vt 0.434878 0.957640
vt 0.431894 0.973096
vt 0.437668 0.941352
vt 0.447191 0.941745
vt 0.444435 0.958084
vt 0.441518 0.973541
vt 0.463021 0.972470
vt 0.465539 0.957488
vt 0.504303 0.955246
vt 0.503147 0.968957
vt 0.468194 0.941645
vt 0.506295 0.940581
vt 0.546290 0.939540
vt 0.545399 0.952989
vt 0.546078 0.965378
vt 0.237518 0.925027
vt 0.257983 0.921706
vt 0.259406 0.933372
vt 0.238103 0.936588
vt 0.272808 0.920106
vt 0.273738 0.931608
vt 0.275200 0.942029
vt 0.261395 0.943887
vt 0.239491 0.947330
vt 0.287549 0.930395
vt 0.288426 0.940749
vt 0.287053 0.919062
vt 0.300500 0.918504
vt 0.300753 0.929720
vt 0.301198 0.940051
vt 0.323582 0.940041
vt 0.324010 0.929710
vt 0.337216 0.930372
vt 0.336356 0.940726
vt 0.324245 0.918494
vt 0.337692 0.919040
vt 0.351937 0.920068
vt 0.351029 0.931569
vt 0.349586 0.941990
vt 0.366762 0.921641
vt 0.365365 0.933313
vt 0.387233 0.924917
vt 0.386675 0.936487
vt 0.385309 0.947230
vt 0.363395 0.943829
vt 0.079751 0.940090
vt 0.119910 0.940605
vt 0.122112 0.955305
vt 0.080834 0.953590
vt 0.123456 0.969050
vt 0.080318 0.966034
vt 0.263349 0.740502
vt 0.277110 0.741278
vt 0.240771 0.735139
vt 0.600215 0.754975
vt 0.549394 0.751461
vt 0.500791 0.747714
vt 0.482779 0.746013
vt 0.477189 0.745633
vt 0.456651 0.743956
vt 0.446790 0.743163
vt 0.438138 0.742373
vt 0.185589 0.740871
vt 0.176936 0.741669
vt 0.167055 0.742563
vt 0.146344 0.744524
vt 0.140692 0.744966
vt 0.122586 0.746956
vt 0.073749 0.751406
vt 0.022768 0.755611
vt 0.361281 0.740550
vt 0.383700 0.735173
vt 0.347614 0.741250
vt 0.334739 0.741369
vt 0.322794 0.741291
vt 0.290003 0.741409
vt 0.301946 0.741309
vt 0.158002 0.110645
vt 0.166520 0.147479
vt 0.163183 0.135577
vt 0.156016 0.108463
vt 0.174407 0.192981
vt 0.164080 0.148318
vt 0.154573 0.112383
vt 0.145425 0.077627
vt 0.150351 0.090624
vt 0.148664 0.091518
vt 0.143679 0.078386
vt 0.146649 0.092657
vt 0.141491 0.079429
vt 0.139315 0.065669
vt 0.141073 0.065005
vt 0.137083 0.066597
vt 0.132313 0.054345
vt 0.134477 0.053216
vt 0.136216 0.052364
vt 0.372092 0.075136
vt 0.376165 0.062422
vt 0.377937 0.063047
vt 0.373854 0.075857
vt 0.380743 0.049677
vt 0.382501 0.050490
vt 0.384688 0.051572
vt 0.380189 0.063926
vt 0.376064 0.076851
vt 0.360243 0.108423
vt 0.367452 0.088238
vt 0.369158 0.089095
vt 0.362180 0.106197
vt 0.371198 0.090189
vt 0.363710 0.110085
vt 0.345651 0.191100
vt 0.352537 0.145435
vt 0.355611 0.133463
vt 0.354994 0.146220
vt 0.430143 0.982137
vt 0.418250 0.981553
vt 0.439783 0.982551
vt 0.438603 0.987042
vt 0.429018 0.986646
vt 0.417168 0.986072
vt 0.405232 0.980549
vt 0.392442 0.978624
vt 0.404187 0.985072
vt 0.391395 0.983134
vt 0.221885 0.979365
vt 0.208834 0.980548
vt 0.234696 0.977260
vt 0.235807 0.981773
vt 0.222995 0.983891
vt 0.209980 0.985069
vt 0.181133 0.982286
vt 0.165382 0.980810
vt 0.187235 0.981839
vt 0.188480 0.986331
vt 0.182462 0.986753
vt 0.168468 0.986327
vt 0.124217 0.977118
vt 0.079989 0.973351
vt 0.119868 0.980630
vt 0.078452 0.976840
vt 0.362382 0.950032
vt 0.348826 0.948067
vt 0.384729 0.953741
vt 0.383390 0.956870
vt 0.361797 0.953126
vt 0.348440 0.951190
vt 0.335700 0.949906
vt 0.335901 0.946754
vt 0.323265 0.949164
vt 0.323359 0.946060
vt 0.276363 0.951226
vt 0.275971 0.948104
vt 0.288892 0.946777
vt 0.289099 0.949929
vt 0.301432 0.946070
vt 0.301532 0.949174
vt 0.262420 0.950089
vt 0.240083 0.953840
vt 0.263012 0.953182
vt 0.241429 0.956966
vt 0.458539 0.986770
vt 0.461540 0.981233
vt 0.502497 0.977005
vt 0.506876 0.980445
vt 0.546504 0.972664
vt 0.548081 0.976119
vt 0.438972 0.929888
vt 0.427266 0.929355
vt 0.448481 0.930204
vt 0.402096 0.927756
vt 0.414496 0.928620
vt 0.211888 0.927371
vt 0.199082 0.928281
vt 0.224321 0.926337
vt 0.177801 0.929419
vt 0.171766 0.929663
vt 0.156239 0.929791
vt 0.116703 0.929633
vt 0.075375 0.929552
vt 0.365413 0.911452
vt 0.385516 0.915589
vt 0.350752 0.909894
vt 0.323820 0.908397
vt 0.336830 0.908913
vt 0.273974 0.909934
vt 0.287898 0.908932
vt 0.300908 0.908405
vt 0.259309 0.911535
vt 0.239207 0.915726
vt 0.509329 0.929635
vt 0.469962 0.930294
vt 0.550486 0.929024
vt 0.265074 0.843032
vt 0.243454 0.850184
vt 0.278279 0.840815
vt 0.534758 0.864385
vt 0.484924 0.864171
vt 0.586792 0.864541
vt 0.464531 0.871421
vt 0.466569 0.864255
vt 0.459110 0.871029
vt 0.460997 0.863867
vt 0.440504 0.862759
vt 0.430672 0.862136
vt 0.438985 0.869947
vt 0.429297 0.869336
vt 0.420775 0.868598
vt 0.422045 0.861389
vt 0.194783 0.860600
vt 0.184898 0.861523
vt 0.203435 0.859494
vt 0.205055 0.866642
vt 0.196446 0.867762
vt 0.186655 0.868688
vt 0.164321 0.863022
vt 0.158733 0.863491
vt 0.166365 0.870181
vt 0.160910 0.870651
vt 0.140102 0.863320
vt 0.089446 0.863211
vt 0.036786 0.863398
vt 0.359466 0.841624
vt 0.381004 0.847998
vt 0.346372 0.840460
vt 0.333986 0.839625
vt 0.322447 0.839067
vt 0.290695 0.839633
vt 0.302237 0.839071
vt 0.466942 0.826421
vt 0.472669 0.826544
vt 0.492436 0.826887
vt 0.445991 0.825203
vt 0.435969 0.824389
vt 0.427194 0.823521
vt 0.188735 0.823065
vt 0.178760 0.823937
vt 0.197457 0.822382
vt 0.152084 0.825683
vt 0.132156 0.826191
vt 0.157820 0.825469
vt 0.078097 0.826561
vt 0.022252 0.826873
vt 0.358225 0.804934
vt 0.345480 0.804101
vt 0.381229 0.808907
vt 0.322159 0.803183
vt 0.333391 0.803538
vt 0.279191 0.804232
vt 0.291317 0.803546
vt 0.302552 0.803188
vt 0.266303 0.805438
vt 0.243171 0.809734
vt 0.545987 0.826905
vt 0.601409 0.826742
vt 0.266646 0.775347
vt 0.242716 0.776132
vt 0.279416 0.775052
vt 0.549430 0.794664
vt 0.606329 0.794459
vt 0.494426 0.794475
vt 0.474555 0.794374
vt 0.469004 0.793856
vt 0.448637 0.792402
vt 0.438964 0.791622
vt 0.430492 0.790795
vt 0.185762 0.790119
vt 0.175939 0.791100
vt 0.194374 0.788971
vt 0.155327 0.792867
vt 0.149728 0.793471
vt 0.129721 0.793819
vt 0.074438 0.794723
vt 0.017302 0.795240
vt 0.358029 0.775315
vt 0.381831 0.776176
vt 0.345343 0.775029
vt 0.333298 0.774807
vt 0.322119 0.774679
vt 0.291453 0.774824
vt 0.302626 0.774688
vt 0.159050 0.111372
vt 0.168101 0.151432
vt 0.165741 0.110779
vt 0.174443 0.150620
vt 0.181244 0.188930
vt 0.175417 0.190317
vt 0.153480 0.075682
vt 0.158278 0.089356
vt 0.151212 0.090375
vt 0.146253 0.077380
vt 0.145220 0.049350
vt 0.149338 0.062447
vt 0.141899 0.064725
vt 0.137070 0.052012
vt 0.363995 0.073369
vt 0.367846 0.060046
vt 0.375333 0.062160
vt 0.371258 0.074907
vt 0.371675 0.046862
vt 0.379882 0.049344
vt 0.352509 0.108727
vt 0.359499 0.087145
vt 0.366585 0.088008
vt 0.359212 0.109173
vt 0.344583 0.188459
vt 0.351043 0.149422
vt 0.338727 0.187200
vt 0.344685 0.148750
vt 0.052597 0.663149
vt 0.053755 0.661295
vt 0.056357 0.660199
vt 0.054648 0.662064
vt 0.051829 0.643759
vt 0.055164 0.641905
vt 0.059429 0.641680
vt 0.059848 0.660670
vt 0.058772 0.663701
vt 0.177525 0.663071
vt 0.176402 0.661246
vt 0.184113 0.664954
vt 0.183718 0.665927
vt 0.178296 0.643944
vt 0.187149 0.650014
vt 0.195705 0.645979
vt 0.193961 0.667564
vt 0.195366 0.669157
vt 0.798887 0.130037
vt 0.797437 0.122476
vt 0.805624 0.119204
vt 0.807877 0.126511
vt 0.796908 0.110478
vt 0.805575 0.108344
vt 0.815742 0.107571
vt 0.815579 0.118553
vt 0.818495 0.125230
vt 0.813452 0.197397
vt 0.813453 0.178557
vt 0.816962 0.178546
vt 0.816961 0.197399
vt 0.813403 0.163677
vt 0.816920 0.163639
vt 0.825764 0.164218
vt 0.825780 0.178865
vt 0.825777 0.197404
vt 0.053134 0.682301
vt 0.051819 0.687431
vt 0.047535 0.686051
vt 0.048897 0.680879
vt 0.051136 0.689903
vt 0.046801 0.688506
vt 0.044851 0.690069
vt 0.046050 0.685570
vt 0.047079 0.681267
vt 0.034543 0.668895
vt 0.035956 0.667293
vt 0.045821 0.664794
vt 0.046219 0.665826
vt 0.034416 0.645783
vt 0.042989 0.649842
vt 0.055611 0.672186
vt 0.051371 0.670331
vt 0.050089 0.669680
vt 0.226680 0.552966
vt 0.229701 0.572452
vt 0.225980 0.572379
vt 0.222618 0.552996
vt 0.229819 0.573413
vt 0.226124 0.573305
vt 0.224701 0.573119
vt 0.224192 0.572338
vt 0.220661 0.553009
vt 0.196096 0.556281
vt 0.199941 0.576100
vt 0.196233 0.576778
vt 0.192367 0.556741
vt 0.200233 0.577289
vt 0.196677 0.577929
vt 0.194489 0.577735
vt 0.193007 0.576529
vt 0.189789 0.558320
vt 0.221659 0.601738
vt 0.223858 0.601063
vt 0.225732 0.601078
vt 0.225721 0.601771
vt 0.223908 0.597356
vt 0.225782 0.597376
vt 0.229529 0.597446
vt 0.229481 0.601145
vt 0.230072 0.601982
vt 0.078479 0.332468
vt 0.079532 0.338287
vt 0.079257 0.339670
vt 0.077765 0.339446
vt 0.082982 0.338692
vt 0.082786 0.340111
vt 0.081612 0.349407
vt 0.078096 0.349048
vt 0.076640 0.348904
vt 0.183373 0.342011
vt 0.184611 0.339151
vt 0.182886 0.348810
vt 0.182106 0.348737
vt 0.188873 0.339624
vt 0.187345 0.349306
vt 0.185850 0.358609
vt 0.181478 0.358197
vt 0.180749 0.358133
vt 0.220755 0.361418
vt 0.216299 0.361885
vt 0.218342 0.352543
vt 0.222660 0.352239
vt 0.214156 0.362146
vt 0.216250 0.352706
vt 0.217288 0.342624
vt 0.219284 0.342533
vt 0.223432 0.342326
vt 0.607324 0.129289
vt 0.588078 0.124377
vt 0.589998 0.121493
vt 0.608392 0.125315
vt 0.584873 0.123806
vt 0.587000 0.122145
vt 0.585979 0.111941
vt 0.589394 0.111750
vt 0.608718 0.113928
vt 0.647070 0.166591
vt 0.682213 0.165916
vt 0.682180 0.179724
vt 0.647156 0.179832
vt 0.708649 0.164111
vt 0.708608 0.178735
vt 0.708570 0.197246
vt 0.682144 0.197201
vt 0.648514 0.197145
vt 0.219786 0.315407
vt 0.221640 0.315355
vt 0.221570 0.278010
vt 0.223331 0.278196
vt 0.226986 0.278585
vt 0.225498 0.315239
vt 0.187032 0.312862
vt 0.187851 0.312944
vt 0.187231 0.278566
vt 0.188043 0.278443
vt 0.192421 0.278374
vt 0.192010 0.313284
vt 0.852174 0.166100
vt 0.852164 0.179915
vt 0.887720 0.166812
vt 0.887106 0.179100
vt 0.892449 0.197428
vt 0.852160 0.197415
vt 0.884332 0.118678
vt 0.846501 0.121898
vt 0.844129 0.116250
vt 0.882983 0.114052
vt 0.844132 0.105755
vt 0.886626 0.104746
vt 0.927259 0.110001
vt 0.924735 0.114503
vt 0.956716 0.112011
vt 0.958417 0.116048
vt 0.958965 0.119900
vt 0.925474 0.118599
vt 0.921098 0.183953
vt 0.925891 0.189832
vt 0.919947 0.197436
vt 0.943593 0.177380
vt 0.941139 0.186888
vt 0.937967 0.197442
vt 0.183401 0.243284
vt 0.184202 0.242789
vt 0.178911 0.215856
vt 0.179698 0.215040
vt 0.185170 0.213772
vt 0.189133 0.242088
vt 0.221347 0.237500
vt 0.223097 0.238287
vt 0.220642 0.205426
vt 0.222415 0.206804
vt 0.226044 0.209732
vt 0.226704 0.239958
vt 0.592122 0.174195
vt 0.591069 0.167186
vt 0.612610 0.177515
vt 0.599616 0.182981
vt 0.586828 0.158183
vt 0.612181 0.163796
vt 0.618103 0.197095
vt 0.602753 0.197070
vt 0.577770 0.124999
vt 0.577518 0.123200
vt 0.568005 0.125709
vt 0.567854 0.123888
vt 0.567043 0.113310
vt 0.576551 0.112690
vt 0.024381 0.325518
vt 0.046561 0.327255
vt 0.043633 0.336832
vt 0.020162 0.334890
vt 0.069094 0.328845
vt 0.067514 0.338642
vt 0.066682 0.348014
vt 0.043328 0.346126
vt 0.020323 0.344125
vt 0.036734 0.299909
vt 0.054943 0.301029
vt 0.050757 0.263560
vt 0.064675 0.264598
vt 0.078774 0.265708
vt 0.073397 0.302043
vt 0.060338 0.222326
vt 0.071891 0.224432
vt 0.065917 0.188258
vt 0.076419 0.191646
vt 0.087007 0.195576
vt 0.083571 0.226854
vt 0.183314 0.680988
vt 0.181989 0.680450
vt 0.179273 0.669819
vt 0.180123 0.669334
vt 0.178246 0.681869
vt 0.175494 0.671632
vt 0.172104 0.663443
vt 0.175798 0.661814
vt 0.180326 0.689367
vt 0.179607 0.686923
vt 0.183456 0.685619
vt 0.184225 0.688069
vt 0.184477 0.685266
vt 0.185743 0.689759
vt 0.717399 0.178426
vt 0.717358 0.197262
vt 0.717461 0.163525
vt 0.720472 0.163553
vt 0.720407 0.178439
vt 0.720368 0.197268
vt 0.179833 0.358056
vt 0.181092 0.348722
vt 0.176642 0.357803
vt 0.177622 0.348569
vt 0.177657 0.347144
vt 0.181078 0.347373
vt 0.170919 0.660526
vt 0.173995 0.660118
vt 0.171285 0.641865
vt 0.175115 0.642116
vt 0.477788 0.663217
vt 0.475723 0.662170
vt 0.473976 0.660338
vt 0.476597 0.661384
vt 0.471629 0.663888
vt 0.470496 0.660876
vt 0.470566 0.641866
vt 0.474833 0.642010
vt 0.478202 0.643801
vt 0.352873 0.665322
vt 0.346737 0.668297
vt 0.346325 0.667332
vt 0.353964 0.663481
vt 0.335154 0.671745
vt 0.336528 0.670127
vt 0.334389 0.648587
vt 0.343019 0.652457
vt 0.351761 0.646230
vt 0.816055 0.033960
vt 0.813499 0.040783
vt 0.803524 0.040665
vt 0.805382 0.033249
vt 0.814249 0.051742
vt 0.804055 0.051513
vt 0.795286 0.049845
vt 0.795173 0.037836
vt 0.796216 0.030208
vt 0.813352 0.231119
vt 0.813421 0.216238
vt 0.816931 0.216252
vt 0.816873 0.231161
vt 0.825754 0.215943
vt 0.825723 0.230589
vt 0.485977 0.690264
vt 0.484017 0.688712
vt 0.483269 0.686258
vt 0.484751 0.685765
vt 0.479681 0.690155
vt 0.478983 0.687687
vt 0.477618 0.682568
vt 0.481873 0.681077
vt 0.483698 0.681445
vt 0.495962 0.668601
vt 0.484225 0.665764
vt 0.484603 0.664724
vt 0.494518 0.667027
vt 0.487152 0.649715
vt 0.495648 0.645488
vt 0.474940 0.672315
vt 0.479118 0.670397
vt 0.480389 0.669721
vt 0.307307 0.552069
vt 0.304198 0.571473
vt 0.302411 0.571555
vt 0.305351 0.552098
vt 0.303706 0.572267
vt 0.302287 0.572484
vt 0.298595 0.572672
vt 0.298693 0.571709
vt 0.301289 0.552157
vt 0.446820 0.344840
vt 0.445368 0.345017
vt 0.444002 0.335666
vt 0.445488 0.335410
vt 0.441861 0.345453
vt 0.440483 0.336185
vt 0.440256 0.334771
vt 0.443696 0.334290
vt 0.444621 0.328449
vt 0.309629 0.361098
vt 0.307481 0.360885
vt 0.305233 0.351590
vt 0.307328 0.351707
vt 0.303016 0.360516
vt 0.300909 0.351380
vt 0.299920 0.341486
vt 0.304072 0.341603
vt 0.306068 0.341650
vt 0.607164 0.056481
vt 0.587980 0.059701
vt 0.588054 0.049940
vt 0.606226 0.045128
vt 0.584561 0.059696
vt 0.585022 0.049451
vt 0.582806 0.047909
vt 0.585980 0.047164
vt 0.604946 0.041217
vt 0.682121 0.214678
vt 0.647099 0.214454
vt 0.708546 0.215756
vt 0.708535 0.230379
vt 0.682108 0.228486
vt 0.646969 0.227695
vt 0.300368 0.277144
vt 0.302973 0.314494
vt 0.301119 0.314482
vt 0.298612 0.277369
vt 0.297260 0.314451
vt 0.294967 0.277838
vt 0.852147 0.214914
vt 0.887092 0.215753
vt 0.887698 0.228041
vt 0.852145 0.228729
vt 0.844199 0.035791
vt 0.842132 0.041558
vt 0.882148 0.036985
vt 0.881048 0.041677
vt 0.885183 0.050775
vt 0.842696 0.052038
vt 0.923236 0.034866
vt 0.922717 0.038996
vt 0.956611 0.031778
vt 0.956269 0.035653
vt 0.954786 0.039776
vt 0.925477 0.043356
vt 0.925887 0.205044
vt 0.921089 0.210920
vt 0.941132 0.207997
vt 0.943581 0.217507
vt 0.294399 0.239214
vt 0.297969 0.237464
vt 0.294395 0.208981
vt 0.297959 0.205973
vt 0.299701 0.204558
vt 0.299701 0.236639
vt 0.592047 0.219910
vt 0.599569 0.211149
vt 0.612545 0.216658
vt 0.590970 0.226916
vt 0.612071 0.230375
vt 0.586701 0.235905
vt 0.470823 0.258948
vt 0.456930 0.260292
vt 0.448834 0.220295
vt 0.460338 0.217935
vt 0.442860 0.261712
vt 0.437210 0.222973
vt 0.433087 0.191778
vt 0.443586 0.187615
vt 0.454011 0.183997
vt 0.498553 0.320313
vt 0.476417 0.322536
vt 0.467461 0.296500
vt 0.485640 0.294981
vt 0.453925 0.324621
vt 0.449033 0.297919
vt 0.503018 0.338826
vt 0.480064 0.341332
vt 0.479554 0.332046
vt 0.502977 0.329589
vt 0.456757 0.343732
vt 0.455719 0.334381
vt 0.510910 0.556125
vt 0.503780 0.557627
vt 0.503566 0.556427
vt 0.513255 0.554655
vt 0.494115 0.559609
vt 0.493798 0.558429
vt 0.489773 0.538828
vt 0.500872 0.536688
vt 0.511859 0.534686
vt 0.565532 0.059373
vt 0.565775 0.048765
vt 0.575484 0.048917
vt 0.575107 0.059466
vt 0.565827 0.046939
vt 0.575638 0.047107
vt 0.299396 0.596708
vt 0.303141 0.596557
vt 0.303269 0.600258
vt 0.299522 0.600405
vt 0.305014 0.596497
vt 0.305142 0.600203
vt 0.307355 0.600830
vt 0.303295 0.600950
vt 0.298949 0.601254
vt 0.334015 0.576216
vt 0.331832 0.576457
vt 0.332251 0.575297
vt 0.335470 0.574977
vt 0.328263 0.575895
vt 0.328528 0.574701
vt 0.331939 0.554801
vt 0.335676 0.555179
vt 0.338288 0.556702
vt 0.342940 0.356353
vt 0.342212 0.356433
vt 0.340599 0.347079
vt 0.341376 0.346989
vt 0.337850 0.356941
vt 0.336151 0.347673
vt 0.334411 0.338026
vt 0.338661 0.337460
vt 0.339962 0.340292
vt 0.334846 0.311330
vt 0.335664 0.311230
vt 0.330696 0.311761
vt 0.329519 0.276868
vt 0.333897 0.276840
vt 0.334711 0.276946
vt 0.336953 0.241111
vt 0.337765 0.241588
vt 0.332008 0.240519
vt 0.335348 0.212122
vt 0.340847 0.213269
vt 0.341652 0.214068
vt 0.347403 0.683108
vt 0.350374 0.671599
vt 0.351231 0.672072
vt 0.348718 0.682565
vt 0.354582 0.664039
vt 0.358300 0.665603
vt 0.355027 0.673845
vt 0.352490 0.683918
vt 0.347304 0.687719
vt 0.346280 0.687376
vt 0.351159 0.688983
vt 0.350452 0.691430
vt 0.346550 0.690172
vt 0.345044 0.691869
vt 0.717337 0.216096
vt 0.717342 0.230996
vt 0.720347 0.216095
vt 0.720356 0.230976
vt 0.342374 0.345602
vt 0.342390 0.346952
vt 0.345790 0.345299
vt 0.345855 0.346722
vt 0.347038 0.355933
vt 0.343853 0.356256
vt 0.358734 0.644025
vt 0.359433 0.662665
vt 0.356351 0.662311
vt 0.354908 0.644346
vt 0.053044 0.588665
vt 0.055785 0.581959
vt 0.054778 0.524810
vt 0.057367 0.521016
vt 0.061344 0.520872
vt 0.059935 0.581799
vt 0.183666 0.609277
vt 0.186704 0.589035
vt 0.176645 0.589085
vt 0.174443 0.525361
vt 0.046178 0.608962
vt 0.042979 0.588687
vt 0.212367 0.440162
vt 0.218785 0.496540
vt 0.213927 0.496526
vt 0.206864 0.440172
vt 0.211588 0.496509
vt 0.204207 0.440144
vt 0.178033 0.441416
vt 0.186022 0.499296
vt 0.182149 0.499710
vt 0.174057 0.441597
vt 0.181077 0.506029
vt 0.172517 0.445102
vt 0.719433 0.145909
vt 0.663184 0.138077
vt 0.664264 0.132820
vt 0.720532 0.139364
vt 0.664074 0.119056
vt 0.720028 0.123291
vt 0.037959 0.543788
vt 0.034367 0.563472
vt 0.024556 0.561686
vt 0.026816 0.541893
vt 0.034075 0.564659
vt 0.024369 0.562891
vt 0.017208 0.561546
vt 0.014831 0.560127
vt 0.015788 0.540132
vt 0.174069 0.582422
vt 0.172177 0.521589
vt 0.170398 0.582243
vt 0.168721 0.521423
vt 0.473036 0.524874
vt 0.475970 0.588705
vt 0.473104 0.582050
vt 0.470377 0.521128
vt 0.468953 0.581969
vt 0.466397 0.521060
vt 0.345755 0.611694
vt 0.352404 0.591387
vt 0.342346 0.591524
vt 0.353416 0.527656
vt 0.483208 0.608879
vt 0.486032 0.588537
vt 0.321288 0.438861
vt 0.315143 0.495378
vt 0.312805 0.495446
vt 0.318632 0.438948
vt 0.307949 0.495566
vt 0.313130 0.439059
vt 0.661629 0.034631
vt 0.662176 0.048385
vt 0.660268 0.029439
vt 0.716024 0.018607
vt 0.717472 0.025084
vt 0.717828 0.041161
vt 0.505047 0.419821
vt 0.508141 0.477234
vt 0.493407 0.479808
vt 0.486485 0.422711
vt 0.478531 0.482555
vt 0.467695 0.425714
vt 0.353079 0.443123
vt 0.345855 0.504227
vt 0.344645 0.497933
vt 0.351462 0.439652
vt 0.340764 0.497604
vt 0.347483 0.439559
vt 0.359063 0.523613
vt 0.358524 0.584434
vt 0.354856 0.584680
vt 0.355611 0.523842
vt 0.146347 0.666984
vt 0.147611 0.677267
vt 0.115532 0.678434
vt 0.115474 0.668051
vt 0.149066 0.687909
vt 0.115585 0.689315
vt 0.082173 0.687921
vt 0.083482 0.677243
vt 0.084616 0.667041
vt 0.115608 0.694624
vt 0.081582 0.693171
vt 0.149728 0.693143
vt 0.150024 0.695680
vt 0.115618 0.697183
vt 0.081317 0.695713
vt 0.449542 0.696217
vt 0.415314 0.698357
vt 0.415277 0.695798
vt 0.449248 0.693684
vt 0.380825 0.697545
vt 0.381093 0.694997
vt 0.381696 0.689726
vt 0.415207 0.690492
vt 0.448599 0.688469
vt 0.384103 0.668658
vt 0.414986 0.669229
vt 0.415090 0.679613
vt 0.383009 0.678938
vt 0.445838 0.667729
vt 0.447145 0.677928
vt 0.444266 0.642653
vt 0.445448 0.664120
vt 0.414944 0.665581
vt 0.414690 0.643576
vt 0.384417 0.665074
vt 0.385073 0.643703
vt 0.383819 0.522174
vt 0.412424 0.521335
vt 0.413622 0.582285
vt 0.384401 0.583144
vt 0.441108 0.520820
vt 0.442859 0.581866
vt 0.368475 0.342953
vt 0.393519 0.340227
vt 0.393685 0.341650
vt 0.368621 0.344378
vt 0.418300 0.337438
vt 0.418484 0.338859
vt 0.419727 0.348117
vt 0.394788 0.350925
vt 0.369600 0.353651
vt 0.741845 0.197307
vt 0.766557 0.197344
vt 0.766530 0.216096
vt 0.741827 0.216076
vt 0.791352 0.197373
vt 0.791312 0.216142
vt 0.791235 0.230967
vt 0.766503 0.230916
vt 0.741844 0.230896
vt 0.741944 0.163712
vt 0.766589 0.163774
vt 0.766576 0.178594
vt 0.741884 0.178536
vt 0.791316 0.163794
vt 0.791354 0.178608
vt 0.104991 0.340877
vt 0.129827 0.343121
vt 0.129693 0.344548
vt 0.104838 0.342301
vt 0.154925 0.345296
vt 0.154811 0.346724
vt 0.154036 0.356016
vt 0.128794 0.353844
vt 0.103799 0.351585
vt 0.143939 0.520443
vt 0.144505 0.581426
vt 0.115271 0.581096
vt 0.115318 0.520136
vt 0.144946 0.642017
vt 0.115333 0.642391
vt 0.085745 0.641980
vt 0.086029 0.581211
vt 0.086626 0.520156
vt 0.084947 0.663443
vt 0.115457 0.664394
vt 0.145972 0.663399
vt 0.057547 0.430216
vt 0.047963 0.487282
vt 0.033029 0.484862
vt 0.038695 0.427627
vt 0.018243 0.482613
vt 0.020074 0.425146
vt 0.240794 0.279896
vt 0.240388 0.245726
vt 0.247669 0.247728
vt 0.248073 0.280325
vt 0.239788 0.219937
vt 0.247155 0.223537
vt 0.254126 0.225608
vt 0.254512 0.248862
vt 0.254886 0.280545
vt 0.239029 0.341641
vt 0.240079 0.314862
vt 0.247753 0.314707
vt 0.247198 0.341385
vt 0.254931 0.314592
vt 0.254825 0.341213
vt 0.254521 0.359774
vt 0.246325 0.359983
vt 0.247023 0.351102
vt 0.254800 0.350915
vt 0.237538 0.360322
vt 0.238683 0.351393
vt 0.257317 0.552816
vt 0.249880 0.552867
vt 0.246518 0.496415
vt 0.255402 0.496334
vt 0.241913 0.552904
vt 0.236997 0.496484
vt 0.232928 0.439774
vt 0.243684 0.439543
vt 0.253730 0.439366
vt 0.243797 0.573564
vt 0.243719 0.572600
vt 0.251098 0.572596
vt 0.251153 0.573560
vt 0.258002 0.572559
vt 0.258034 0.573524
vt 0.258211 0.601866
vt 0.251196 0.601884
vt 0.251196 0.601347
vt 0.258208 0.601329
vt 0.243698 0.601857
vt 0.243701 0.601320
vt 0.243723 0.597618
vt 0.251198 0.597647
vt 0.258189 0.597629
vt 0.285320 0.601423
vt 0.277821 0.601606
vt 0.277810 0.601069
vt 0.285305 0.600886
vt 0.270807 0.601734
vt 0.270798 0.601197
vt 0.270742 0.597497
vt 0.277733 0.597370
vt 0.285207 0.597189
vt 0.270389 0.573392
vt 0.270399 0.572426
vt 0.277302 0.572314
vt 0.277268 0.573280
vt 0.270657 0.552672
vt 0.278092 0.552562
vt 0.286058 0.552426
vt 0.284680 0.572159
vt 0.284623 0.573125
vt 0.292565 0.439121
vt 0.289741 0.495909
vt 0.280220 0.496047
vt 0.281807 0.439125
vt 0.271337 0.496160
vt 0.271760 0.439168
vt 0.268510 0.341063
vt 0.267819 0.314450
vt 0.274998 0.314407
vt 0.276139 0.341068
vt 0.267116 0.280411
vt 0.273922 0.280042
vt 0.281190 0.279452
vt 0.282674 0.314394
vt 0.284312 0.341144
vt 0.266794 0.248728
vt 0.273610 0.247443
vt 0.266669 0.225470
vt 0.273593 0.223246
vt 0.280879 0.219485
vt 0.280845 0.245281
vt 0.923882 0.230823
vt 0.925431 0.235986
vt 0.888083 0.233929
vt 0.952231 0.234541
vt 0.954992 0.239136
vt 0.956497 0.241432
vt 0.926275 0.238117
vt 0.888286 0.235953
vt 0.852157 0.235183
vt 0.825722 0.237430
vt 0.852155 0.237281
vt 0.822378 0.240293
vt 0.816572 0.240535
vt 0.816794 0.238151
vt 0.813160 0.240406
vt 0.813250 0.238052
vt 0.766488 0.237852
vt 0.741864 0.237831
vt 0.791184 0.237904
vt 0.791171 0.240268
vt 0.766482 0.240216
vt 0.741866 0.240195
vt 0.720416 0.237919
vt 0.717375 0.237991
vt 0.720491 0.240275
vt 0.717566 0.240377
vt 0.711867 0.240045
vt 0.708514 0.237208
vt 0.682095 0.237029
vt 0.682093 0.234941
vt 0.646503 0.235948
vt 0.646725 0.233915
vt 0.610175 0.239079
vt 0.611098 0.236888
vt 0.582210 0.243456
vt 0.583843 0.241044
vt 0.089101 0.163793
vt 0.088450 0.182177
vt 0.078322 0.177589
vt 0.079165 0.158955
vt 0.068272 0.173632
vt 0.066583 0.158710
vt 0.957277 0.175163
vt 0.953399 0.174930
vt 0.959203 0.165772
vt 0.963263 0.166021
vt 0.947874 0.168047
vt 0.952253 0.160351
vt 0.964414 0.158736
vt 0.968632 0.158961
vt 0.949692 0.197445
vt 0.946048 0.197444
vt 0.948354 0.185768
vt 0.952080 0.185928
vt 0.952073 0.208964
vt 0.948347 0.209121
vt 0.957263 0.219732
vt 0.953385 0.219963
vt 0.967699 0.240604
vt 0.969481 0.242989
vt 0.964390 0.236163
vt 0.968609 0.235940
vt 0.972046 0.240352
vt 0.982748 0.246492
vt 0.441374 0.173604
vt 0.451334 0.169425
vt 0.431350 0.178414
vt 0.430373 0.159996
vt 0.440318 0.154857
vt 0.452885 0.154335
vt 0.971650 0.038366
vt 0.967628 0.038265
vt 0.970846 0.034152
vt 0.975132 0.034961
vt 0.970779 0.030316
vt 0.985338 0.029745
vt 0.954376 0.069267
vt 0.950867 0.069298
vt 0.953152 0.061744
vt 0.956748 0.061754
vt 0.940982 0.067321
vt 0.946831 0.059342
vt 0.953176 0.053506
vt 0.957038 0.053657
vt 0.960773 0.053682
vt 0.961953 0.097805
vt 0.958224 0.098030
vt 0.953912 0.090161
vt 0.957502 0.089960
vt 0.954375 0.098386
vt 0.947728 0.092898
vt 0.941461 0.085242
vt 0.951226 0.082740
vt 0.954732 0.082584
vt 0.973054 0.116769
vt 0.973191 0.120603
vt 0.969620 0.112834
vt 0.973632 0.112518
vt 0.977290 0.115732
vt 0.987619 0.120560
vt 0.453209 0.942026
vt 0.450466 0.958428
vt 0.447586 0.973899
vt 0.445868 0.982914
vt 0.444604 0.987382
vt 0.646631 0.158336
vt 0.646847 0.160370
vt 0.611228 0.157280
vt 0.610313 0.155086
vt 0.583988 0.153035
vt 0.582362 0.150617
vt 0.712012 0.154455
vt 0.708649 0.157281
vt 0.682219 0.159461
vt 0.682229 0.157373
vt 0.720646 0.154257
vt 0.720561 0.156613
vt 0.717511 0.156524
vt 0.717714 0.154140
vt 0.791273 0.154496
vt 0.791281 0.156860
vt 0.766596 0.156838
vt 0.766598 0.154474
vt 0.741991 0.156778
vt 0.742001 0.154415
vt 0.822427 0.154510
vt 0.825768 0.157376
vt 0.816846 0.156646
vt 0.816625 0.154261
vt 0.813302 0.156739
vt 0.813216 0.154386
vt 0.852190 0.159645
vt 0.888108 0.160924
vt 0.852190 0.157547
vt 0.888312 0.158901
vt 0.956524 0.153463
vt 0.955017 0.155758
vt 0.925455 0.158890
vt 0.926300 0.156760
vt 0.923902 0.164052
vt 0.967725 0.154297
vt 0.972072 0.154551
vt 0.969508 0.151913
vt 0.982772 0.148435
vt 0.453754 0.911891
vt 0.454584 0.921127
vt 0.451919 0.904791
vt 0.454497 0.930365
vt 0.188803 0.940463
vt 0.191823 0.956772
vt 0.195026 0.972244
vt 0.196905 0.981294
vt 0.198095 0.985805
vt 0.959184 0.229124
vt 0.963244 0.228877
vt 0.947856 0.226842
vt 0.187003 0.919856
vt 0.187398 0.910674
vt 0.188521 0.903461
vt 0.187340 0.928974
vt 0.183518 0.203071
vt 0.177869 0.204614
vt 0.177081 0.205544
vt 0.226406 0.196221
vt 0.225915 0.198303
vt 0.222289 0.194818
vt 0.222945 0.192776
vt 0.220494 0.193126
vt 0.220358 0.183507
vt 0.239710 0.210173
vt 0.247066 0.214384
vt 0.241150 0.209086
vt 0.247670 0.213376
vt 0.254037 0.214250
vt 0.253990 0.216829
vt 0.273480 0.214094
vt 0.280742 0.209723
vt 0.266612 0.216690
vt 0.266508 0.214113
vt 0.272854 0.213099
vt 0.279279 0.208667
vt 0.297822 0.193988
vt 0.299578 0.192257
vt 0.294273 0.197552
vt 0.293736 0.195481
vt 0.297120 0.191961
vt 0.299503 0.182638
vt 0.342446 0.202805
vt 0.343254 0.203718
vt 0.336764 0.201387
vt 0.573467 0.242720
vt 0.577056 0.238013
vt 0.571580 0.245250
vt 0.558783 0.248445
vt 0.571153 0.242413
vt 0.574793 0.237742
vt 0.582699 0.230548
vt 0.588969 0.220852
vt 0.580501 0.230276
vt 0.586844 0.220615
vt 0.594350 0.209396
vt 0.596791 0.197061
vt 0.592285 0.209242
vt 0.594755 0.197057
vt 0.586922 0.173473
vt 0.589048 0.173243
vt 0.594391 0.184717
vt 0.592325 0.184864
vt 0.574926 0.156306
vt 0.577191 0.156044
vt 0.582809 0.163527
vt 0.580610 0.163792
vt 0.573617 0.151325
vt 0.571738 0.148788
vt 0.571301 0.151624
vt 0.558951 0.145552
vt 0.260405 0.226248
vt 0.260310 0.217582
vt 0.260270 0.213985
vt 0.260657 0.249194
vt 0.261002 0.280573
vt 0.261375 0.314514
vt 0.261667 0.341114
vt 0.269221 0.359613
vt 0.261871 0.359670
vt 0.261774 0.350812
vt 0.268748 0.350762
vt 0.263987 0.552752
vt 0.263370 0.496251
vt 0.262745 0.439253
vt 0.264201 0.572501
vt 0.264211 0.573467
vt 0.264509 0.601815
vt 0.264503 0.601278
vt 0.264466 0.597578
vt 0.950222 0.076041
vt 0.953692 0.075948
vt 0.939194 0.076336
vt 0.409009 0.849413
vt 0.416269 0.850771
vt 0.414681 0.860435
vt 0.407382 0.859047
vt 0.413481 0.867653
vt 0.406229 0.866242
vt 0.411603 0.830387
vt 0.419110 0.831323
vt 0.417889 0.840767
vt 0.410548 0.839549
vt 0.412851 0.813638
vt 0.420152 0.814299
vt 0.419712 0.822717
vt 0.412320 0.822043
vt 0.414583 0.796902
vt 0.421789 0.798157
vt 0.420805 0.806181
vt 0.413484 0.805262
vt 0.417676 0.779797
vt 0.424917 0.781317
vt 0.423232 0.789822
vt 0.416039 0.788339
vt 0.421043 0.759939
vt 0.428402 0.761117
vt 0.426505 0.773025
vt 0.419189 0.771634
vt 0.430760 0.741497
vt 0.432892 0.722772
vt 0.423396 0.740421
vt 0.425563 0.721564
vt 0.434159 0.713719
vt 0.434872 0.709470
vt 0.427005 0.712238
vt 0.426889 0.707915
vt 0.376408 0.322229
vt 0.375864 0.317142
vt 0.377278 0.316599
vt 0.378128 0.322813
vt 0.379563 0.315899
vt 0.380746 0.321861
vt 0.130854 0.311064
vt 0.125817 0.308666
vt 0.123730 0.310563
vt 0.120793 0.313776
vt 0.118268 0.317246
vt 0.232293 0.214727
vt 0.232185 0.204121
vt 0.232628 0.202104
vt 0.232928 0.242793
vt 0.233283 0.279236
vt 0.232149 0.315054
vt 0.230562 0.341985
vt 0.228425 0.360821
vt 0.230012 0.351801
vt 0.227117 0.496531
vt 0.221778 0.440020
vt 0.233649 0.552933
vt 0.236095 0.572550
vt 0.236196 0.573514
vt 0.235960 0.601246
vt 0.235954 0.601783
vt 0.235999 0.597548
vt 0.964076 0.106087
vt 0.967990 0.105862
vt 0.955117 0.104783
vt 0.451441 0.863325
vt 0.453105 0.853617
vt 0.449740 0.870499
vt 0.455554 0.843761
vt 0.457395 0.834462
vt 0.456369 0.817631
vt 0.457154 0.825945
vt 0.457397 0.801367
vt 0.456425 0.809470
vt 0.459479 0.793156
vt 0.461961 0.784914
vt 0.464050 0.776823
vt 0.465860 0.764865
vt 0.467611 0.744868
vt 0.469200 0.725690
vt 0.470262 0.716242
vt 0.468021 0.712449
vt 0.637646 0.679215
vt 0.646762 0.677411
vt 0.643833 0.673757
vt 0.651094 0.670559
vt 0.660242 0.667808
vt 0.658250 0.675444
vt 0.690481 0.676772
vt 0.699646 0.678313
vt 0.678941 0.675142
vt 0.676726 0.667567
vt 0.685951 0.670049
vt 0.693303 0.673036
vt 0.153166 0.714913
vt 0.154318 0.724371
vt 0.155374 0.711081
vt 0.156030 0.743635
vt 0.157899 0.763708
vt 0.162232 0.783797
vt 0.159922 0.775703
vt 0.167233 0.800211
vt 0.164954 0.792024
vt 0.168310 0.808299
vt 0.168389 0.816475
vt 0.167613 0.824836
vt 0.167419 0.833409
vt 0.172009 0.852608
vt 0.169368 0.842740
vt 0.175803 0.869488
vt 0.173910 0.862323
vt 0.953575 0.047079
vt 0.962452 0.045298
vt 0.966372 0.045314
vt 0.919609 0.092683
vt 0.936882 0.101146
vt 0.843544 0.078893
vt 0.815311 0.079648
vt 0.879658 0.077927
vt 0.796289 0.080156
vt 0.805056 0.079922
vt 0.663431 0.083712
vt 0.718962 0.082225
vt 0.608049 0.085201
vt 0.588449 0.085733
vt 0.584988 0.085827
vt 0.565803 0.086356
vt 0.575454 0.086089
vt 0.292929 0.596949
vt 0.293045 0.600645
vt 0.293063 0.601182
vt 0.292301 0.571945
vt 0.294321 0.552275
vt 0.292222 0.572911
vt 0.299619 0.495740
vt 0.303719 0.439122
vt 0.292784 0.341302
vt 0.293549 0.351104
vt 0.284871 0.350886
vt 0.295335 0.360087
vt 0.286212 0.359788
vt 0.290606 0.314413
vt 0.288685 0.278628
vt 0.288239 0.242185
vt 0.288258 0.214112
vt 0.288132 0.203507
vt 0.287645 0.201499
vt 0.389764 0.317634
vt 0.396359 0.312709
vt 0.399227 0.315984
vt 0.391574 0.321373
vt 0.401677 0.319508
vt 0.312356 0.897778
vt 0.312364 0.908214
vt 0.312372 0.918359
vt 0.312350 0.887445
vt 0.312345 0.879624
vt 0.312343 0.862202
vt 0.312342 0.849469
vt 0.312343 0.872750
vt 0.312343 0.829251
vt 0.312342 0.838848
vt 0.312351 0.810770
vt 0.312347 0.819686
vt 0.312361 0.795870
vt 0.312356 0.803046
vt 0.312366 0.788689
vt 0.312370 0.781595
vt 0.312375 0.767724
vt 0.312375 0.774641
vt 0.312373 0.752616
vt 0.312371 0.760794
vt 0.312370 0.741343
vt 0.312362 0.730923
vt 0.312349 0.720669
vt 0.312357 0.725782
vt 0.670860 0.830283
vt 0.670453 0.802410
vt 0.671050 0.843303
vt 0.669722 0.752384
vt 0.669041 0.705780
vt 0.668784 0.688164
vt 0.668711 0.683211
vt 0.668472 0.666819
vt 0.668587 0.674698
vt 0.254135 0.198357
vt 0.260098 0.198299
vt 0.260186 0.206308
vt 0.254820 0.206337
vt 0.266060 0.198226
vt 0.265551 0.206219
vt 0.253772 0.180479
vt 0.259901 0.180412
vt 0.260047 0.193668
vt 0.253903 0.193735
vt 0.266030 0.180344
vt 0.266191 0.193600
vt 0.252915 0.110472
vt 0.259131 0.110397
vt 0.259529 0.146530
vt 0.253405 0.146598
vt 0.265347 0.110335
vt 0.265653 0.146463
vt 0.252021 0.081138
vt 0.258807 0.080944
vt 0.258911 0.090382
vt 0.252421 0.090482
vt 0.265596 0.080988
vt 0.265402 0.090339
vt 0.245591 0.015763
vt 0.258091 0.015775
vt 0.258100 0.016626
vt 0.245517 0.016651
vt 0.270587 0.015488
vt 0.270681 0.016375
vt 0.270584 0.024308
vt 0.258185 0.024318
vt 0.245788 0.024581
vt 0.269965 0.011210
vt 0.270300 0.013615
vt 0.258071 0.013967
vt 0.258045 0.011597
vt 0.245837 0.013884
vt 0.246119 0.011472
vt 0.312390 0.939901
vt 0.312396 0.945944
vt 0.312398 0.949084
vt 0.312381 0.929492
vt 0.148702 0.189822
vt 0.151950 0.187653
vt 0.152386 0.196372
vt 0.149012 0.197509
vt 0.155296 0.185248
vt 0.156029 0.195130
vt 0.155755 0.216228
vt 0.152127 0.216448
vt 0.148772 0.216662
vt 0.154186 0.254176
vt 0.150598 0.254039
vt 0.152819 0.289844
vt 0.149234 0.289622
vt 0.145917 0.289423
vt 0.147280 0.253912
vt 0.152076 0.303986
vt 0.148521 0.303634
vt 0.151676 0.308902
vt 0.148168 0.308381
vt 0.144920 0.307891
vt 0.145249 0.303312
vt 0.150592 0.317363
vt 0.147184 0.316417
vt 0.149010 0.324147
vt 0.145499 0.323038
vt 0.143482 0.320503
vt 0.144134 0.315428
vt 0.368466 0.310464
vt 0.369369 0.318943
vt 0.367437 0.319427
vt 0.366517 0.310709
vt 0.370805 0.325757
vt 0.368947 0.326495
vt 0.367425 0.328140
vt 0.365320 0.319856
vt 0.364277 0.311101
vt 0.367713 0.291387
vt 0.368169 0.305544
vt 0.366199 0.305698
vt 0.365727 0.291467
vt 0.363883 0.305912
vt 0.363400 0.291556
vt 0.366326 0.217721
vt 0.367091 0.255694
vt 0.365105 0.255728
vt 0.364322 0.217598
vt 0.362780 0.255772
vt 0.361965 0.217586
vt 0.363181 0.185459
vt 0.365644 0.185854
vt 0.364496 0.196044
vt 0.362060 0.195883
vt 0.367440 0.186756
vt 0.366498 0.196621
vt 0.219839 0.205068
vt 0.219655 0.192707
vt 0.214565 0.206422
vt 0.214108 0.194347
vt 0.212719 0.181015
vt 0.218356 0.179478
vt 0.216483 0.278030
vt 0.215788 0.238079
vt 0.220598 0.237297
vt 0.220862 0.277956
vt 0.212277 0.342173
vt 0.214879 0.315081
vt 0.219066 0.315406
vt 0.216525 0.342630
vt 0.213349 0.362216
vt 0.215449 0.352740
vt 0.209197 0.361492
vt 0.211110 0.352134
vt 0.210740 0.496503
vt 0.203257 0.440127
vt 0.219933 0.553017
vt 0.216284 0.553526
vt 0.206965 0.496953
vt 0.199413 0.440444
vt 0.224075 0.573369
vt 0.223521 0.572321
vt 0.220321 0.574278
vt 0.219996 0.573087
vt 0.229760 0.577443
vt 0.226011 0.577302
vt 0.226162 0.573732
vt 0.229855 0.573856
vt 0.224137 0.577202
vt 0.224284 0.573479
vt 0.243812 0.577631
vt 0.236184 0.577568
vt 0.236228 0.573959
vt 0.243823 0.574010
vt 0.258071 0.577594
vt 0.251181 0.577628
vt 0.251172 0.574006
vt 0.258045 0.573969
vt 0.270439 0.577463
vt 0.264255 0.577539
vt 0.264216 0.573913
vt 0.270387 0.573837
vt 0.284696 0.577186
vt 0.277328 0.577349
vt 0.277260 0.573726
vt 0.284606 0.573570
vt 0.298568 0.573117
vt 0.292199 0.573357
vt 0.298740 0.576702
vt 0.292320 0.576965
vt 0.304130 0.572618
vt 0.302258 0.572912
vt 0.304357 0.576340
vt 0.302486 0.576481
vt 0.311695 0.552490
vt 0.308410 0.572130
vt 0.304868 0.571442
vt 0.308035 0.552060
vt 0.308112 0.573328
vt 0.304338 0.572502
vt 0.326088 0.439057
vt 0.319775 0.495720
vt 0.315991 0.495353
vt 0.322237 0.438824
vt 0.306832 0.341639
vt 0.308129 0.351723
vt 0.311069 0.341088
vt 0.312454 0.351022
vt 0.314572 0.360336
vt 0.310437 0.361150
vt 0.305454 0.277053
vt 0.307872 0.314060
vt 0.303693 0.314477
vt 0.301075 0.277075
vt 0.305798 0.205419
vt 0.305272 0.237096
vt 0.300445 0.236420
vt 0.300496 0.204182
vt 0.307086 0.179979
vt 0.305990 0.193337
vt 0.300408 0.191820
vt 0.301416 0.178565
vt 0.316318 0.105939
vt 0.310808 0.144255
vt 0.304674 0.143469
vt 0.309660 0.105711
vt 0.302755 0.143254
vt 0.307661 0.105593
vt 0.311546 0.084453
vt 0.313650 0.084402
vt 0.313380 0.070403
vt 0.315589 0.070255
vt 0.323103 0.070361
vt 0.320807 0.084457
vt 0.314657 0.057315
vt 0.316916 0.057173
vt 0.315802 0.045140
vt 0.317387 0.045412
vt 0.325298 0.045029
vt 0.324637 0.057145
vt 0.248332 0.066921
vt 0.258648 0.066497
vt 0.258733 0.074164
vt 0.248756 0.074521
vt 0.268972 0.066694
vt 0.268715 0.074302
vt 0.268353 0.075861
vt 0.258743 0.075109
vt 0.249152 0.076072
vt 0.201041 0.046401
vt 0.202454 0.058548
vt 0.200192 0.058455
vt 0.199463 0.046708
vt 0.204018 0.071604
vt 0.201806 0.071505
vt 0.194297 0.071777
vt 0.192473 0.058598
vt 0.191545 0.046499
vt 0.206161 0.085611
vt 0.204055 0.085607
vt 0.210509 0.106661
vt 0.208513 0.106823
vt 0.201862 0.107197
vt 0.196901 0.085819
vt 0.208213 0.145383
vt 0.214328 0.144462
vt 0.216242 0.144205
vt 0.404169 0.218234
vt 0.400898 0.201821
vt 0.395398 0.218696
vt 0.394993 0.202103
vt 0.392648 0.197402
vt 0.395332 0.195877
vt 0.391520 0.290562
vt 0.393653 0.255195
vt 0.402738 0.255006
vt 0.400020 0.290523
vt 0.396599 0.306762
vt 0.397921 0.303798
vt 0.389895 0.307563
vt 0.390355 0.303991
vt 0.389229 0.313058
vt 0.394314 0.310767
vt 0.136034 0.199341
vt 0.136002 0.216811
vt 0.135984 0.192924
vt 0.143959 0.191163
vt 0.143886 0.198398
vt 0.143597 0.216780
vt 0.136081 0.253461
vt 0.136301 0.288850
vt 0.142534 0.253720
vt 0.141646 0.289154
vt 0.136419 0.302438
vt 0.136346 0.306439
vt 0.141233 0.302884
vt 0.140994 0.307166
vt 0.136128 0.312813
vt 0.140461 0.314108
vt 0.147471 0.197960
vt 0.147162 0.216744
vt 0.147281 0.190654
vt 0.145697 0.253849
vt 0.144379 0.289326
vt 0.143755 0.303154
vt 0.143435 0.307613
vt 0.142732 0.314856
vt 0.141749 0.321050
vt 0.386400 0.201253
vt 0.386063 0.218720
vt 0.386587 0.194838
vt 0.385212 0.255360
vt 0.384248 0.290735
vt 0.383846 0.304316
vt 0.383836 0.308318
vt 0.383921 0.314695
vt 0.384357 0.320258
vt 0.142317 0.328174
vt 0.137453 0.327969
vt 0.139525 0.324630
vt 0.143029 0.324290
vt 0.384184 0.325142
vt 0.386223 0.323001
vt 0.157111 0.184384
vt 0.158044 0.194596
vt 0.159582 0.184041
vt 0.160482 0.194487
vt 0.160118 0.216185
vt 0.157761 0.216147
vt 0.158494 0.254343
vt 0.156171 0.254250
vt 0.157125 0.290100
vt 0.154803 0.289965
vt 0.156365 0.304440
vt 0.154045 0.304179
vt 0.155852 0.309625
vt 0.153620 0.309187
vt 0.154621 0.318361
vt 0.152513 0.317888
vt 0.152340 0.326600
vt 0.150853 0.324923
vt 0.143435 0.332214
vt 0.136450 0.329940
vt 0.138528 0.329953
vt 0.142463 0.330182
vt 0.370115 0.197940
vt 0.369949 0.218017
vt 0.370735 0.189231
vt 0.370683 0.255633
vt 0.371303 0.291240
vt 0.371720 0.305259
vt 0.371980 0.310014
vt 0.372795 0.318068
vt 0.374338 0.324723
vt 0.380273 0.326438
vt 0.376778 0.326023
vt 0.136318 0.189640
vt 0.144618 0.187478
vt 0.147334 0.187598
vt 0.148400 0.186430
vt 0.156483 0.178550
vt 0.154946 0.180643
vt 0.151424 0.183461
vt 0.149633 0.180963
vt 0.159152 0.179566
vt 0.156615 0.180099
vt 0.258759 0.076579
vt 0.251828 0.076921
vt 0.265697 0.076769
vt 0.366395 0.180035
vt 0.367887 0.182160
vt 0.366230 0.181581
vt 0.363705 0.180994
vt 0.371350 0.185051
vt 0.374310 0.188084
vt 0.373192 0.182591
vt 0.375351 0.189274
vt 0.378069 0.189211
vt 0.386321 0.191548
vt 0.166260 0.674526
vt 0.163686 0.665183
vt 0.168741 0.684696
vt 0.162985 0.661797
vt 0.162376 0.641681
vt 0.161727 0.581891
vt 0.160513 0.521048
vt 0.169912 0.346550
vt 0.169824 0.347979
vt 0.169070 0.357229
vt 0.727690 0.156704
vt 0.727721 0.154343
vt 0.727602 0.163628
vt 0.727530 0.178475
vt 0.727490 0.197281
vt 0.727469 0.216087
vt 0.727490 0.230928
vt 0.727571 0.240215
vt 0.727551 0.237854
vt 0.354596 0.355193
vt 0.353639 0.345962
vt 0.353519 0.344535
vt 0.367189 0.583923
vt 0.367261 0.523085
vt 0.367638 0.643679
vt 0.366749 0.667195
vt 0.367389 0.663794
vt 0.364345 0.676592
vt 0.361972 0.686659
vt 0.360833 0.691739
vt 0.360278 0.694224
vt 0.169928 0.689760
vt 0.170497 0.692241
vt 0.199927 0.210164
vt 0.198825 0.198785
vt 0.197045 0.185069
vt 0.204413 0.278202
vt 0.202481 0.240136
vt 0.200560 0.340871
vt 0.203387 0.314193
vt 0.197594 0.359904
vt 0.199247 0.350644
vt 0.196514 0.498153
vt 0.188757 0.441011
vt 0.206205 0.554937
vt 0.210268 0.575834
vt 0.210008 0.574635
vt 0.225877 0.587323
vt 0.229624 0.587419
vt 0.224004 0.587285
vt 0.236081 0.587536
vt 0.243766 0.587610
vt 0.258133 0.587603
vt 0.251193 0.587628
vt 0.270590 0.587471
vt 0.264362 0.587551
vt 0.284954 0.587174
vt 0.277529 0.587349
vt 0.299089 0.586679
vt 0.292635 0.586935
vt 0.304705 0.586425
vt 0.302833 0.586503
vt 0.318431 0.573458
vt 0.321802 0.553679
vt 0.318198 0.574661
vt 0.330250 0.496691
vt 0.336753 0.439389
vt 0.322755 0.339529
vt 0.324282 0.349272
vt 0.326137 0.358494
vt 0.317525 0.276960
vt 0.319342 0.312919
vt 0.318620 0.238860
vt 0.320516 0.208839
vt 0.321366 0.197439
vt 0.322844 0.183686
vt 0.334461 0.107199
vt 0.327675 0.146548
vt 0.340320 0.085302
vt 0.343789 0.071036
vt 0.346368 0.057382
vt 0.348198 0.044365
vt 0.258416 0.045376
vt 0.247068 0.045843
vt 0.269772 0.045594
vt 0.173631 0.072906
vt 0.170752 0.059312
vt 0.168636 0.046338
vt 0.177412 0.087092
vt 0.183751 0.108855
vt 0.191400 0.148045
vt 0.091690 0.197800
vt 0.090922 0.197030
vt 0.092195 0.183875
vt 0.092952 0.184772
vt 0.092776 0.165581
vt 0.094598 0.171170
vt 0.087895 0.227749
vt 0.083988 0.266115
vt 0.088697 0.228217
vt 0.084866 0.266269
vt 0.080230 0.302388
vt 0.077408 0.329352
vt 0.081259 0.302410
vt 0.075305 0.348774
vt 0.076388 0.339330
vt 0.066007 0.434830
vt 0.054382 0.494492
vt 0.053490 0.488184
vt 0.064513 0.431222
vt 0.044625 0.546104
vt 0.042069 0.544468
vt 0.039766 0.565327
vt 0.037551 0.565431
vt 0.038020 0.564294
vt 0.041242 0.564113
vt 0.564292 0.124117
vt 0.563472 0.113506
vt 0.564415 0.125935
vt 0.563794 0.128114
vt 0.563474 0.124169
vt 0.563028 0.119896
vt 0.562677 0.106478
vt 0.561775 0.086470
vt 0.562126 0.086460
vt 0.563021 0.114123
vt 0.561556 0.066440
vt 0.561473 0.058786
vt 0.561169 0.053020
vt 0.561957 0.059377
vt 0.561486 0.044770
vt 0.562227 0.046911
vt 0.562204 0.048733
vt 0.561385 0.048727
vt 0.490163 0.559331
vt 0.485679 0.539597
vt 0.490657 0.560457
vt 0.488440 0.560401
vt 0.486938 0.559220
vt 0.483160 0.541289
vt 0.473025 0.483578
vt 0.472271 0.489904
vt 0.459339 0.430512
vt 0.460752 0.426873
vt 0.445624 0.325310
vt 0.446862 0.335263
vt 0.448153 0.344682
vt 0.442209 0.298414
vt 0.437655 0.262233
vt 0.441182 0.298459
vt 0.436781 0.262406
vt 0.432906 0.223962
vt 0.429205 0.193317
vt 0.432115 0.224447
vt 0.428454 0.194104
vt 0.427644 0.180195
vt 0.426695 0.161895
vt 0.426906 0.181108
vt 0.424980 0.167534
vt 0.107575 0.901697
vt 0.155897 0.901597
vt 0.057517 0.901725
vt 0.360010 0.881047
vt 0.380739 0.888369
vt 0.346308 0.878932
vt 0.333751 0.877637
vt 0.322339 0.876935
vt 0.312344 0.876655
vt 0.302349 0.876938
vt 0.278381 0.878990
vt 0.290937 0.877645
vt 0.264675 0.881243
vt 0.243936 0.888669
vt 0.517971 0.901816
vt 0.469906 0.902234
vt 0.567788 0.901270
vt 0.064955 0.674801
vt 0.067289 0.665314
vt 0.062655 0.684933
vt 0.061042 0.692559
vt 0.061566 0.690060
vt 0.469228 0.690416
vt 0.468088 0.685306
vt 0.469767 0.692910
vt 0.465663 0.675096
vt 0.463147 0.665660
vt 0.462447 0.662250
vt 0.461602 0.641935
vt 0.460099 0.581863
vt 0.457860 0.520931
vt 0.432808 0.335719
vt 0.433009 0.337138
vt 0.434351 0.346384
vt 0.805736 0.237964
vt 0.805832 0.231040
vt 0.805703 0.240325
vt 0.805916 0.216202
vt 0.805950 0.197391
vt 0.805949 0.178583
vt 0.805890 0.163744
vt 0.805811 0.156819
vt 0.805780 0.154458
vt 0.089140 0.350173
vt 0.090279 0.340900
vt 0.090449 0.339477
vt 0.069878 0.520582
vt 0.068787 0.581527
vt 0.068395 0.641580
vt 0.067924 0.661891
vt 0.277421 0.359642
vt 0.276527 0.350778
vt 0.921434 0.220989
vt 0.921449 0.173885
vt 0.918764 0.061059
vt 0.913482 0.077023
vt 0.935560 0.051685
vt 0.198137 0.420817
vt 0.201747 0.420964
vt 0.199596 0.411143
vt 0.203395 0.411706
vt 0.204329 0.411598
vt 0.202653 0.420915
vt 0.177429 0.419942
vt 0.187962 0.420324
vt 0.178363 0.409415
vt 0.189027 0.410142
vt 0.172815 0.419774
vt 0.173485 0.419799
vt 0.173754 0.409089
vt 0.174420 0.409139
vt 0.167907 0.440803
vt 0.168976 0.419420
vt 0.171962 0.419696
vt 0.170855 0.441259
vt 0.169924 0.408794
vt 0.172903 0.409025
vt 0.146248 0.438199
vt 0.147528 0.417355
vt 0.161890 0.418746
vt 0.160813 0.439850
vt 0.148472 0.406928
vt 0.162842 0.408206
vt 0.095117 0.433313
vt 0.097115 0.412713
vt 0.122487 0.414989
vt 0.120801 0.435650
vt 0.098164 0.402404
vt 0.123458 0.404654
vt 0.072248 0.431645
vt 0.074323 0.410830
vt 0.082084 0.411450
vt 0.080002 0.432136
vt 0.075550 0.400427
vt 0.083224 0.401105
vt 0.069216 0.410438
vt 0.070679 0.410548
vt 0.068618 0.431452
vt 0.070517 0.399959
vt 0.071962 0.400096
vt 0.060477 0.409411
vt 0.067989 0.410296
vt 0.061613 0.399054
vt 0.069279 0.399838
vt 0.020253 0.404600
vt 0.040217 0.407018
vt 0.020394 0.394437
vt 0.040867 0.396792
vt 0.740339 0.124202
vt 0.740727 0.140600
vt 0.749923 0.122020
vt 0.750215 0.137975
vt 0.750633 0.145220
vt 0.740234 0.147577
vt 0.738062 0.039165
vt 0.739204 0.081683
vt 0.747749 0.040831
vt 0.748827 0.081426
vt 0.736707 0.015829
vt 0.737572 0.022769
vt 0.747218 0.017627
vt 0.747188 0.024883
vt 0.464309 0.404978
vt 0.484511 0.402140
vt 0.462946 0.394649
vt 0.483637 0.391931
vt 0.504053 0.389127
vt 0.504417 0.399284
vt 0.455595 0.406197
vt 0.456818 0.406027
vt 0.454063 0.395748
vt 0.455299 0.395601
vt 0.453029 0.427466
vt 0.450497 0.406701
vt 0.454134 0.406339
vt 0.456654 0.427192
vt 0.449042 0.396327
vt 0.452622 0.395918
vt 0.430202 0.429635
vt 0.427752 0.409084
vt 0.442752 0.407491
vt 0.445287 0.428126
vt 0.426477 0.398800
vt 0.441384 0.397173
vt 0.379191 0.435644
vt 0.377453 0.414832
vt 0.402436 0.411917
vt 0.404575 0.432536
vt 0.376280 0.404428
vt 0.401238 0.401606
vt 0.357593 0.438724
vt 0.356056 0.417369
vt 0.363125 0.416539
vt 0.364665 0.437614
vt 0.354875 0.406765
vt 0.361942 0.406022
vt 0.352225 0.417806
vt 0.353076 0.417710
vt 0.354656 0.439244
vt 0.351052 0.407145
vt 0.351901 0.407062
vt 0.347616 0.418076
vt 0.351556 0.417846
vt 0.346451 0.407572
vt 0.350387 0.407209
vt 0.326932 0.419405
vt 0.337094 0.418689
vt 0.325262 0.409765
vt 0.335806 0.408532
vt 0.322419 0.419602
vt 0.323326 0.419631
vt 0.320539 0.410324
vt 0.321476 0.410411
vt 0.314434 0.419211
vt 0.319852 0.419479
vt 0.312530 0.409565
vt 0.317933 0.410038
vt 0.293494 0.418483
vt 0.304941 0.418816
vt 0.292198 0.408571
vt 0.303254 0.408999
vt 0.271902 0.418247
vt 0.282352 0.418300
vt 0.271432 0.408275
vt 0.281478 0.408347
vt 0.253129 0.418453
vt 0.262515 0.418289
vt 0.253379 0.408473
vt 0.262405 0.408313
vt 0.231547 0.419162
vt 0.242683 0.418735
vt 0.232625 0.409224
vt 0.243338 0.408765
vt 0.210628 0.420349
vt 0.220110 0.419746
vt 0.212320 0.410663
vt 0.221582 0.409894
vt 0.205217 0.420735
vt 0.206929 0.411255
vt 0.177791 0.383411
vt 0.181924 0.383791
vt 0.177097 0.383349
vt 0.193071 0.384970
vt 0.204124 0.386483
vt 0.208107 0.387160
vt 0.208982 0.387067
vt 0.211372 0.386746
vt 0.216336 0.386144
vt 0.224856 0.385317
vt 0.234984 0.384612
vt 0.244771 0.384150
vt 0.253921 0.383874
vt 0.262135 0.383738
vt 0.270351 0.383694
vt 0.279505 0.383769
vt 0.289300 0.384016
vt 0.299440 0.384499
vt 0.307977 0.385138
vt 0.312953 0.385632
vt 0.315349 0.385900
vt 0.316226 0.385974
vt 0.320193 0.385210
vt 0.331210 0.383455
vt 0.342329 0.382032
vt 0.346452 0.381560
vt 0.347144 0.381483
vt 0.348020 0.381386
vt 0.351074 0.381053
vt 0.358311 0.380282
vt 0.372911 0.378750
vt 0.397998 0.376048
vt 0.423103 0.373256
vt 0.437844 0.371577
vt 0.445403 0.370703
vt 0.448936 0.370291
vt 0.450380 0.370123
vt 0.451662 0.369973
vt 0.459766 0.369033
vt 0.481710 0.366485
vt 0.503380 0.363826
vt 0.771440 0.031098
vt 0.771722 0.045142
vt 0.771946 0.023647
vt 0.772652 0.080788
vt 0.773630 0.116434
vt 0.774099 0.130473
vt 0.775003 0.137886
vt 0.042234 0.371309
vt 0.064229 0.373375
vt 0.020511 0.369127
vt 0.072352 0.374137
vt 0.073637 0.374258
vt 0.075084 0.374395
vt 0.078626 0.374729
vt 0.086202 0.375437
vt 0.100976 0.376791
vt 0.126136 0.379032
vt 0.151277 0.381182
vt 0.165907 0.382393
vt 0.173159 0.383005
vt 0.176219 0.383271
vt 0.780678 0.704902
vt 0.868094 0.704545
vt 0.876761 0.708400
vt 0.780800 0.709395
vt 0.921423 0.704005
vt 0.923928 0.705460
vt 0.937701 0.705074
vt 0.926437 0.708492
vt 0.924490 0.713019
vt 0.868777 0.713190
vt 0.780800 0.713467
vt 0.876794 0.717931
vt 0.780828 0.717540
vt 0.926465 0.717534
vt 0.937746 0.720881
vt 0.923975 0.720581
vt 0.921480 0.722051
vt 0.868155 0.721840
vt 0.780736 0.722033
vt 0.780439 0.695114
vt 0.780232 0.693304
vt 0.858942 0.692938
vt 0.863176 0.694908
vt 0.780199 0.692826
vt 0.858914 0.692458
vt 0.918985 0.690888
vt 0.919063 0.691392
vt 0.920548 0.693146
vt 0.780161 0.692348
vt 0.858891 0.691978
vt 0.780051 0.691477
vt 0.858643 0.690686
vt 0.925758 0.688330
vt 0.918931 0.690380
vt 0.780196 0.735458
vt 0.780300 0.734587
vt 0.858996 0.734461
vt 0.858761 0.735754
vt 0.780336 0.734108
vt 0.859046 0.733984
vt 0.919123 0.735187
vt 0.919071 0.735695
vt 0.925912 0.737703
vt 0.780366 0.733630
vt 0.859106 0.733508
vt 0.780561 0.731820
vt 0.863317 0.731511
vt 0.920672 0.732919
vt 0.919198 0.734683
vt 0.940172 0.670938
vt 0.941817 0.669404
vt 0.945320 0.674312
vt 0.943631 0.675897
vt 0.942214 0.669125
vt 0.945664 0.673962
vt 0.948451 0.678134
vt 0.948100 0.678467
vt 0.946539 0.679940
vt 0.957109 0.668967
vt 0.957414 0.669337
vt 0.954170 0.674595
vt 0.953808 0.674265
vt 0.958123 0.670716
vt 0.955757 0.676184
vt 0.954345 0.680250
vt 0.952727 0.679158
vt 0.952304 0.678900
vt 0.946750 0.745962
vt 0.948322 0.747440
vt 0.945563 0.751577
vt 0.943857 0.750019
vt 0.948671 0.747775
vt 0.945869 0.751955
vt 0.942476 0.756784
vt 0.942073 0.756504
vt 0.940423 0.754987
vt 0.952522 0.746956
vt 0.952942 0.746695
vt 0.954406 0.751240
vt 0.954040 0.751563
vt 0.954552 0.745593
vt 0.955985 0.749647
vt 0.958356 0.755128
vt 0.957631 0.756508
vt 0.957310 0.756868
vt 0.955003 0.712930
vt 0.957478 0.712908
vt 0.957557 0.716373
vt 0.955106 0.717158
vt 0.957955 0.712980
vt 0.958027 0.716246
vt 0.959383 0.718718
vt 0.958973 0.718955
vt 0.957286 0.719484
vt 0.974948 0.745540
vt 0.974556 0.745799
vt 0.970619 0.742723
vt 0.970961 0.742390
vt 0.973467 0.746570
vt 0.969684 0.744211
vt 0.965721 0.742884
vt 0.966023 0.741084
vt 0.966074 0.740599
vt 0.938465 0.725613
vt 0.943745 0.724393
vt 0.951076 0.727468
vt 0.949648 0.728604
vt 0.944710 0.724043
vt 0.951998 0.727416
vt 0.957792 0.734080
vt 0.956954 0.733899
vt 0.954000 0.732987
vt 0.945956 0.723796
vt 0.953052 0.727482
vt 0.948586 0.723584
vt 0.954971 0.727942
vt 0.959891 0.734550
vt 0.958586 0.734251
vt 0.948529 0.702302
vt 0.945896 0.702107
vt 0.952967 0.698375
vt 0.954882 0.697902
vt 0.944648 0.701869
vt 0.951913 0.698448
vt 0.957660 0.691746
vt 0.958453 0.691569
vt 0.959756 0.691263
vt 0.943680 0.701524
vt 0.950991 0.698402
vt 0.938391 0.700338
vt 0.949555 0.697275
vt 0.953876 0.692865
vt 0.956824 0.691933
vt 0.779616 0.687766
vt 0.856791 0.684045
vt 0.857842 0.687767
vt 0.779893 0.689823
vt 0.916232 0.678869
vt 0.917332 0.684078
vt 0.857986 0.738681
vt 0.780049 0.737114
vt 0.917511 0.742005
vt 0.916445 0.747221
vt 0.856965 0.742411
vt 0.779785 0.739173
vt 0.939358 0.679454
vt 0.942630 0.683380
vt 0.936530 0.674198
vt 0.948822 0.712942
vt 0.948754 0.706992
vt 0.955120 0.708698
vt 0.944608 0.704202
vt 0.952883 0.704843
vt 0.957315 0.706370
vt 0.939565 0.746490
vt 0.936769 0.751762
vt 0.942814 0.742544
vt 0.973425 0.679102
vt 0.969507 0.681558
vt 0.968586 0.677302
vt 0.972380 0.675833
vt 0.965536 0.682896
vt 0.964773 0.678614
vt 0.964292 0.672424
vt 0.967877 0.671582
vt 0.971618 0.670665
vt 0.924878 0.728582
vt 0.947363 0.732060
vt 0.945511 0.735891
vt 0.952956 0.735986
vt 0.950595 0.739050
vt 0.875947 0.726485
vt 0.780691 0.727342
vt 0.923563 0.723814
vt 0.875850 0.699852
vt 0.780598 0.699592
vt 0.924782 0.697456
vt 0.923495 0.702230
vt 0.947246 0.693836
vt 0.952813 0.689872
vt 0.945369 0.690017
vt 0.950432 0.686826
vt 0.960239 0.679153
vt 0.958475 0.682987
vt 0.960879 0.672585
vt 0.962871 0.683414
vt 0.961875 0.684900
vt 0.948780 0.718893
vt 0.952901 0.721019
vt 0.944655 0.721710
vt 0.972589 0.749904
vt 0.968788 0.748472
vt 0.971890 0.755079
vt 0.968135 0.754195
vt 0.964539 0.753379
vt 0.964975 0.747179
vt 0.967605 0.735427
vt 0.964929 0.736606
vt 0.961239 0.736810
vt 0.972398 0.738490
vt 0.968165 0.737877
vt 0.964847 0.738648
vt 0.963709 0.738572
vt 0.962777 0.738780
vt 0.945659 0.741326
vt 0.948733 0.743768
vt 0.944787 0.739203
vt 0.949229 0.742116
vt 0.945480 0.684582
vt 0.944623 0.686710
vt 0.948535 0.682126
vt 0.949043 0.683772
vt 0.958254 0.686277
vt 0.953868 0.683068
vt 0.961659 0.686420
vt 0.962611 0.687015
vt 0.961088 0.688994
vt 0.956370 0.687501
vt 0.952872 0.684278
vt 0.961828 0.739381
vt 0.958422 0.739545
vt 0.962053 0.740900
vt 0.958664 0.742833
vt 0.954057 0.742781
vt 0.953053 0.741579
vt 0.956529 0.738333
vt 0.963056 0.742381
vt 0.960447 0.746663
vt 0.961116 0.753246
vt 0.963544 0.687217
vt 0.964779 0.689173
vt 0.964682 0.687132
vt 0.968006 0.687879
vt 0.972234 0.687238
vt 0.967462 0.690333
vt 0.944679 0.688446
vt 0.944510 0.687984
vt 0.949538 0.684982
vt 0.949720 0.685388
vt 0.944337 0.687526
vt 0.949349 0.684587
vt 0.944495 0.738389
vt 0.944665 0.737929
vt 0.949715 0.740901
vt 0.949529 0.741298
vt 0.944831 0.737466
vt 0.949894 0.740494
vt 0.949835 0.681174
vt 0.950152 0.680816
vt 0.951092 0.682667
vt 0.950724 0.682839
vt 0.952109 0.681875
vt 0.951716 0.681575
vt 0.951458 0.682993
vt 0.952307 0.743987
vt 0.951916 0.744290
vt 0.951285 0.743205
vt 0.951649 0.742876
vt 0.950040 0.744712
vt 0.950360 0.745067
vt 0.950917 0.743036
vt 0.974422 0.680263
vt 0.970381 0.682999
vt 0.974791 0.680560
vt 0.970709 0.683349
vt 0.965890 0.685174
vt 0.965834 0.684691
vt 0.957598 0.709468
vt 0.958052 0.709641
vt 0.959025 0.706926
vt 0.959433 0.707169
vt 0.954601 0.737660
vt 0.955070 0.737813
vt 0.952350 0.740672
vt 0.952083 0.740403
vt 0.955515 0.737975
vt 0.952582 0.740962
vt 0.955358 0.687866
vt 0.954914 0.688032
vt 0.952175 0.685191
vt 0.952405 0.684900
vt 0.954446 0.688187
vt 0.951910 0.685461
vt 0.965389 0.739981
vt 0.964109 0.739844
vt 0.964303 0.740382
vt 0.963838 0.740136
vt 0.963614 0.739718
vt 0.963358 0.739845
vt 0.963596 0.740358
vt 0.964123 0.740767
vt 0.963942 0.685021
vt 0.964125 0.685404
vt 0.963662 0.685653
vt 0.963419 0.685432
vt 0.963184 0.685947
vt 0.963441 0.686072
vt 0.963935 0.685943
vt 0.965212 0.685797
vt 0.942536 0.722845
vt 0.941656 0.723217
vt 0.941064 0.722848
vt 0.941293 0.722442
vt 0.940518 0.722437
vt 0.940419 0.722935
vt 0.940830 0.723467
vt 0.951086 0.742225
vt 0.951329 0.742253
vt 0.951163 0.741874
vt 0.951334 0.741970
vt 0.951295 0.741554
vt 0.951480 0.741750
vt 0.951571 0.742048
vt 0.940769 0.702469
vt 0.941598 0.702714
vt 0.941008 0.703086
vt 0.940363 0.703003
vt 0.940464 0.703501
vt 0.941240 0.703491
vt 0.942480 0.703080
vt 0.951386 0.683821
vt 0.951143 0.683619
vt 0.951297 0.684120
vt 0.951150 0.683901
vt 0.951113 0.684317
vt 0.950980 0.683999
vt 0.950900 0.683648
vt 0.793254 0.856964
vt 0.792905 0.849819
vt 0.824766 0.847518
vt 0.825007 0.855182
vt 0.800461 0.845367
vt 0.824897 0.843587
vt 0.863131 0.839923
vt 0.861940 0.844103
vt 0.862107 0.852742
vt 0.750617 0.821002
vt 0.764568 0.824237
vt 0.757438 0.836892
vt 0.744460 0.835612
vt 0.778285 0.830340
vt 0.769942 0.840138
vt 0.768862 0.849811
vt 0.755984 0.847441
vt 0.742993 0.846453
vt 0.788093 0.923360
vt 0.790925 0.911287
vt 0.825306 0.917028
vt 0.825942 0.929043
vt 0.800470 0.905673
vt 0.824902 0.907451
vt 0.863134 0.911114
vt 0.866050 0.921126
vt 0.870392 0.933330
vt 0.790917 0.839752
vt 0.825300 0.834010
vt 0.788085 0.827678
vt 0.825936 0.821995
vt 0.870388 0.817707
vt 0.866046 0.829912
vt 0.937949 0.848811
vt 0.924505 0.853091
vt 0.924617 0.844600
vt 0.937988 0.838687
vt 0.910246 0.856371
vt 0.910326 0.849118
vt 0.907773 0.845208
vt 0.918571 0.841095
vt 0.931825 0.833845
vt 0.779436 0.846435
vt 0.788629 0.840084
vt 0.779384 0.854283
vt 0.733846 0.834561
vt 0.739705 0.819122
vt 0.732396 0.845675
vt 0.723018 0.845008
vt 0.724469 0.833462
vt 0.730469 0.817526
vt 0.780910 0.802311
vt 0.778311 0.792219
vt 0.825542 0.787523
vt 0.826327 0.797034
vt 0.776161 0.783363
vt 0.824374 0.779417
vt 0.881727 0.777384
vt 0.881586 0.784572
vt 0.880022 0.793297
vt 0.984409 0.846641
vt 0.984829 0.875496
vt 0.978854 0.875504
vt 0.978477 0.846934
vt 0.984473 0.904365
vt 0.978517 0.904090
vt 0.969731 0.903807
vt 0.970038 0.875500
vt 0.969727 0.847239
vt 0.881732 0.973654
vt 0.824380 0.971621
vt 0.825548 0.963515
vt 0.881590 0.966466
vt 0.776167 0.967675
vt 0.778317 0.958820
vt 0.780917 0.948727
vt 0.826333 0.954005
vt 0.880026 0.957741
vt 0.784457 0.814858
vt 0.826402 0.809334
vt 0.875663 0.805171
vt 0.954633 0.847342
vt 0.954574 0.836611
vt 0.969366 0.836605
vt 0.948432 0.830487
vt 0.963723 0.829265
vt 0.784464 0.936181
vt 0.826407 0.941705
vt 0.875667 0.945866
vt 0.926227 0.933757
vt 0.904100 0.934537
vt 0.897136 0.922519
vt 0.917334 0.921700
vt 0.892599 0.912729
vt 0.908316 0.914594
vt 0.947414 0.957241
vt 0.920812 0.958019
vt 0.913052 0.946702
vt 0.937584 0.946067
vt 0.924156 0.966025
vt 0.925298 0.972397
vt 0.951778 0.964826
vt 0.953437 0.970681
vt 0.947410 0.793796
vt 0.920808 0.793018
vt 0.924151 0.785013
vt 0.951774 0.786211
vt 0.925294 0.778640
vt 0.953433 0.780356
vt 0.937580 0.804970
vt 0.913048 0.804336
vt 0.926223 0.817280
vt 0.904095 0.816501
vt 0.908312 0.836443
vt 0.892595 0.838309
vt 0.897132 0.828518
vt 0.917330 0.829338
vt 0.890146 0.854811
vt 0.890157 0.847010
vt 0.892246 0.843285
vt 0.977804 0.836305
vt 0.983643 0.835490
vt 0.972899 0.827944
vt 0.979013 0.826333
vt 0.954802 0.875535
vt 0.937954 0.875526
vt 0.954666 0.903709
vt 0.937965 0.902230
vt 0.910249 0.894667
vt 0.910227 0.875520
vt 0.924459 0.875522
vt 0.924512 0.897948
vt 0.862109 0.898296
vt 0.862338 0.875519
vt 0.890145 0.875519
vt 0.890148 0.896226
vt 0.793264 0.894074
vt 0.793341 0.875518
vt 0.825246 0.875519
vt 0.825010 0.895856
vt 0.768900 0.901223
vt 0.768258 0.875515
vt 0.779250 0.875516
vt 0.779406 0.896753
vt 0.754762 0.875515
vt 0.741544 0.875514
vt 0.756052 0.903587
vt 0.742893 0.904586
vt 0.723117 0.906014
vt 0.721543 0.875546
vt 0.730925 0.875522
vt 0.732416 0.905356
vt 0.963740 0.921790
vt 0.969410 0.914472
vt 0.977855 0.914742
vt 0.972942 0.923119
vt 0.983700 0.915545
vt 0.979064 0.924721
vt 0.948433 0.920536
vt 0.954589 0.914415
vt 0.931829 0.917186
vt 0.937998 0.912345
vt 0.907777 0.905829
vt 0.910330 0.901919
vt 0.924625 0.906436
vt 0.918577 0.909940
vt 0.861943 0.906934
vt 0.890159 0.904027
vt 0.892247 0.907752
vt 0.792916 0.901221
vt 0.824771 0.903520
vt 0.779459 0.904606
vt 0.769967 0.910903
vt 0.788644 0.910961
vt 0.778294 0.920711
vt 0.757457 0.914138
vt 0.764560 0.926810
vt 0.750587 0.930034
vt 0.744439 0.915421
vt 0.733851 0.916467
vt 0.724488 0.917547
vt 0.739672 0.931905
vt 0.730433 0.933482
vt 0.840718 0.387325
vt 0.840990 0.387213
vt 0.841040 0.387544
vt 0.840737 0.387609
vt 0.844781 0.386997
vt 0.844809 0.387365
vt 0.844856 0.387969
vt 0.841105 0.388118
vt 0.840776 0.388155
vt 0.855415 0.387437
vt 0.855454 0.388038
vt 0.855392 0.387064
vt 0.866008 0.387253
vt 0.866029 0.387618
vt 0.866065 0.388204
vt 0.866234 0.391114
vt 0.855638 0.391025
vt 0.855515 0.388998
vt 0.866121 0.389139
vt 0.845077 0.391023
vt 0.844935 0.388950
vt 0.841195 0.389072
vt 0.840841 0.389085
vt 0.841317 0.391100
vt 0.840953 0.391102
vt 0.841058 0.521270
vt 0.841154 0.521582
vt 0.840894 0.521620
vt 0.840839 0.521302
vt 0.841595 0.525350
vt 0.841303 0.525360
vt 0.838227 0.525594
vt 0.837958 0.521824
vt 0.837939 0.521460
vt 0.841771 0.536057
vt 0.838689 0.536200
vt 0.842069 0.536056
vt 0.842393 0.546784
vt 0.842099 0.546782
vt 0.839016 0.546891
vt 0.820885 0.521837
vt 0.829524 0.521670
vt 0.829532 0.522051
vt 0.820890 0.522219
vt 0.829639 0.525877
vt 0.820952 0.526062
vt 0.710824 0.391681
vt 0.710461 0.391682
vt 0.710565 0.389652
vt 0.710919 0.389661
vt 0.706702 0.391641
vt 0.706825 0.389566
vt 0.706895 0.388584
vt 0.710647 0.388696
vt 0.710977 0.388731
vt 0.685682 0.389020
vt 0.696295 0.388754
vt 0.696243 0.389714
vt 0.685636 0.389956
vt 0.696139 0.391743
vt 0.685541 0.391932
vt 0.685730 0.388069
vt 0.696348 0.387779
vt 0.696328 0.388152
vt 0.685712 0.388434
vt 0.706962 0.387611
vt 0.706937 0.387980
vt 0.710708 0.388122
vt 0.711011 0.388184
vt 0.710754 0.387790
vt 0.711028 0.387900
vt 0.842433 0.362683
vt 0.841746 0.372969
vt 0.841435 0.372948
vt 0.842125 0.362659
vt 0.841193 0.383366
vt 0.840890 0.383341
vt 0.837817 0.383029
vt 0.838359 0.372667
vt 0.839051 0.362342
vt 0.837559 0.387109
vt 0.837575 0.386735
vt 0.840528 0.386969
vt 0.840487 0.387291
vt 0.840796 0.387024
vt 0.840647 0.391105
vt 0.840543 0.389095
vt 0.837606 0.391114
vt 0.837565 0.389061
vt 0.837558 0.388092
vt 0.840498 0.388169
vt 0.840480 0.387622
vt 0.837556 0.387493
vt 0.949971 0.387987
vt 0.916097 0.388689
vt 0.916041 0.388176
vt 0.949905 0.387523
vt 0.882341 0.388461
vt 0.882302 0.387898
vt 0.882278 0.387546
vt 0.916007 0.387849
vt 0.949866 0.387222
vt 0.950303 0.390279
vt 0.916379 0.391238
vt 0.916188 0.389508
vt 0.950078 0.388724
vt 0.882535 0.391256
vt 0.882404 0.389359
vt 0.870806 0.389202
vt 0.870751 0.388277
vt 0.870919 0.391155
vt 0.870451 0.391150
vt 0.870339 0.389195
vt 0.870283 0.388269
vt 0.870716 0.387697
vt 0.870694 0.387336
vt 0.870248 0.387689
vt 0.870226 0.387327
vt 0.839515 0.563527
vt 0.839150 0.551625
vt 0.842234 0.551527
vt 0.842597 0.563433
vt 0.839136 0.551147
vt 0.842220 0.551048
vt 0.842512 0.551054
vt 0.842526 0.551533
vt 0.842883 0.563439
vt 0.841769 0.632905
vt 0.840641 0.598234
vt 0.843722 0.598136
vt 0.844850 0.632795
vt 0.843992 0.598139
vt 0.845106 0.632794
vt 0.681511 0.388184
vt 0.681493 0.388546
vt 0.681026 0.388559
vt 0.681043 0.388197
vt 0.681464 0.389127
vt 0.680996 0.389139
vt 0.669409 0.389434
vt 0.669443 0.388871
vt 0.669463 0.388518
vt 0.681417 0.390053
vt 0.680950 0.390064
vt 0.681323 0.392009
vt 0.680856 0.392018
vt 0.669243 0.392230
vt 0.669355 0.390332
vt 0.601811 0.389575
vt 0.635670 0.389976
vt 0.635587 0.390796
vt 0.601711 0.390313
vt 0.635413 0.392527
vt 0.601500 0.391870
vt 0.601909 0.388809
vt 0.635752 0.389135
vt 0.635722 0.389462
vt 0.601873 0.389110
vt 0.842812 0.358660
vt 0.842507 0.358631
vt 0.842555 0.358187
vt 0.842860 0.358219
vt 0.839433 0.358259
vt 0.839483 0.357808
vt 0.841073 0.346542
vt 0.844123 0.346991
vt 0.844425 0.347027
vt 0.830734 0.356783
vt 0.832476 0.345308
vt 0.830683 0.357243
vt 0.821657 0.356212
vt 0.821729 0.355734
vt 0.823824 0.344016
vt 0.851717 0.279768
vt 0.846443 0.313139
vt 0.837906 0.311757
vt 0.843237 0.278097
vt 0.829307 0.310364
vt 0.834747 0.276635
vt 0.855028 0.280359
vt 0.849774 0.313665
vt 0.849483 0.313632
vt 0.854747 0.280328
vt 0.731231 0.386894
vt 0.731240 0.387302
vt 0.722619 0.387646
vt 0.722610 0.387241
vt 0.731253 0.387929
vt 0.722631 0.388268
vt 0.714195 0.388640
vt 0.714193 0.388041
vt 0.714187 0.387657
vt 0.731271 0.388927
vt 0.722646 0.389259
vt 0.731302 0.391036
vt 0.722665 0.391352
vt 0.714164 0.391655
vt 0.714195 0.389608
vt 0.722600 0.386846
vt 0.731222 0.386495
vt 0.714168 0.387282
vt 0.713896 0.383578
vt 0.722470 0.383027
vt 0.731120 0.382637
vt 0.712492 0.362898
vt 0.721255 0.361902
vt 0.721957 0.372436
vt 0.713270 0.373219
vt 0.730223 0.360963
vt 0.730722 0.371852
vt 0.712053 0.358820
vt 0.711998 0.358369
vt 0.720778 0.357287
vt 0.720831 0.357746
vt 0.710335 0.347135
vt 0.718918 0.345815
vt 0.727568 0.344451
vt 0.729771 0.356152
vt 0.729847 0.356629
vt 0.715997 0.277184
vt 0.721757 0.310835
vt 0.713178 0.312318
vt 0.707518 0.278725
vt 0.704651 0.313809
vt 0.699073 0.280434
vt 0.712203 0.633500
vt 0.713025 0.598819
vt 0.721711 0.599034
vt 0.720874 0.633786
vt 0.713840 0.564104
vt 0.722533 0.564307
vt 0.731302 0.564503
vt 0.730461 0.599238
vt 0.729609 0.634040
vt 0.714096 0.552200
vt 0.722805 0.552408
vt 0.714106 0.551722
vt 0.722815 0.551931
vt 0.731643 0.552099
vt 0.731616 0.552578
vt 0.732088 0.522243
vt 0.732087 0.522625
vt 0.723444 0.522535
vt 0.723449 0.522154
vt 0.732058 0.526468
vt 0.723373 0.526362
vt 0.714784 0.526156
vt 0.715018 0.522382
vt 0.715034 0.522017
vt 0.731731 0.547842
vt 0.722902 0.547682
vt 0.723117 0.537030
vt 0.731902 0.537159
vt 0.714188 0.547464
vt 0.714418 0.536769
vt 0.735306 0.386760
vt 0.735999 0.386742
vt 0.736007 0.387152
vt 0.735314 0.387170
vt 0.746234 0.386562
vt 0.746240 0.386969
vt 0.746250 0.387595
vt 0.736018 0.387781
vt 0.735325 0.387799
vt 0.736035 0.388782
vt 0.735342 0.388800
vt 0.746264 0.388592
vt 0.746292 0.390699
vt 0.736066 0.390896
vt 0.735372 0.390914
vt 0.735297 0.386360
vt 0.735991 0.386342
vt 0.735203 0.382490
vt 0.735899 0.382471
vt 0.746163 0.382317
vt 0.746228 0.386164
vt 0.735546 0.371666
vt 0.745949 0.371602
vt 0.734844 0.371686
vt 0.734454 0.360761
vt 0.735179 0.360762
vt 0.745799 0.360959
vt 0.805542 0.382047
vt 0.775860 0.382139
vt 0.775807 0.371487
vt 0.805663 0.371330
vt 0.775746 0.360889
vt 0.805733 0.360680
vt 0.775875 0.385964
vt 0.775876 0.386360
vt 0.805513 0.385896
vt 0.805510 0.386294
vt 0.888318 0.559220
vt 0.887056 0.594118
vt 0.876608 0.593735
vt 0.878024 0.558700
vt 0.886641 0.629246
vt 0.876221 0.628985
vt 0.875718 0.629011
vt 0.876020 0.593772
vt 0.877367 0.558721
vt 0.876342 0.640734
vt 0.875919 0.640750
vt 0.886454 0.641303
vt 0.886442 0.641740
vt 0.876330 0.641115
vt 0.875972 0.641074
vt 0.673325 0.643842
vt 0.672983 0.643887
vt 0.672995 0.643533
vt 0.673396 0.643539
vt 0.662936 0.644213
vt 0.662938 0.643812
vt 0.663032 0.631949
vt 0.673311 0.631890
vt 0.673797 0.631916
vt 0.673709 0.562720
vt 0.674269 0.597163
vt 0.673647 0.597125
vt 0.672952 0.562712
vt 0.663355 0.597306
vt 0.662845 0.563003
vt 0.736149 0.526494
vt 0.736845 0.526497
vt 0.736736 0.537203
vt 0.736033 0.537198
vt 0.747078 0.526525
vt 0.747037 0.537235
vt 0.746987 0.547911
vt 0.736600 0.547879
vt 0.735892 0.547885
vt 0.747076 0.522304
vt 0.747077 0.522685
vt 0.736862 0.522656
vt 0.736863 0.522274
vt 0.736167 0.522653
vt 0.736168 0.522271
vt 0.959411 0.642718
vt 0.959480 0.642292
vt 0.963303 0.643049
vt 0.963259 0.643528
vt 0.960390 0.630438
vt 0.964791 0.631143
vt 0.969212 0.631851
vt 0.967172 0.643743
vt 0.967618 0.644440
vt 0.977803 0.561525
vt 0.974111 0.596977
vt 0.967985 0.596114
vt 0.969962 0.560822
vt 0.961886 0.595270
vt 0.962229 0.560159
vt 0.875524 0.642994
vt 0.875999 0.643063
vt 0.875589 0.646889
vt 0.875044 0.646874
vt 0.886312 0.643811
vt 0.886086 0.647628
vt 0.885862 0.651466
vt 0.875208 0.650754
vt 0.874401 0.651273
vt 0.874012 0.641625
vt 0.870146 0.642340
vt 0.870114 0.641860
vt 0.873953 0.641197
vt 0.865766 0.643145
vt 0.866229 0.642458
vt 0.864486 0.630522
vt 0.868923 0.629923
vt 0.873339 0.629327
vt 0.873253 0.558999
vt 0.872736 0.594138
vt 0.866619 0.594835
vt 0.865506 0.559499
vt 0.860474 0.595550
vt 0.857650 0.560037
vt 0.674395 0.650891
vt 0.673658 0.650888
vt 0.673588 0.650632
vt 0.674132 0.650567
vt 0.663146 0.651323
vt 0.663124 0.651078
vt 0.663089 0.650159
vt 0.673460 0.649705
vt 0.673945 0.649668
vt 0.673616 0.645130
vt 0.673782 0.647413
vt 0.673312 0.647457
vt 0.673166 0.645199
vt 0.663035 0.647906
vt 0.662983 0.645620
vt 0.585615 0.644293
vt 0.585435 0.643780
vt 0.585802 0.643714
vt 0.585986 0.644158
vt 0.582821 0.631929
vt 0.583223 0.631872
vt 0.584481 0.631738
vt 0.586745 0.643527
vt 0.586867 0.643951
vt 0.574650 0.561789
vt 0.578894 0.597064
vt 0.576705 0.597197
vt 0.571541 0.561831
vt 0.576131 0.597239
vt 0.570774 0.561852
vt 0.589824 0.561805
vt 0.589688 0.596405
vt 0.584255 0.596737
vt 0.582211 0.561802
vt 0.590659 0.631104
vt 0.587547 0.631426
vt 0.591387 0.643215
vt 0.589113 0.643589
vt 0.589032 0.643170
vt 0.591314 0.642809
vt 0.697205 0.563337
vt 0.691011 0.598600
vt 0.690439 0.598545
vt 0.696438 0.563298
vt 0.683479 0.633173
vt 0.683079 0.633106
vt 0.681824 0.632941
vt 0.688254 0.598359
vt 0.693331 0.563183
vt 0.679141 0.645099
vt 0.679272 0.644678
vt 0.680211 0.644888
vt 0.680016 0.645328
vt 0.680576 0.644963
vt 0.680384 0.645472
vt 0.851858 0.253008
vt 0.854767 0.253832
vt 0.853726 0.258345
vt 0.850820 0.257538
vt 0.855008 0.253897
vt 0.853968 0.258410
vt 0.853324 0.261997
vt 0.853078 0.261942
vt 0.850149 0.261160
vt 0.834432 0.249007
vt 0.843414 0.250763
vt 0.842526 0.255357
vt 0.834044 0.253548
vt 0.841884 0.259061
vt 0.833778 0.257152
vt 0.820546 0.652205
vt 0.828998 0.651724
vt 0.828958 0.655360
vt 0.820421 0.655802
vt 0.837453 0.651206
vt 0.837412 0.654819
vt 0.837530 0.659407
vt 0.829046 0.659959
vt 0.820391 0.660370
vt 0.840406 0.654629
vt 0.840521 0.659210
vt 0.840458 0.651025
vt 0.840692 0.651018
vt 0.840640 0.654616
vt 0.840754 0.659197
vt 0.977998 0.393031
vt 0.977985 0.393518
vt 0.973368 0.393316
vt 0.973393 0.392817
vt 0.977960 0.394545
vt 0.973321 0.394375
vt 0.969682 0.393995
vt 0.969742 0.392881
vt 0.969776 0.392362
vt 0.973411 0.392502
vt 0.978008 0.392721
vt 0.969808 0.392037
vt 0.969846 0.391813
vt 0.973431 0.392278
vt 0.978020 0.392499
vt 0.698695 0.253695
vt 0.707119 0.251381
vt 0.708046 0.255968
vt 0.699771 0.258216
vt 0.716084 0.249551
vt 0.716510 0.254088
vt 0.716806 0.257691
vt 0.708718 0.259667
vt 0.700473 0.261832
vt 0.573842 0.394859
vt 0.573829 0.394548
vt 0.578423 0.394290
vt 0.578445 0.394606
vt 0.573816 0.394326
vt 0.578402 0.394066
vt 0.581981 0.393571
vt 0.582021 0.393796
vt 0.582056 0.394120
vt 0.578474 0.395104
vt 0.573860 0.395346
vt 0.582094 0.394638
vt 0.582165 0.395752
vt 0.578530 0.396163
vt 0.573893 0.396372
vt 0.733830 0.660771
vt 0.725171 0.660439
vt 0.725218 0.655839
vt 0.733758 0.656204
vt 0.716683 0.659963
vt 0.716760 0.655375
vt 0.716685 0.651762
vt 0.725145 0.652203
vt 0.733601 0.652608
vt 0.981733 0.541483
vt 0.973712 0.541587
vt 0.973839 0.537874
vt 0.981828 0.537714
vt 0.965774 0.541668
vt 0.965926 0.538013
vt 0.965959 0.533365
vt 0.973846 0.533194
vt 0.981817 0.533003
vt 0.891959 0.540137
vt 0.882903 0.540125
vt 0.883160 0.536467
vt 0.892136 0.536481
vt 0.882279 0.539987
vt 0.882528 0.536409
vt 0.882689 0.531789
vt 0.883319 0.531827
vt 0.892244 0.531832
vt 0.870024 0.532120
vt 0.869977 0.536768
vt 0.862067 0.536490
vt 0.862140 0.531810
vt 0.870068 0.540426
vt 0.862129 0.540204
vt 0.854110 0.539957
vt 0.854081 0.536188
vt 0.854174 0.531479
vt 0.698306 0.535900
vt 0.701656 0.535813
vt 0.701672 0.540397
vt 0.698336 0.540481
vt 0.702468 0.535801
vt 0.702483 0.540393
vt 0.702375 0.544046
vt 0.701564 0.544017
vt 0.698245 0.544110
vt 0.690193 0.540777
vt 0.690114 0.536195
vt 0.690130 0.544399
vt 0.681874 0.544684
vt 0.681946 0.541106
vt 0.681862 0.536545
vt 0.659773 0.535962
vt 0.668537 0.536200
vt 0.668569 0.540765
vt 0.659745 0.540538
vt 0.669310 0.536168
vt 0.669344 0.540703
vt 0.669497 0.544192
vt 0.668734 0.544368
vt 0.659816 0.544138
vt 0.634252 0.540009
vt 0.634305 0.535435
vt 0.634210 0.543615
vt 0.608600 0.543539
vt 0.608754 0.539942
vt 0.608832 0.535366
vt 0.570183 0.542609
vt 0.566867 0.542439
vt 0.566843 0.538818
vt 0.570176 0.538979
vt 0.566055 0.542450
vt 0.566032 0.538796
vt 0.566154 0.534205
vt 0.566965 0.534236
vt 0.570312 0.534401
vt 0.978731 0.507732
vt 0.978744 0.507937
vt 0.974199 0.508267
vt 0.974177 0.508059
vt 0.978760 0.508103
vt 0.974223 0.508433
vt 0.970749 0.509008
vt 0.970702 0.508844
vt 0.970663 0.508630
vt 0.974144 0.507703
vt 0.978713 0.507386
vt 0.970612 0.508256
vt 0.970505 0.507369
vt 0.974072 0.506871
vt 0.978674 0.506582
vt 0.870415 0.520243
vt 0.870432 0.519917
vt 0.870907 0.519884
vt 0.870890 0.520211
vt 0.870467 0.519325
vt 0.870941 0.519293
vt 0.882743 0.518432
vt 0.882713 0.518991
vt 0.882699 0.519302
vt 0.870528 0.518269
vt 0.871001 0.518239
vt 0.870666 0.515806
vt 0.871138 0.515782
vt 0.882918 0.515118
vt 0.882796 0.517438
vt 0.951711 0.514821
vt 0.917152 0.516166
vt 0.917194 0.515344
vt 0.951731 0.514174
vt 0.917290 0.513427
vt 0.951779 0.512666
vt 0.951698 0.515417
vt 0.917119 0.516898
vt 0.917129 0.516629
vt 0.951701 0.515188
vt 0.841304 0.516670
vt 0.841665 0.516662
vt 0.841529 0.519308
vt 0.841178 0.519307
vt 0.845393 0.516624
vt 0.845216 0.519307
vt 0.845118 0.520458
vt 0.841431 0.520441
vt 0.841108 0.520415
vt 0.866244 0.519538
vt 0.855654 0.520050
vt 0.855728 0.518938
vt 0.866309 0.518467
vt 0.855888 0.516343
vt 0.866452 0.515967
vt 0.866189 0.520470
vt 0.855589 0.521014
vt 0.855611 0.520673
vt 0.866207 0.520139
vt 0.845038 0.521433
vt 0.845065 0.521093
vt 0.841358 0.521048
vt 0.841070 0.521002
vt 0.841311 0.521352
vt 0.837928 0.520468
vt 0.837929 0.519321
vt 0.840883 0.519304
vt 0.840836 0.520407
vt 0.837981 0.516649
vt 0.841000 0.516672
vt 0.837932 0.521103
vt 0.840823 0.520991
vt 0.736157 0.517355
vt 0.736852 0.517359
vt 0.736862 0.520082
vt 0.736168 0.520079
vt 0.747063 0.517391
vt 0.747072 0.520114
vt 0.747075 0.521280
vt 0.736863 0.521249
vt 0.736169 0.521245
vt 0.776477 0.520055
vt 0.776482 0.521221
vt 0.776464 0.517333
vt 0.805863 0.517123
vt 0.805879 0.519846
vt 0.805887 0.521012
vt 0.805895 0.522036
vt 0.776487 0.522245
vt 0.776485 0.521872
vt 0.805892 0.521663
vt 0.747076 0.521931
vt 0.736863 0.521901
vt 0.736169 0.521897
vt 0.723452 0.521783
vt 0.732090 0.521870
vt 0.715038 0.521660
vt 0.715036 0.521025
vt 0.723455 0.521133
vt 0.732091 0.521219
vt 0.715027 0.519877
vt 0.723456 0.519970
vt 0.714957 0.517194
vt 0.723436 0.517260
vt 0.732077 0.517331
vt 0.732091 0.520052
vt 0.711916 0.521855
vt 0.711665 0.521939
vt 0.711615 0.521636
vt 0.711902 0.521587
vt 0.707941 0.522055
vt 0.707910 0.521717
vt 0.707850 0.521081
vt 0.711536 0.521029
vt 0.711858 0.521000
vt 0.697362 0.521397
vt 0.697313 0.520775
vt 0.697387 0.521738
vt 0.686783 0.521295
vt 0.686761 0.520965
vt 0.686719 0.520365
vt 0.686475 0.516796
vt 0.697041 0.517071
vt 0.697227 0.519663
vt 0.686643 0.519294
vt 0.707537 0.517251
vt 0.707741 0.519932
vt 0.711428 0.519897
vt 0.711778 0.519893
vt 0.711267 0.517252
vt 0.711629 0.517256
vt 0.601168 0.516425
vt 0.635759 0.517465
vt 0.635787 0.517927
vt 0.601182 0.516792
vt 0.670206 0.519415
vt 0.670241 0.519973
vt 0.670258 0.520284
vt 0.635800 0.518196
vt 0.601187 0.517021
vt 0.601079 0.514270
vt 0.635595 0.514727
vt 0.635709 0.516643
vt 0.601142 0.515778
vt 0.669998 0.516102
vt 0.670142 0.518421
vt 0.681948 0.519111
vt 0.682019 0.520164
vt 0.681787 0.516655
vt 0.682259 0.516675
vt 0.682421 0.519136
vt 0.682493 0.520191
vt 0.682060 0.520755
vt 0.682079 0.521081
vt 0.682534 0.520783
vt 0.682555 0.521109
vt 0.574081 0.509567
vt 0.574096 0.509220
vt 0.578663 0.509497
vt 0.578633 0.509853
vt 0.574129 0.508416
vt 0.578727 0.508665
vt 0.582299 0.509132
vt 0.582200 0.510021
vt 0.582152 0.510395
vt 0.578612 0.510062
vt 0.574069 0.509771
vt 0.582115 0.510609
vt 0.582069 0.510773
vt 0.578590 0.510228
vt 0.574055 0.509937
vt 0.615290 0.452881
vt 0.614788 0.461781
vt 0.596010 0.462082
vt 0.596235 0.452974
vt 0.613230 0.470323
vt 0.595261 0.470838
vt 0.572436 0.471549
vt 0.572147 0.462487
vt 0.571987 0.453025
vt 0.610609 0.478160
vt 0.593965 0.478884
vt 0.606916 0.484963
vt 0.592076 0.485857
vt 0.573219 0.486894
vt 0.572816 0.479816
vt 0.634998 0.471068
vt 0.654302 0.470544
vt 0.652624 0.478585
vt 0.631900 0.479331
vt 0.673606 0.470186
vt 0.673282 0.478120
vt 0.672777 0.484927
vt 0.650224 0.485507
vt 0.627537 0.486505
vt 0.637408 0.452733
vt 0.655577 0.452594
vt 0.655282 0.461755
vt 0.636835 0.462080
vt 0.673803 0.452445
vt 0.673774 0.461502
vt 0.680151 0.461422
vt 0.680260 0.470080
vt 0.680085 0.452391
vt 0.680399 0.452388
vt 0.680467 0.461418
vt 0.680585 0.470075
vt 0.680397 0.477986
vt 0.680540 0.484764
vt 0.680735 0.477980
vt 0.680897 0.484756
vt 0.710606 0.484171
vt 0.710236 0.484176
vt 0.710110 0.477471
vt 0.710481 0.477466
vt 0.706394 0.484237
vt 0.706263 0.477526
vt 0.706139 0.469692
vt 0.709992 0.469643
vt 0.710362 0.469638
vt 0.695552 0.477704
vt 0.695413 0.469843
vt 0.695703 0.484441
vt 0.685041 0.484667
vt 0.684870 0.477901
vt 0.684714 0.470009
vt 0.705977 0.452156
vt 0.706040 0.461110
vt 0.695303 0.461235
vt 0.695235 0.452256
vt 0.684593 0.461367
vt 0.684522 0.452352
vt 0.709896 0.461066
vt 0.710267 0.461062
vt 0.709834 0.452118
vt 0.710205 0.452115
vt 0.714012 0.484122
vt 0.713891 0.477421
vt 0.722622 0.477327
vt 0.722731 0.484027
vt 0.713777 0.469597
vt 0.722517 0.469505
vt 0.731366 0.469430
vt 0.731459 0.477258
vt 0.731555 0.483966
vt 0.713684 0.461025
vt 0.722432 0.460937
vt 0.713623 0.452082
vt 0.722374 0.451998
vt 0.731232 0.451914
vt 0.731287 0.460858
vt 0.838707 0.469025
vt 0.838720 0.460455
vt 0.841825 0.460460
vt 0.841809 0.469034
vt 0.838699 0.451512
vt 0.841806 0.451514
vt 0.842118 0.451514
vt 0.842137 0.460460
vt 0.842121 0.469035
vt 0.838602 0.483555
vt 0.838662 0.476851
vt 0.841762 0.476863
vt 0.841698 0.483569
vt 0.842073 0.476865
vt 0.842009 0.483571
vt 0.842489 0.451514
vt 0.842508 0.460461
vt 0.846346 0.451514
vt 0.846364 0.460467
vt 0.846343 0.469049
vt 0.842492 0.469036
vt 0.857101 0.460495
vt 0.857070 0.469103
vt 0.857088 0.451516
vt 0.867803 0.451513
vt 0.867813 0.460527
vt 0.867771 0.469169
vt 0.846221 0.483597
vt 0.846291 0.476885
vt 0.857003 0.476964
vt 0.856914 0.483702
vt 0.867687 0.477061
vt 0.867579 0.483827
vt 0.842443 0.476866
vt 0.842378 0.483573
vt 0.917489 0.469766
vt 0.898184 0.469419
vt 0.897125 0.460641
vt 0.915574 0.460795
vt 0.878879 0.469241
vt 0.878633 0.460561
vt 0.878522 0.451506
vt 0.896749 0.451484
vt 0.914920 0.451455
vt 0.925085 0.485135
vt 0.902396 0.484342
vt 0.899934 0.477443
vt 0.920660 0.478000
vt 0.879844 0.483972
vt 0.879276 0.477171
vt 0.872160 0.477104
vt 0.872225 0.469198
vt 0.872082 0.483882
vt 0.871725 0.483877
vt 0.871822 0.477101
vt 0.871900 0.469196
vt 0.872256 0.460541
vt 0.872239 0.451511
vt 0.871939 0.460540
vt 0.871925 0.451511
vt 0.945683 0.483412
vt 0.941933 0.476640
vt 0.958576 0.477223
vt 0.960524 0.484181
vt 0.939246 0.468827
vt 0.957214 0.469190
vt 0.980039 0.469728
vt 0.979727 0.477992
vt 0.979384 0.485069
vt 0.937616 0.460298
vt 0.956393 0.460440
vt 0.937038 0.451403
vt 0.956094 0.451335
vt 0.980341 0.451204
vt 0.980256 0.460666
vt 0.589515 0.491405
vt 0.573574 0.492394
vt 0.602073 0.490402
vt 0.596733 0.494698
vt 0.586645 0.495741
vt 0.573856 0.496521
vt 0.591588 0.498085
vt 0.583830 0.499026
vt 0.587333 0.500754
vt 0.581450 0.501317
vt 0.574141 0.501497
vt 0.574048 0.499477
vt 0.615743 0.496709
vt 0.643598 0.495117
vt 0.640285 0.498260
vt 0.609928 0.500096
vt 0.671251 0.494269
vt 0.670466 0.497297
vt 0.669829 0.499555
vt 0.637597 0.500579
vt 0.605234 0.502562
vt 0.672062 0.490228
vt 0.647065 0.490941
vt 0.621880 0.492231
vt 0.680658 0.490033
vt 0.680750 0.494045
vt 0.681039 0.490024
vt 0.681158 0.494035
vt 0.680820 0.497050
vt 0.680876 0.499300
vt 0.681252 0.497039
vt 0.681328 0.499290
vt 0.710952 0.498579
vt 0.710584 0.498586
vt 0.710522 0.496330
vt 0.710890 0.496324
vt 0.706760 0.498659
vt 0.706693 0.496403
vt 0.706612 0.493419
vt 0.710444 0.493348
vt 0.710813 0.493342
vt 0.696062 0.496663
vt 0.695963 0.493667
vt 0.696141 0.498918
vt 0.685537 0.499186
vt 0.685447 0.496934
vt 0.685335 0.493932
vt 0.706512 0.489449
vt 0.695842 0.489677
vt 0.685198 0.489927
vt 0.710349 0.489383
vt 0.710718 0.489377
vt 0.714344 0.498523
vt 0.714285 0.496269
vt 0.722972 0.496180
vt 0.723023 0.498437
vt 0.714211 0.493289
vt 0.722908 0.493197
vt 0.731706 0.493154
vt 0.731759 0.496146
vt 0.731800 0.498411
vt 0.714120 0.489326
vt 0.722827 0.489232
vt 0.731638 0.489180
vt 0.838489 0.492719
vt 0.838543 0.488757
vt 0.841635 0.488775
vt 0.841577 0.492740
vt 0.841945 0.488777
vt 0.841887 0.492742
vt 0.838405 0.497955
vt 0.838443 0.495700
vt 0.841528 0.495722
vt 0.841487 0.497977
vt 0.841837 0.495725
vt 0.841797 0.497980
vt 0.842314 0.488779
vt 0.846150 0.488811
vt 0.846086 0.492782
vt 0.842256 0.492745
vt 0.856823 0.488939
vt 0.856741 0.492929
vt 0.867471 0.489087
vt 0.867374 0.493093
vt 0.845987 0.498023
vt 0.846032 0.495768
vt 0.856669 0.495925
vt 0.856610 0.498182
vt 0.867290 0.496096
vt 0.867222 0.498349
vt 0.842206 0.495728
vt 0.842165 0.497983
vt 0.936966 0.495235
vt 0.909107 0.493891
vt 0.905604 0.489746
vt 0.930791 0.490811
vt 0.881456 0.493298
vt 0.880608 0.489265
vt 0.947520 0.500995
vt 0.915156 0.499297
vt 0.912447 0.497003
vt 0.942808 0.498570
vt 0.882927 0.498570
vt 0.882269 0.496318
vt 0.871916 0.496168
vt 0.871957 0.493163
vt 0.871882 0.498419
vt 0.871430 0.498413
vt 0.871484 0.496162
vt 0.871550 0.493157
vt 0.872012 0.489151
vt 0.871631 0.489146
vt 0.965397 0.499035
vt 0.961119 0.496402
vt 0.968883 0.497279
vt 0.971283 0.499549
vt 0.955946 0.493060
vt 0.966039 0.494018
vt 0.978830 0.494693
vt 0.978665 0.497648
vt 0.978590 0.499666
vt 0.950570 0.488810
vt 0.963132 0.489707
vt 0.979077 0.490567
vt 0.956320 0.442231
vt 0.980185 0.441740
vt 0.937545 0.442508
vt 0.939106 0.433976
vt 0.957070 0.433482
vt 0.979895 0.432674
vt 0.941730 0.426154
vt 0.958363 0.425446
vt 0.945422 0.419370
vt 0.960244 0.418482
vt 0.979089 0.417315
vt 0.979508 0.424402
vt 0.917352 0.433140
vt 0.898058 0.433554
vt 0.899753 0.425532
vt 0.920462 0.424899
vt 0.878752 0.433783
vt 0.879094 0.425864
vt 0.879617 0.419071
vt 0.902169 0.418631
vt 0.924836 0.417750
vt 0.878568 0.442455
vt 0.897060 0.442329
vt 0.915504 0.442115
vt 0.872189 0.442486
vt 0.872096 0.433839
vt 0.871872 0.442487
vt 0.871771 0.433842
vt 0.871976 0.425945
vt 0.871849 0.419177
vt 0.871637 0.425949
vt 0.871492 0.419182
vt 0.841746 0.419502
vt 0.842116 0.419500
vt 0.842232 0.426193
vt 0.841862 0.426194
vt 0.845964 0.419479
vt 0.846084 0.426177
vt 0.846198 0.433996
vt 0.842342 0.434007
vt 0.841971 0.434008
vt 0.856807 0.426101
vt 0.856933 0.433947
vt 0.856670 0.419374
vt 0.867344 0.419238
vt 0.867500 0.425994
vt 0.867640 0.433874
vt 0.846289 0.442566
vt 0.857031 0.442542
vt 0.867745 0.442504
vt 0.842431 0.442572
vt 0.842060 0.442572
vt 0.838553 0.434012
vt 0.838642 0.442574
vt 0.829893 0.442573
vt 0.829811 0.434012
vt 0.829948 0.451509
vt 0.821090 0.451506
vt 0.821037 0.442566
vt 0.820962 0.433997
vt 0.838448 0.426202
vt 0.841550 0.426195
vt 0.841659 0.434008
vt 0.838336 0.419513
vt 0.841434 0.419503
vt 0.841748 0.442572
vt 0.731247 0.419857
vt 0.731220 0.426574
vt 0.722382 0.426683
vt 0.722425 0.419984
vt 0.731203 0.434403
vt 0.722354 0.434499
vt 0.713609 0.434580
vt 0.713646 0.426767
vt 0.713699 0.420074
vt 0.731205 0.442973
vt 0.722348 0.443061
vt 0.713599 0.443142
vt 0.709810 0.443175
vt 0.710181 0.443172
vt 0.705953 0.443207
vt 0.705966 0.434635
vt 0.709821 0.434609
vt 0.710192 0.434607
vt 0.695211 0.443281
vt 0.695232 0.434683
vt 0.684498 0.443342
vt 0.684525 0.434710
vt 0.706072 0.420112
vt 0.706010 0.426813
vt 0.695288 0.426835
vt 0.695365 0.420106
vt 0.684595 0.426828
vt 0.684688 0.420070
vt 0.709862 0.426793
vt 0.710232 0.426791
vt 0.709919 0.420097
vt 0.710289 0.420096
vt 0.634816 0.434439
vt 0.654110 0.434676
vt 0.655185 0.443442
vt 0.636743 0.443397
vt 0.673414 0.434724
vt 0.673676 0.443394
vt 0.627200 0.419115
vt 0.649867 0.419790
vt 0.652344 0.426669
vt 0.631635 0.426225
vt 0.672417 0.420019
vt 0.673000 0.426807
vt 0.680118 0.426821
vt 0.680069 0.434717
vt 0.680184 0.420051
vt 0.680540 0.420053
vt 0.680456 0.426822
vt 0.680394 0.434716
vt 0.680054 0.443365
vt 0.680371 0.443363
vt 0.606638 0.420917
vt 0.610387 0.427671
vt 0.593754 0.427104
vt 0.591815 0.420155
vt 0.613076 0.435470
vt 0.595113 0.435129
vt 0.572287 0.434493
vt 0.572607 0.426222
vt 0.572966 0.419136
vt 0.614709 0.443989
vt 0.595934 0.443872
vt 0.572069 0.443559
vt 0.962792 0.412935
vt 0.978713 0.411804
vt 0.950258 0.413950
vt 0.955584 0.409666
vt 0.965639 0.408586
vt 0.978404 0.407656
vt 0.960702 0.406269
vt 0.968422 0.405264
vt 0.964919 0.403554
vt 0.970766 0.402913
vt 0.978063 0.402606
vt 0.978183 0.404669
vt 0.936631 0.407604
vt 0.908817 0.409066
vt 0.912132 0.405959
vt 0.942426 0.404245
vt 0.881171 0.409754
vt 0.881966 0.406766
vt 0.882610 0.404585
vt 0.914814 0.403691
vt 0.947085 0.401805
vt 0.880348 0.413779
vt 0.905342 0.413218
vt 0.930499 0.412053
vt 0.871744 0.413909
vt 0.871663 0.409909
vt 0.871363 0.413915
vt 0.871256 0.409916
vt 0.871604 0.406942
vt 0.871558 0.404775
vt 0.871172 0.406950
vt 0.871106 0.404783
vt 0.841429 0.405268
vt 0.841797 0.405266
vt 0.841852 0.407417
vt 0.841483 0.407420
vt 0.845630 0.405228
vt 0.845688 0.407382
vt 0.845762 0.410319
vt 0.841923 0.410349
vt 0.841553 0.410351
vt 0.856339 0.407210
vt 0.856431 0.410163
vt 0.856266 0.405045
vt 0.866890 0.404857
vt 0.866971 0.407023
vt 0.867074 0.409986
vt 0.845854 0.414272
vt 0.856542 0.414140
vt 0.867200 0.413980
vt 0.842011 0.414298
vt 0.841641 0.414300
vt 0.838150 0.410362
vt 0.838234 0.414310
vt 0.829520 0.414289
vt 0.829448 0.410332
vt 0.829609 0.419499
vt 0.820787 0.419451
vt 0.820714 0.414224
vt 0.820658 0.410248
vt 0.838082 0.407433
vt 0.841173 0.407422
vt 0.841243 0.410353
vt 0.838030 0.405283
vt 0.841118 0.405270
vt 0.841330 0.414301
vt 0.731318 0.405515
vt 0.731308 0.407690
vt 0.722535 0.407871
vt 0.722558 0.405709
vt 0.731293 0.410650
vt 0.722505 0.410813
vt 0.713803 0.410925
vt 0.713845 0.407994
vt 0.713878 0.405844
vt 0.731273 0.414627
vt 0.722467 0.414772
vt 0.713754 0.414872
vt 0.709978 0.414894
vt 0.710347 0.414892
vt 0.706135 0.414902
vt 0.706193 0.410947
vt 0.710031 0.410944
vt 0.710400 0.410943
vt 0.695446 0.414870
vt 0.695521 0.410891
vt 0.684785 0.414810
vt 0.684873 0.410815
vt 0.706281 0.405852
vt 0.706242 0.408008
vt 0.695586 0.407937
vt 0.695639 0.405771
vt 0.684949 0.407851
vt 0.685009 0.405684
vt 0.710075 0.408012
vt 0.710444 0.408011
vt 0.710111 0.405859
vt 0.710480 0.405858
vt 0.615320 0.409074
vt 0.643135 0.410286
vt 0.646647 0.414406
vt 0.621488 0.413469
vt 0.670779 0.410716
vt 0.671638 0.414733
vt 0.604822 0.403367
vt 0.637093 0.404966
vt 0.639794 0.407209
vt 0.609499 0.405767
vt 0.669293 0.405560
vt 0.669957 0.407736
vt 0.680317 0.407814
vt 0.680285 0.410781
vt 0.680343 0.405646
vt 0.680795 0.405650
vt 0.680749 0.407817
vt 0.680692 0.410784
vt 0.680241 0.414783
vt 0.680622 0.414785
vt 0.587011 0.405269
vt 0.591251 0.407947
vt 0.583524 0.407007
vt 0.581161 0.404676
vt 0.596397 0.411300
vt 0.586336 0.410305
vt 0.573567 0.409479
vt 0.573761 0.406493
vt 0.573863 0.404430
vt 0.601757 0.415538
vt 0.589221 0.414630
vt 0.573294 0.413626
vt 0.852652 0.266633
vt 0.852130 0.265976
vt 0.855145 0.266688
vt 0.855672 0.267344
vt 0.851567 0.265293
vt 0.854576 0.266010
vt 0.854841 0.265955
vt 0.855412 0.266627
vt 0.855943 0.267284
vt 0.853403 0.267843
vt 0.853092 0.267252
vt 0.856110 0.267964
vt 0.856412 0.268554
vt 0.856386 0.267916
vt 0.856692 0.268532
vt 0.965628 0.389563
vt 0.965512 0.389793
vt 0.964691 0.389248
vt 0.964801 0.389004
vt 0.965479 0.390191
vt 0.964669 0.389664
vt 0.963886 0.389192
vt 0.963893 0.388759
vt 0.963990 0.388500
vt 0.965509 0.390828
vt 0.964712 0.390327
vt 0.965591 0.392158
vt 0.964823 0.391708
vt 0.964084 0.391300
vt 0.963947 0.389877
vt 0.963243 0.389500
vt 0.963165 0.388801
vt 0.963405 0.390954
vt 0.962789 0.390680
vt 0.962609 0.389210
vt 0.962517 0.388507
vt 0.963151 0.388357
vt 0.963226 0.388082
vt 0.962481 0.388060
vt 0.962521 0.387772
vt 0.960249 0.402828
vt 0.954948 0.405455
vt 0.954575 0.404843
vt 0.959849 0.402262
vt 0.948378 0.408884
vt 0.947981 0.408274
vt 0.947580 0.407718
vt 0.954192 0.404283
vt 0.959438 0.401743
vt 0.941468 0.413301
vt 0.941009 0.412732
vt 0.935145 0.418881
vt 0.934599 0.418397
vt 0.934071 0.417958
vt 0.940557 0.412214
vt 0.940115 0.411799
vt 0.947170 0.407269
vt 0.933580 0.417608
vt 0.933135 0.417387
vt 0.939684 0.411534
vt 0.946744 0.406978
vt 0.953790 0.403829
vt 0.959013 0.401323
vt 0.953357 0.403533
vt 0.958561 0.401051
vt 0.930220 0.425771
vt 0.929591 0.425406
vt 0.926710 0.433725
vt 0.926026 0.433485
vt 0.925382 0.433269
vt 0.928993 0.425075
vt 0.924619 0.442400
vt 0.923907 0.442282
vt 0.923945 0.451436
vt 0.923227 0.451438
vt 0.922552 0.451440
vt 0.923238 0.442177
vt 0.922652 0.442094
vt 0.924814 0.433098
vt 0.921964 0.451441
vt 0.921490 0.451442
vt 0.922180 0.442042
vt 0.924346 0.432993
vt 0.928455 0.424815
vt 0.927998 0.424653
vt 0.922724 0.460787
vt 0.922252 0.460841
vt 0.923309 0.460701
vt 0.925522 0.469604
vt 0.924955 0.469777
vt 0.924488 0.469885
vt 0.923978 0.460592
vt 0.924689 0.460471
vt 0.926846 0.469141
vt 0.926165 0.469384
vt 0.929792 0.477452
vt 0.929196 0.477786
vt 0.930418 0.477083
vt 0.935400 0.483955
vt 0.934855 0.484444
vt 0.934330 0.484887
vt 0.928660 0.478050
vt 0.928203 0.478214
vt 0.933841 0.485240
vt 0.933397 0.485463
vt 0.941772 0.489511
vt 0.941317 0.490083
vt 0.948734 0.493896
vt 0.948341 0.494509
vt 0.947945 0.495068
vt 0.940868 0.490603
vt 0.955364 0.497289
vt 0.954998 0.497906
vt 0.960735 0.499871
vt 0.960348 0.500453
vt 0.959949 0.500986
vt 0.954622 0.498472
vt 0.954225 0.498931
vt 0.947538 0.495521
vt 0.959531 0.501417
vt 0.959082 0.501698
vt 0.953793 0.499233
vt 0.947114 0.495815
vt 0.940429 0.491022
vt 0.939999 0.491289
vt 0.964299 0.511686
vt 0.964843 0.511333
vt 0.964835 0.512648
vt 0.964282 0.513023
vt 0.965453 0.510873
vt 0.965458 0.512149
vt 0.965472 0.512704
vt 0.964835 0.513221
vt 0.964270 0.513600
vt 0.966127 0.510326
vt 0.966147 0.511548
vt 0.966831 0.509720
vt 0.966866 0.510880
vt 0.966896 0.511382
vt 0.966171 0.512078
vt 0.966239 0.512370
vt 0.965530 0.513013
vt 0.966969 0.511656
vt 0.967108 0.511779
vt 0.966377 0.512505
vt 0.965663 0.513163
vt 0.964878 0.513544
vt 0.964292 0.513929
vt 0.964996 0.513711
vt 0.964381 0.514122
vt 0.842907 0.647455
vt 0.842670 0.647394
vt 0.843350 0.646774
vt 0.843588 0.646839
vt 0.839624 0.647564
vt 0.840294 0.646941
vt 0.840921 0.646353
vt 0.843985 0.646184
vt 0.844225 0.646252
vt 0.831694 0.647429
vt 0.832296 0.646838
vt 0.831052 0.648055
vt 0.822433 0.648524
vt 0.823023 0.647885
vt 0.823580 0.647278
vt 0.824433 0.646213
vt 0.833212 0.645794
vt 0.832817 0.646299
vt 0.824065 0.646726
vt 0.841872 0.645314
vt 0.841462 0.645816
vt 0.844530 0.645646
vt 0.844775 0.645708
vt 0.844939 0.645143
vt 0.845188 0.645186
vt 0.567730 0.546462
vt 0.568540 0.546275
vt 0.569066 0.546981
vt 0.568255 0.547169
vt 0.571926 0.546459
vt 0.572475 0.547155
vt 0.572995 0.547808
vt 0.569562 0.547649
vt 0.568746 0.547828
vt 0.580774 0.547553
vt 0.581329 0.548184
vt 0.580180 0.546879
vt 0.588544 0.547301
vt 0.589165 0.547966
vt 0.589741 0.548588
vt 0.590583 0.549636
vt 0.582170 0.549251
vt 0.581808 0.548747
vt 0.590228 0.549141
vt 0.573811 0.548914
vt 0.573452 0.548391
vt 0.569999 0.548252
vt 0.569175 0.548409
vt 0.570349 0.548797
vt 0.569513 0.548915
vt 0.661961 0.549464
vt 0.661579 0.548779
vt 0.670957 0.549155
vt 0.671418 0.549858
vt 0.661169 0.548045
vt 0.670450 0.548397
vt 0.670931 0.547770
vt 0.671451 0.548519
vt 0.671958 0.549258
vt 0.662541 0.550571
vt 0.662291 0.550061
vt 0.671779 0.550465
vt 0.672007 0.550968
vt 0.672415 0.549986
vt 0.672777 0.550725
vt 0.695313 0.549242
vt 0.695848 0.548601
vt 0.699260 0.548506
vt 0.698748 0.549163
vt 0.696413 0.547918
vt 0.699802 0.547813
vt 0.700607 0.548019
vt 0.700066 0.548713
vt 0.699559 0.549361
vt 0.694471 0.550328
vt 0.694842 0.549814
vt 0.698297 0.549756
vt 0.697935 0.550293
vt 0.699118 0.549932
vt 0.698767 0.550430
vt 0.729661 0.646651
vt 0.730034 0.647161
vt 0.721277 0.646813
vt 0.720878 0.646312
vt 0.730523 0.647709
vt 0.721803 0.647347
vt 0.713173 0.646940
vt 0.712628 0.646408
vt 0.712213 0.645910
vt 0.731086 0.648310
vt 0.722411 0.647933
vt 0.731681 0.648945
vt 0.723058 0.648553
vt 0.714481 0.648139
vt 0.713805 0.647523
vt 0.585737 0.513515
vt 0.585875 0.513390
vt 0.586612 0.514098
vt 0.586475 0.514235
vt 0.585945 0.513116
vt 0.586677 0.513807
vt 0.587382 0.514427
vt 0.587327 0.514736
vt 0.587195 0.514887
vt 0.585971 0.512614
vt 0.586696 0.513276
vt 0.585995 0.511453
vt 0.586705 0.512053
vt 0.587385 0.512595
vt 0.587391 0.513871
vt 0.588018 0.514365
vt 0.588024 0.514937
vt 0.587998 0.513049
vt 0.588546 0.513398
vt 0.588575 0.514735
vt 0.588593 0.515312
vt 0.587984 0.515261
vt 0.587867 0.515430
vt 0.588573 0.515641
vt 0.588486 0.515835
vt 0.592004 0.501551
vt 0.597354 0.498923
vt 0.597725 0.499537
vt 0.592396 0.502130
vt 0.603956 0.495473
vt 0.604355 0.496083
vt 0.604757 0.496640
vt 0.598106 0.500100
vt 0.592800 0.502659
vt 0.610883 0.491028
vt 0.611343 0.491596
vt 0.617209 0.485418
vt 0.617757 0.485900
vt 0.618286 0.486338
vt 0.611797 0.492113
vt 0.612240 0.492527
vt 0.605168 0.497088
vt 0.618779 0.486687
vt 0.619224 0.486906
vt 0.612672 0.492791
vt 0.605595 0.497379
vt 0.598508 0.500556
vt 0.593222 0.503087
vt 0.598942 0.500854
vt 0.593674 0.503364
vt 0.622131 0.478501
vt 0.622761 0.478864
vt 0.625634 0.470527
vt 0.626318 0.470764
vt 0.626962 0.470978
vt 0.623359 0.479193
vt 0.627716 0.461838
vt 0.628429 0.461953
vt 0.628381 0.452797
vt 0.629101 0.452792
vt 0.629777 0.452787
vt 0.629099 0.462056
vt 0.629685 0.462137
vt 0.627532 0.471147
vt 0.630366 0.452783
vt 0.630839 0.452780
vt 0.630157 0.462186
vt 0.627999 0.471250
vt 0.623898 0.479452
vt 0.624356 0.479613
vt 0.627632 0.443766
vt 0.628343 0.443642
vt 0.625466 0.435109
vt 0.626148 0.434863
vt 0.626790 0.434640
vt 0.629010 0.443530
vt 0.621889 0.427186
vt 0.622514 0.426815
vt 0.616905 0.420339
vt 0.617446 0.419850
vt 0.617970 0.419406
vt 0.623109 0.426479
vt 0.623644 0.426213
vt 0.627357 0.434465
vt 0.618458 0.419051
vt 0.618901 0.418827
vt 0.624100 0.426047
vt 0.627823 0.434355
vt 0.629595 0.443442
vt 0.630067 0.443386
vt 0.610536 0.414814
vt 0.610990 0.414241
vt 0.603591 0.410456
vt 0.603983 0.409845
vt 0.604379 0.409285
vt 0.611437 0.413720
vt 0.596994 0.407084
vt 0.597362 0.406470
vt 0.591674 0.404504
vt 0.592069 0.403933
vt 0.592474 0.403411
vt 0.597740 0.405907
vt 0.598137 0.405450
vt 0.604784 0.408832
vt 0.592896 0.402988
vt 0.593345 0.402712
vt 0.598568 0.405150
vt 0.605207 0.408537
vt 0.611875 0.413300
vt 0.612303 0.413031
vt 0.589024 0.392379
vt 0.588411 0.392658
vt 0.588559 0.391203
vt 0.589191 0.390907
vt 0.587736 0.393010
vt 0.587860 0.391586
vt 0.587914 0.390901
vt 0.588631 0.390504
vt 0.589276 0.390204
vt 0.587000 0.393424
vt 0.587098 0.392043
vt 0.586237 0.393881
vt 0.586306 0.392550
vt 0.586330 0.391913
vt 0.587136 0.391379
vt 0.587110 0.390964
vt 0.587903 0.390468
vt 0.586294 0.391516
vt 0.586176 0.391287
vt 0.586997 0.390721
vt 0.587803 0.390210
vt 0.588640 0.390060
vt 0.589308 0.389757
vt 0.588563 0.389785
vt 0.589265 0.389469
vt 0.697278 0.268537
vt 0.697583 0.267944
vt 0.706110 0.265886
vt 0.705820 0.266487
vt 0.698017 0.267322
vt 0.706523 0.265255
vt 0.715248 0.263313
vt 0.714917 0.263973
vt 0.714683 0.264599
vt 0.698534 0.266662
vt 0.707012 0.264584
vt 0.699090 0.265975
vt 0.707532 0.263886
vt 0.716015 0.261883
vt 0.715627 0.262610
vt 0.856724 0.545558
vt 0.856249 0.544865
vt 0.864578 0.544891
vt 0.865117 0.545545
vt 0.855741 0.544143
vt 0.863999 0.544203
vt 0.872144 0.544251
vt 0.872777 0.544913
vt 0.873361 0.545536
vt 0.865574 0.546146
vt 0.857131 0.546205
vt 0.873849 0.546099
vt 0.874194 0.546615
vt 0.865909 0.546704
vt 0.857436 0.546811
vt 0.880570 0.543655
vt 0.881013 0.544142
vt 0.880463 0.544891
vt 0.880010 0.544397
vt 0.890453 0.544067
vt 0.890010 0.544801
vt 0.889596 0.545485
vt 0.879957 0.545588
vt 0.879470 0.545118
vt 0.879549 0.546192
vt 0.878984 0.545814
vt 0.889239 0.546082
vt 0.888965 0.546594
vt 0.879278 0.546700
vt 0.878587 0.546517
vt 0.961550 0.547779
vt 0.961903 0.547270
vt 0.970163 0.547468
vt 0.969819 0.548020
vt 0.962399 0.546715
vt 0.970631 0.546875
vt 0.979020 0.547041
vt 0.978601 0.547681
vt 0.978285 0.548283
vt 0.962992 0.546103
vt 0.971181 0.546230
vt 0.963635 0.545454
vt 0.971772 0.545553
vt 0.980029 0.545643
vt 0.979508 0.546356
vt 0.850498 0.263879
vt 0.850128 0.262994
vt 0.853107 0.263747
vt 0.853494 0.264617
vt 0.853364 0.263772
vt 0.853757 0.264600
vt 0.851004 0.264606
vt 0.854007 0.265332
vt 0.854272 0.265289
vt 0.968020 0.391451
vt 0.968092 0.391229
vt 0.967980 0.391795
vt 0.967080 0.391281
vt 0.967120 0.390919
vt 0.967224 0.390704
vt 0.967956 0.392348
vt 0.967924 0.393529
vt 0.967089 0.393092
vt 0.967080 0.391862
vt 0.966297 0.391349
vt 0.966280 0.390739
vt 0.966345 0.392628
vt 0.966318 0.390360
vt 0.966433 0.390141
vt 0.957168 0.406654
vt 0.962222 0.403981
vt 0.951002 0.409992
vt 0.949510 0.409887
vt 0.955960 0.406502
vt 0.961229 0.403821
vt 0.944568 0.414233
vt 0.938712 0.419600
vt 0.936623 0.419582
vt 0.942768 0.414182
vt 0.941928 0.413869
vt 0.948777 0.409492
vt 0.935691 0.419364
vt 0.955322 0.406065
vt 0.960644 0.403395
vt 0.934183 0.426295
vt 0.930953 0.434057
vt 0.928448 0.434045
vt 0.931853 0.426275
vt 0.929028 0.442555
vt 0.928403 0.451425
vt 0.925759 0.451432
vt 0.926417 0.442553
vt 0.925332 0.442517
vt 0.927393 0.433964
vt 0.924666 0.451434
vt 0.930849 0.426136
vt 0.931044 0.476714
vt 0.935941 0.483469
vt 0.927528 0.468897
vt 0.928583 0.468810
vt 0.932048 0.476569
vt 0.936873 0.483246
vt 0.925401 0.460350
vt 0.926486 0.460309
vt 0.929097 0.460294
vt 0.931089 0.468786
vt 0.934379 0.476539
vt 0.938963 0.483217
vt 0.944868 0.488561
vt 0.951351 0.492768
vt 0.949857 0.492884
vt 0.943065 0.488622
vt 0.957569 0.496059
vt 0.962682 0.498660
vt 0.961691 0.498843
vt 0.956361 0.496226
vt 0.955728 0.496673
vt 0.949126 0.493285
vt 0.961117 0.499287
vt 0.942226 0.488940
vt 0.967520 0.509095
vt 0.967573 0.510189
vt 0.968170 0.508498
vt 0.968251 0.509528
vt 0.968290 0.509971
vt 0.967607 0.510661
vt 0.968880 0.507955
vt 0.968987 0.508925
vt 0.969040 0.509337
vt 0.969098 0.509565
vt 0.968357 0.510213
vt 0.969188 0.509710
vt 0.968482 0.510330
vt 0.967679 0.510918
vt 0.967815 0.511033
vt 0.840821 0.649338
vt 0.841058 0.649352
vt 0.837790 0.649511
vt 0.838324 0.648797
vt 0.841361 0.648624
vt 0.841598 0.648664
vt 0.829310 0.650015
vt 0.829814 0.649296
vt 0.820844 0.650504
vt 0.821302 0.649783
vt 0.830412 0.648682
vt 0.821847 0.649163
vt 0.838953 0.648188
vt 0.841993 0.648016
vt 0.842229 0.648069
vt 0.567144 0.544136
vt 0.566337 0.544205
vt 0.570441 0.544333
vt 0.570869 0.545092
vt 0.567541 0.544891
vt 0.566730 0.545021
vt 0.578564 0.544798
vt 0.579032 0.545545
vt 0.578289 0.543088
vt 0.586535 0.543565
vt 0.586835 0.545249
vt 0.587332 0.545985
vt 0.579587 0.546203
vt 0.587919 0.546634
vt 0.571379 0.545764
vt 0.568018 0.545571
vt 0.567207 0.545742
vt 0.660369 0.546603
vt 0.660039 0.545832
vt 0.669078 0.546088
vt 0.669480 0.546895
vt 0.669775 0.545706
vt 0.670040 0.546383
vt 0.660757 0.547310
vt 0.669946 0.547635
vt 0.670440 0.547049
vt 0.697501 0.546576
vt 0.697947 0.545827
vt 0.701247 0.545706
vt 0.700833 0.546453
vt 0.702053 0.545795
vt 0.701641 0.546601
vt 0.696976 0.547236
vt 0.700340 0.547121
vt 0.701147 0.547311
vt 0.723704 0.649175
vt 0.715158 0.648757
vt 0.732273 0.649578
vt 0.732824 0.650193
vt 0.724308 0.649783
vt 0.715793 0.649360
vt 0.733288 0.650910
vt 0.724818 0.650498
vt 0.716333 0.650069
vt 0.583726 0.511317
vt 0.583637 0.511463
vt 0.583782 0.511088
vt 0.584538 0.511717
vt 0.584473 0.511959
vt 0.584349 0.512078
vt 0.583831 0.510676
vt 0.583929 0.509704
vt 0.584644 0.510242
vt 0.584573 0.511273
vt 0.585257 0.511928
vt 0.585228 0.512401
vt 0.585300 0.510834
vt 0.585158 0.512659
vt 0.585022 0.512775
vt 0.595136 0.497712
vt 0.590045 0.500356
vt 0.601327 0.494367
vt 0.602823 0.494470
vt 0.596346 0.497868
vt 0.591038 0.500531
vt 0.607776 0.490104
vt 0.613637 0.484710
vt 0.615729 0.484721
vt 0.609580 0.490150
vt 0.610422 0.490461
vt 0.603557 0.494864
vt 0.616663 0.484937
vt 0.596983 0.498309
vt 0.591616 0.500970
vt 0.618164 0.477992
vt 0.621388 0.470211
vt 0.623895 0.470213
vt 0.620496 0.478002
vt 0.623306 0.461701
vt 0.623923 0.452826
vt 0.626567 0.452809
vt 0.625918 0.461693
vt 0.627003 0.461724
vt 0.624950 0.470290
vt 0.627660 0.452801
vt 0.621501 0.478139
vt 0.623225 0.443961
vt 0.621227 0.435480
vt 0.623731 0.435445
vt 0.625836 0.443935
vt 0.617932 0.427745
vt 0.613347 0.421089
vt 0.615434 0.421053
vt 0.620260 0.427705
vt 0.621263 0.427557
vt 0.624785 0.435355
vt 0.616364 0.420826
vt 0.626920 0.443889
vt 0.607448 0.415772
vt 0.600979 0.411586
vt 0.602470 0.411468
vt 0.609246 0.415706
vt 0.594787 0.408301
vt 0.589711 0.405674
vt 0.590703 0.405505
vt 0.595993 0.408139
vt 0.596627 0.407696
vt 0.603199 0.411067
vt 0.591283 0.405075
vt 0.610083 0.415385
vt 0.585487 0.394357
vt 0.585524 0.393078
vt 0.584748 0.394827
vt 0.584746 0.393598
vt 0.584740 0.393016
vt 0.585535 0.392469
vt 0.583917 0.395271
vt 0.583875 0.394091
vt 0.583846 0.393538
vt 0.583803 0.393195
vt 0.584697 0.392655
vt 0.583728 0.392973
vt 0.584591 0.392441
vt 0.585494 0.392090
vt 0.585376 0.391872
vt 0.708044 0.263184
vt 0.716384 0.261161
vt 0.699647 0.265284
vt 0.700147 0.264553
vt 0.708493 0.262442
vt 0.716693 0.260412
vt 0.700509 0.263665
vt 0.708804 0.261540
vt 0.716887 0.259523
vt 0.854761 0.542686
vt 0.854365 0.541815
vt 0.862428 0.542001
vt 0.862882 0.542818
vt 0.870406 0.542160
vt 0.870912 0.542925
vt 0.863420 0.543514
vt 0.855232 0.543424
vt 0.871507 0.543586
vt 0.882509 0.541860
vt 0.881930 0.541566
vt 0.891680 0.541854
vt 0.891318 0.542628
vt 0.882067 0.542661
vt 0.881579 0.542259
vt 0.881560 0.543391
vt 0.881112 0.542932
vt 0.890899 0.543334
vt 0.972363 0.544875
vt 0.980549 0.544931
vt 0.964283 0.544800
vt 0.964889 0.544150
vt 0.972913 0.544188
vt 0.981034 0.544201
vt 0.965407 0.543395
vt 0.973382 0.543379
vt 0.981446 0.543337
vt 0.962181 0.390491
vt 0.961991 0.389019
vt 0.961896 0.388317
vt 0.961844 0.387872
vt 0.961828 0.387581
vt 0.932725 0.417317
vt 0.939250 0.411446
vt 0.946282 0.406878
vt 0.952868 0.403430
vt 0.958054 0.400961
vt 0.921128 0.451443
vt 0.921814 0.442026
vt 0.923973 0.432959
vt 0.927610 0.424601
vt 0.932988 0.485536
vt 0.927816 0.478268
vt 0.924115 0.469920
vt 0.921886 0.460859
vt 0.958572 0.501793
vt 0.953303 0.499339
vt 0.946651 0.495917
vt 0.939564 0.491379
vt 0.963725 0.513265
vt 0.963718 0.513844
vt 0.963743 0.511924
vt 0.963724 0.514174
vt 0.963748 0.514386
vt 0.842102 0.644771
vt 0.845170 0.644604
vt 0.845421 0.644612
vt 0.574030 0.549463
vt 0.570583 0.549370
vt 0.569750 0.549416
vt 0.672112 0.551459
vt 0.672830 0.551335
vt 0.662681 0.551087
vt 0.698519 0.550925
vt 0.697687 0.550859
vt 0.694239 0.550873
vt 0.677687 0.550658
vt 0.686106 0.550470
vt 0.685896 0.550996
vt 0.677504 0.551171
vt 0.685772 0.563018
vt 0.678162 0.562842
vt 0.720652 0.645767
vt 0.729451 0.646099
vt 0.711977 0.645369
vt 0.589104 0.513631
vt 0.589134 0.514972
vt 0.589147 0.515551
vt 0.589144 0.515881
vt 0.589122 0.516093
vt 0.619635 0.486975
vt 0.613108 0.492877
vt 0.606059 0.497477
vt 0.599434 0.500956
vt 0.594184 0.503455
vt 0.631202 0.452778
vt 0.630523 0.462201
vt 0.628373 0.471282
vt 0.624744 0.479662
vt 0.619310 0.418753
vt 0.624487 0.425992
vt 0.628196 0.434318
vt 0.630432 0.443367
vt 0.593851 0.402618
vt 0.599055 0.405042
vt 0.605668 0.408434
vt 0.612737 0.412940
vt 0.589807 0.390712
vt 0.589895 0.390008
vt 0.589630 0.392185
vt 0.589942 0.389563
vt 0.589956 0.389272
vt 0.705708 0.267098
vt 0.697155 0.269137
vt 0.714604 0.265235
vt 0.866077 0.547284
vt 0.857604 0.547435
vt 0.874349 0.547156
vt 0.888804 0.547115
vt 0.879141 0.547199
vt 0.878530 0.547144
vt 0.969640 0.548596
vt 0.961386 0.548316
vt 0.978106 0.548904
vt 0.835958 0.264042
vt 0.844840 0.265857
vt 0.844956 0.266466
vt 0.836042 0.264678
vt 0.853531 0.268443
vt 0.856536 0.269146
vt 0.856813 0.269168
vt 0.586737 0.535429
vt 0.590380 0.535686
vt 0.590200 0.540225
vt 0.586547 0.539987
vt 0.591534 0.535764
vt 0.591356 0.540295
vt 0.591366 0.543796
vt 0.590207 0.543765
vt 0.578310 0.539466
vt 0.578496 0.534886
vt 0.590534 0.545424
vt 0.591038 0.546159
vt 0.591707 0.545374
vt 0.592212 0.546057
vt 0.591629 0.546808
vt 0.592257 0.547475
vt 0.592804 0.546685
vt 0.593440 0.547346
vt 0.592882 0.548140
vt 0.593451 0.548766
vt 0.594076 0.548021
vt 0.594665 0.548677
vt 0.593917 0.549325
vt 0.594230 0.549821
vt 0.595151 0.549285
vt 0.595490 0.549819
vt 0.590754 0.550154
vt 0.582368 0.549782
vt 0.594279 0.561789
vt 0.593200 0.561790
vt 0.594339 0.550334
vt 0.595423 0.550428
vt 0.592903 0.596205
vt 0.592108 0.596253
vt 0.592531 0.630907
vt 0.592042 0.630955
vt 0.592295 0.642590
vt 0.592404 0.642951
vt 0.592647 0.642527
vt 0.592711 0.642831
vt 0.603085 0.643449
vt 0.633011 0.644233
vt 0.633006 0.644630
vt 0.603060 0.643834
vt 0.662951 0.644598
vt 0.632993 0.645661
vt 0.603003 0.644856
vt 0.673036 0.644225
vt 0.673443 0.644121
vt 0.677478 0.597441
vt 0.675062 0.597229
vt 0.674787 0.562747
vt 0.675664 0.632158
vt 0.674285 0.631976
vt 0.682901 0.597904
vt 0.678767 0.632555
vt 0.674640 0.644257
vt 0.674723 0.643852
vt 0.676995 0.644267
vt 0.676905 0.644684
vt 0.673747 0.643611
vt 0.673629 0.643969
vt 0.673915 0.551266
vt 0.674036 0.550757
vt 0.674884 0.548301
vt 0.676063 0.548458
vt 0.675424 0.549109
vt 0.674232 0.548961
vt 0.679780 0.548372
vt 0.679143 0.549021
vt 0.678553 0.549630
vt 0.674839 0.549721
vt 0.673629 0.549603
vt 0.687542 0.548805
vt 0.686972 0.549423
vt 0.688151 0.548145
vt 0.678053 0.550171
vt 0.686480 0.549974
vt 0.674361 0.550268
vt 0.673128 0.550199
vt 0.677040 0.544802
vt 0.678200 0.544797
vt 0.677834 0.546449
vt 0.676663 0.546371
vt 0.681536 0.546360
vt 0.681022 0.547084
vt 0.677312 0.547171
vt 0.676141 0.547041
vt 0.689815 0.546103
vt 0.689330 0.546839
vt 0.680420 0.547719
vt 0.688760 0.547483
vt 0.676707 0.547806
vt 0.675535 0.547655
vt 0.678289 0.541259
vt 0.677132 0.541302
vt 0.677059 0.536769
vt 0.678214 0.536717
vt 0.870031 0.391147
vt 0.869919 0.389190
vt 0.869863 0.388263
vt 0.869828 0.387682
vt 0.869806 0.387320
vt 0.870772 0.406957
vt 0.870871 0.409922
vt 0.870694 0.404790
vt 0.870994 0.413921
vt 0.871137 0.419187
vt 0.871293 0.425953
vt 0.871435 0.433845
vt 0.871541 0.442488
vt 0.871596 0.451511
vt 0.871607 0.460539
vt 0.871564 0.469194
vt 0.871479 0.477098
vt 0.871370 0.483873
vt 0.871262 0.489140
vt 0.871166 0.493151
vt 0.871085 0.496156
vt 0.871018 0.498407
vt 0.870105 0.518292
vt 0.870043 0.519350
vt 0.870243 0.515826
vt 0.870008 0.519943
vt 0.869990 0.520270
vt 0.839124 0.550720
vt 0.842207 0.550620
vt 0.842499 0.550624
vt 0.736558 0.551655
vt 0.735840 0.551701
vt 0.746980 0.551648
vt 0.746986 0.551904
vt 0.736583 0.551940
vt 0.735840 0.552124
vt 0.722823 0.551504
vt 0.731657 0.551673
vt 0.714114 0.551295
vt 0.682682 0.516690
vt 0.682845 0.519156
vt 0.682917 0.520213
vt 0.682959 0.520805
vt 0.682980 0.521132
vt 0.681651 0.497029
vt 0.681542 0.494025
vt 0.681739 0.499280
vt 0.681408 0.490015
vt 0.681251 0.484749
vt 0.681079 0.477973
vt 0.680921 0.470069
vt 0.680799 0.461414
vt 0.680729 0.452386
vt 0.680702 0.443361
vt 0.680730 0.434716
vt 0.680800 0.426823
vt 0.680895 0.420055
vt 0.680991 0.414787
vt 0.681077 0.410787
vt 0.681149 0.407820
vt 0.681207 0.405653
vt 0.681837 0.390043
vt 0.681884 0.389116
vt 0.681744 0.392001
vt 0.681913 0.388535
vt 0.681932 0.388173
vt 0.720878 0.358158
vt 0.712101 0.359226
vt 0.729903 0.357058
vt 0.745895 0.355584
vt 0.745839 0.357237
vt 0.735173 0.356867
vt 0.735515 0.355285
vt 0.734357 0.356747
vt 0.734743 0.355648
vt 0.830638 0.357656
vt 0.821606 0.356642
vt 0.839389 0.358665
vt 0.830290 0.361412
vt 0.821304 0.360536
vt 0.842466 0.359030
vt 0.842771 0.359058
vt 0.944026 0.532549
vt 0.952951 0.532815
vt 0.952964 0.537455
vt 0.943993 0.537198
vt 0.953582 0.532797
vt 0.953597 0.537418
vt 0.953732 0.540997
vt 0.953104 0.541114
vt 0.944058 0.540856
vt 0.918071 0.536646
vt 0.918139 0.531999
vt 0.918017 0.540311
vt 0.944623 0.543362
vt 0.945020 0.544079
vt 0.917970 0.543522
vt 0.917980 0.542813
vt 0.945442 0.544824
vt 0.917959 0.544257
vt 0.944284 0.542579
vt 0.917992 0.542035
vt 0.953442 0.542857
vt 0.953857 0.543669
vt 0.954030 0.542581
vt 0.954358 0.543283
vt 0.954339 0.544411
vt 0.954860 0.545177
vt 0.954802 0.543968
vt 0.955319 0.544704
vt 0.946255 0.546265
vt 0.946593 0.546871
vt 0.917930 0.546276
vt 0.917939 0.545678
vt 0.946851 0.547390
vt 0.917923 0.546789
vt 0.945863 0.545570
vt 0.917949 0.544992
vt 0.955383 0.545939
vt 0.955862 0.546648
vt 0.955853 0.545461
vt 0.956366 0.546197
vt 0.956247 0.547262
vt 0.956499 0.547775
vt 0.956822 0.546907
vt 0.957175 0.547621
vt 0.957225 0.548231
vt 0.956614 0.548279
vt 0.958123 0.559792
vt 0.957467 0.559757
vt 0.947161 0.560020
vt 0.946995 0.547914
vt 0.917916 0.547312
vt 0.917746 0.559524
vt 0.947088 0.630029
vt 0.946976 0.642089
vt 0.916718 0.642113
vt 0.916866 0.630029
vt 0.946976 0.642527
vt 0.916712 0.642565
vt 0.947566 0.594892
vt 0.917290 0.594903
vt 0.958611 0.594824
vt 0.958023 0.594771
vt 0.958019 0.630064
vt 0.957516 0.630024
vt 0.957103 0.641770
vt 0.957105 0.642152
vt 0.957526 0.641797
vt 0.957464 0.642119
vt 0.957862 0.644052
vt 0.958244 0.647943
vt 0.957699 0.647945
vt 0.957386 0.644109
vt 0.958776 0.652356
vt 0.957982 0.651818
vt 0.947311 0.652262
vt 0.947185 0.648421
vt 0.947055 0.644600
vt 0.916685 0.644665
vt 0.916636 0.648487
vt 0.916587 0.652327
vt 0.805585 0.355300
vt 0.805657 0.356954
vt 0.775731 0.357166
vt 0.775723 0.355501
vt 0.817075 0.360376
vt 0.816350 0.360383
vt 0.816325 0.356491
vt 0.817142 0.356365
vt 0.815970 0.354912
vt 0.816747 0.355270
vt 0.816500 0.382129
vt 0.815803 0.382118
vt 0.816075 0.371286
vt 0.816777 0.371301
vt 0.815748 0.385984
vt 0.815743 0.386384
vt 0.816442 0.385996
vt 0.816437 0.386396
vt 0.816407 0.390549
vt 0.815713 0.390536
vt 0.815725 0.388423
vt 0.816419 0.388435
vt 0.805489 0.390432
vt 0.805499 0.388325
vt 0.805504 0.387327
vt 0.815733 0.387422
vt 0.816427 0.387434
vt 0.775885 0.388380
vt 0.775881 0.387388
vt 0.775893 0.390478
vt 0.775878 0.386766
vt 0.805508 0.386702
vt 0.815739 0.386793
vt 0.816433 0.386806
vt 0.805501 0.404956
vt 0.805513 0.407143
vt 0.775964 0.407149
vt 0.775955 0.404963
vt 0.805532 0.410117
vt 0.775977 0.410124
vt 0.746419 0.410385
vt 0.746412 0.407411
vt 0.746404 0.405224
vt 0.805562 0.414115
vt 0.775995 0.414123
vt 0.805605 0.419369
vt 0.776018 0.419384
vt 0.746429 0.419637
vt 0.746425 0.414383
vt 0.805662 0.426112
vt 0.776048 0.426139
vt 0.805726 0.433965
vt 0.776083 0.434008
vt 0.746439 0.434233
vt 0.746432 0.426380
vt 0.805785 0.442555
vt 0.776122 0.442618
vt 0.805833 0.451513
vt 0.776162 0.451596
vt 0.746489 0.451781
vt 0.746456 0.442824
vt 0.805864 0.460471
vt 0.776202 0.460574
vt 0.805877 0.469058
vt 0.776241 0.469182
vt 0.746605 0.469327
vt 0.746540 0.460739
vt 0.805876 0.476904
vt 0.776277 0.477047
vt 0.805867 0.483632
vt 0.776308 0.483792
vt 0.746749 0.483902
vt 0.746678 0.477173
vt 0.805850 0.492858
vt 0.805845 0.495864
vt 0.776366 0.496052
vt 0.776352 0.493039
vt 0.805841 0.498140
vt 0.776376 0.498332
vt 0.746910 0.498409
vt 0.746886 0.496133
vt 0.746852 0.493127
vt 0.805858 0.488866
vt 0.776333 0.489038
vt 0.746807 0.489135
vt 0.816089 0.519721
vt 0.816099 0.520887
vt 0.816074 0.516997
vt 0.816768 0.516986
vt 0.816783 0.519710
vt 0.816793 0.520877
vt 0.816105 0.521539
vt 0.816109 0.521912
vt 0.816799 0.521529
vt 0.816803 0.521903
vt 0.816808 0.522285
vt 0.816113 0.522295
vt 0.816860 0.526127
vt 0.816164 0.526137
vt 0.805934 0.526257
vt 0.805898 0.522418
vt 0.816377 0.536832
vt 0.806073 0.536964
vt 0.817080 0.536821
vt 0.817318 0.547505
vt 0.816609 0.547505
vt 0.806224 0.547628
vt 0.776507 0.526464
vt 0.776554 0.537173
vt 0.776604 0.547838
vt 0.776489 0.522626
vt 0.806266 0.551366
vt 0.776621 0.551564
vt 0.806262 0.551622
vt 0.776622 0.551810
vt 0.816686 0.551281
vt 0.816663 0.551566
vt 0.817404 0.551321
vt 0.817407 0.551744
vt 0.602698 0.650549
vt 0.602725 0.650305
vt 0.632925 0.651115
vt 0.632922 0.651355
vt 0.602784 0.649387
vt 0.632937 0.650198
vt 0.592279 0.649608
vt 0.592430 0.648685
vt 0.592203 0.649863
vt 0.591465 0.649848
vt 0.591736 0.649530
vt 0.591946 0.648636
vt 0.602894 0.647138
vt 0.632965 0.647949
vt 0.592387 0.644110
vt 0.592836 0.644189
vt 0.592634 0.646442
vt 0.592165 0.646387
vt 0.592990 0.643220
vt 0.593052 0.642883
vt 0.592586 0.643106
vt 0.633575 0.597401
vt 0.633990 0.562537
vt 0.633160 0.631949
vt 0.603292 0.631190
vt 0.603811 0.596619
vt 0.605133 0.562328
vt 0.603092 0.643048
vt 0.633017 0.643818
vt 0.593049 0.642530
vt 0.593018 0.630892
vt 0.593526 0.596183
vt 0.595036 0.561798
vt 0.605575 0.550419
vt 0.634130 0.550506
vt 0.605727 0.549906
vt 0.634136 0.549992
vt 0.596138 0.550569
vt 0.596254 0.550081
vt 0.597403 0.546910
vt 0.597870 0.547547
vt 0.597346 0.548293
vt 0.596867 0.547646
vt 0.607156 0.547413
vt 0.606729 0.548138
vt 0.606332 0.548813
vt 0.596869 0.548986
vt 0.596343 0.548373
vt 0.634157 0.548223
vt 0.634149 0.548899
vt 0.634165 0.547499
vt 0.605988 0.549403
vt 0.634142 0.549487
vt 0.596494 0.549584
vt 0.595869 0.549089
vt 0.598920 0.543368
vt 0.599679 0.543561
vt 0.599295 0.545272
vt 0.598607 0.544874
vt 0.608338 0.545228
vt 0.607990 0.545991
vt 0.598874 0.546070
vt 0.598327 0.545545
vt 0.634190 0.545313
vt 0.634182 0.546078
vt 0.607585 0.546688
vt 0.634173 0.546776
vt 0.598392 0.546798
vt 0.597912 0.546201
vt 0.599927 0.539963
vt 0.599154 0.539884
vt 0.599292 0.535350
vt 0.600065 0.535401
vt 0.873326 0.532246
vt 0.873293 0.536874
vt 0.874201 0.532273
vt 0.874170 0.536892
vt 0.874284 0.540475
vt 0.873405 0.540491
vt 0.873778 0.542186
vt 0.874299 0.542935
vt 0.874665 0.542092
vt 0.875183 0.542781
vt 0.874908 0.543587
vt 0.875561 0.544248
vt 0.875793 0.543407
vt 0.876453 0.544059
vt 0.876211 0.544907
vt 0.876803 0.545529
vt 0.877115 0.544721
vt 0.877729 0.545365
vt 0.877282 0.546090
vt 0.877593 0.546597
vt 0.878237 0.545973
vt 0.876499 0.558774
vt 0.877684 0.547126
vt 0.875313 0.593845
vt 0.875192 0.629077
vt 0.875505 0.640838
vt 0.875603 0.641209
vt 0.886411 0.642206
vt 0.876250 0.641519
vt 0.875840 0.641412
vt 0.916706 0.643048
vt 0.946996 0.642993
vt 0.957174 0.642557
vt 0.957587 0.642461
vt 0.958543 0.630142
vt 0.959317 0.594914
vt 0.958990 0.559864
vt 0.957937 0.641895
vt 0.957830 0.642264
vt 0.958066 0.548228
vt 0.958163 0.547703
vt 0.959334 0.545188
vt 0.960223 0.545391
vt 0.959564 0.546038
vt 0.958662 0.545838
vt 0.958963 0.546650
vt 0.958040 0.546473
vt 0.958479 0.547202
vt 0.957526 0.547076
vt 0.961558 0.541645
vt 0.962437 0.541676
vt 0.962037 0.543363
vt 0.961151 0.543254
vt 0.961504 0.544101
vt 0.960622 0.543933
vt 0.960885 0.544742
vt 0.960003 0.544548
vt 0.962609 0.538063
vt 0.961732 0.538066
vt 0.961779 0.533447
vt 0.962655 0.533435
vt 0.574192 0.503706
vt 0.574178 0.502826
vt 0.579982 0.502762
vt 0.579233 0.503693
vt 0.584703 0.502589
vt 0.583317 0.503680
vt 0.578973 0.504385
vt 0.574197 0.504363
vt 0.582816 0.504447
vt 0.582720 0.505495
vt 0.578940 0.505334
vt 0.574195 0.505259
vt 0.586435 0.506978
vt 0.585814 0.506524
vt 0.586175 0.505287
vt 0.586789 0.505748
vt 0.585199 0.506116
vt 0.585524 0.504889
vt 0.586154 0.503947
vt 0.586777 0.504353
vt 0.587328 0.504843
vt 0.584476 0.505777
vt 0.584703 0.504606
vt 0.585317 0.503720
vt 0.586919 0.502346
vt 0.587793 0.502515
vt 0.588370 0.502924
vt 0.588820 0.503454
vt 0.588731 0.508340
vt 0.588227 0.508113
vt 0.588411 0.506830
vt 0.588861 0.507017
vt 0.587669 0.507807
vt 0.587922 0.506552
vt 0.588382 0.505687
vt 0.588864 0.505982
vt 0.589315 0.506160
vt 0.587063 0.507420
vt 0.587375 0.506182
vt 0.587873 0.505302
vt 0.589282 0.503970
vt 0.589747 0.504430
vt 0.590209 0.504795
vt 0.590677 0.505025
vt 0.591186 0.505094
vt 0.602449 0.504282
vt 0.601096 0.505547
vt 0.589788 0.506208
vt 0.589330 0.507127
vt 0.600695 0.506654
vt 0.600801 0.508342
vt 0.589249 0.508502
vt 0.681683 0.506969
vt 0.681212 0.506969
vt 0.681067 0.504220
vt 0.681539 0.504215
vt 0.669470 0.506944
vt 0.669331 0.504343
vt 0.669324 0.502785
vt 0.680991 0.502589
vt 0.681461 0.502580
vt 0.635246 0.503661
vt 0.635043 0.504997
vt 0.635164 0.507151
vt 0.636008 0.502285
vt 0.669470 0.501287
vt 0.680930 0.501048
vt 0.681394 0.501038
vt 0.685681 0.502495
vt 0.685759 0.504149
vt 0.681962 0.504209
vt 0.681882 0.502572
vt 0.685900 0.506942
vt 0.682106 0.506967
vt 0.685611 0.500940
vt 0.681812 0.501028
vt 0.711203 0.506740
vt 0.710837 0.506741
vt 0.710738 0.503748
vt 0.711105 0.503744
vt 0.707033 0.506763
vt 0.706926 0.503796
vt 0.706867 0.502052
vt 0.710683 0.501990
vt 0.711051 0.501985
vt 0.696271 0.502275
vt 0.696342 0.503977
vt 0.696472 0.506865
vt 0.696208 0.500689
vt 0.706815 0.500441
vt 0.710635 0.500371
vt 0.711003 0.500365
vt 0.723064 0.500226
vt 0.714392 0.500307
vt 0.731832 0.500207
vt 0.731862 0.501838
vt 0.723103 0.501850
vt 0.714437 0.501926
vt 0.731894 0.503610
vt 0.723145 0.503614
vt 0.731947 0.506631
vt 0.723217 0.506620
vt 0.714579 0.506680
vt 0.714488 0.503685
vt 0.805837 0.501584
vt 0.805836 0.503365
vt 0.776401 0.503565
vt 0.776393 0.501782
vt 0.805836 0.506401
vt 0.776416 0.506605
vt 0.746992 0.506670
vt 0.746964 0.503633
vt 0.746946 0.501852
vt 0.805839 0.499945
vt 0.776385 0.500140
vt 0.746929 0.500213
vt 0.841622 0.506142
vt 0.841313 0.506142
vt 0.841383 0.503146
vt 0.841691 0.503147
vt 0.838243 0.506107
vt 0.838309 0.503116
vt 0.838343 0.501359
vt 0.841421 0.501385
vt 0.841730 0.501387
vt 0.829654 0.503130
vt 0.829679 0.501365
vt 0.829610 0.506139
vt 0.820883 0.506232
vt 0.820906 0.503207
vt 0.820921 0.501434
vt 0.841453 0.499764
vt 0.841762 0.499767
vt 0.838373 0.499740
vt 0.842130 0.499769
vt 0.845950 0.499805
vt 0.845913 0.501416
vt 0.842097 0.501389
vt 0.856560 0.499953
vt 0.856513 0.501540
vt 0.867163 0.500104
vt 0.867108 0.501660
vt 0.866931 0.506109
vt 0.856357 0.506132
vt 0.856458 0.503243
vt 0.867045 0.503314
vt 0.845793 0.506129
vt 0.845872 0.503161
vt 0.842059 0.503147
vt 0.841988 0.506140
vt 0.871146 0.506095
vt 0.870724 0.506098
vt 0.870842 0.503338
vt 0.871265 0.503340
vt 0.870906 0.501701
vt 0.871328 0.501705
vt 0.870962 0.500156
vt 0.871380 0.500162
vt 0.952003 0.506736
vt 0.917649 0.505847
vt 0.917750 0.503692
vt 0.952093 0.505047
vt 0.883356 0.505956
vt 0.883470 0.503353
vt 0.883463 0.501796
vt 0.917535 0.502359
vt 0.951682 0.503944
vt 0.871618 0.506091
vt 0.871736 0.503341
vt 0.871797 0.501709
vt 0.871844 0.500167
vt 0.883303 0.500299
vt 0.916760 0.500989
vt 0.950319 0.502690
vt 0.964068 0.506630
vt 0.963552 0.506797
vt 0.963458 0.505423
vt 0.963926 0.505309
vt 0.962992 0.504508
vt 0.963464 0.504457
vt 0.961585 0.503406
vt 0.962093 0.503333
vt 0.963934 0.501747
vt 0.963478 0.502267
vt 0.965439 0.503123
vt 0.964898 0.503587
vt 0.964393 0.503975
vt 0.963016 0.502731
vt 0.965986 0.504023
vt 0.965404 0.504462
vt 0.966351 0.505250
vt 0.965727 0.505697
vt 0.965124 0.506089
vt 0.964860 0.504836
vt 0.964374 0.505119
vt 0.963914 0.504274
vt 0.964570 0.506400
vt 0.962558 0.503100
vt 0.968042 0.500848
vt 0.965825 0.500623
vt 0.969438 0.501927
vt 0.967439 0.501984
vt 0.966605 0.502218
vt 0.964953 0.500799
vt 0.969946 0.502690
vt 0.968061 0.502864
vt 0.970051 0.503737
vt 0.968298 0.504033
vt 0.967578 0.504378
vt 0.967242 0.503154
vt 0.966595 0.503557
vt 0.965985 0.502629
vt 0.966968 0.504791
vt 0.964380 0.501213
vt 0.978557 0.501873
vt 0.978558 0.502529
vt 0.973789 0.502596
vt 0.973522 0.501906
vt 0.978567 0.503424
vt 0.973832 0.503544
vt 0.972764 0.500981
vt 0.978564 0.500994
vt 0.817129 0.660393
vt 0.817193 0.655827
vt 0.816481 0.660375
vt 0.816548 0.655793
vt 0.816728 0.652168
vt 0.817365 0.652265
vt 0.817725 0.650632
vt 0.818132 0.649920
vt 0.817124 0.650418
vt 0.817566 0.649600
vt 0.818630 0.649288
vt 0.819188 0.648639
vt 0.818092 0.648907
vt 0.818664 0.648238
vt 0.819756 0.647991
vt 0.820286 0.647374
vt 0.819232 0.647590
vt 0.819750 0.646991
vt 0.820739 0.646805
vt 0.821081 0.646271
vt 0.820177 0.646464
vt 0.820487 0.646006
vt 0.824638 0.645658
vt 0.833433 0.645248
vt 0.824374 0.633602
vt 0.833101 0.633268
vt 0.820450 0.633628
vt 0.821084 0.633661
vt 0.821297 0.645697
vt 0.820639 0.645564
vt 0.818176 0.551758
vt 0.818262 0.552242
vt 0.817716 0.552256
vt 0.821604 0.551682
vt 0.821635 0.552160
vt 0.822055 0.564082
vt 0.818745 0.564178
vt 0.818233 0.564180
vt 0.830445 0.551911
vt 0.830824 0.563807
vt 0.830430 0.551435
vt 0.823206 0.598809
vt 0.831957 0.598524
vt 0.819356 0.598889
vt 0.819912 0.598900
vt 0.821586 0.551256
vt 0.830418 0.551008
vt 0.821478 0.547426
vt 0.830305 0.547187
vt 0.818043 0.547497
vt 0.818140 0.551333
vt 0.821209 0.536746
vt 0.829992 0.536538
vt 0.817799 0.536809
vt 0.817574 0.526116
vt 0.817519 0.522274
vt 0.817514 0.521892
vt 0.817479 0.516976
vt 0.817494 0.519700
vt 0.820844 0.516923
vt 0.820861 0.519646
vt 0.820872 0.520812
vt 0.817504 0.520867
vt 0.829496 0.519485
vt 0.829508 0.520648
vt 0.829487 0.516770
vt 0.820880 0.521464
vt 0.829518 0.521298
vt 0.817510 0.521519
vt 0.829702 0.499740
vt 0.820935 0.499802
vt 0.820951 0.498006
vt 0.829726 0.497951
vt 0.829756 0.495693
vt 0.820970 0.495741
vt 0.820995 0.492749
vt 0.829792 0.492710
vt 0.821026 0.488772
vt 0.829836 0.488743
vt 0.821062 0.483556
vt 0.829885 0.483538
vt 0.829932 0.476837
vt 0.821094 0.476849
vt 0.821114 0.469023
vt 0.829964 0.469015
vt 0.821116 0.460449
vt 0.829972 0.460448
vt 0.829711 0.426197
vt 0.820874 0.426168
vt 0.829391 0.407390
vt 0.820617 0.407289
vt 0.820588 0.405114
vt 0.829348 0.405228
vt 0.817148 0.386410
vt 0.817143 0.386820
vt 0.820510 0.386490
vt 0.820505 0.386898
vt 0.820499 0.387525
vt 0.817137 0.387447
vt 0.829130 0.387166
vt 0.829123 0.387787
vt 0.829135 0.386761
vt 0.820484 0.390633
vt 0.820491 0.388524
vt 0.829117 0.388777
vt 0.829118 0.390867
vt 0.817129 0.388448
vt 0.817118 0.390562
vt 0.817153 0.386010
vt 0.817212 0.382143
vt 0.820587 0.382236
vt 0.820516 0.386091
vt 0.817495 0.371318
vt 0.820899 0.371435
vt 0.817816 0.360382
vt 0.829667 0.371949
vt 0.829239 0.382546
vt 0.829142 0.386366
vt 0.817975 0.356316
vt 0.818041 0.355807
vt 0.818227 0.355255
vt 0.820543 0.343458
vt 0.816606 0.354603
vt 0.818611 0.343116
vt 0.825996 0.309832
vt 0.823323 0.309381
vt 0.828097 0.275839
vt 0.831438 0.276218
vt 0.832295 0.264327
vt 0.832137 0.263658
vt 0.828519 0.265503
vt 0.828460 0.265046
vt 0.828446 0.262446
vt 0.831350 0.260727
vt 0.831558 0.261506
vt 0.828498 0.263219
vt 0.834604 0.261338
vt 0.834998 0.262062
vt 0.835383 0.262761
vt 0.831768 0.262268
vt 0.828506 0.263921
vt 0.843632 0.263964
vt 0.844126 0.264630
vt 0.843106 0.263270
vt 0.835720 0.263419
vt 0.844545 0.265258
vt 0.831964 0.262987
vt 0.828479 0.264531
vt 0.827498 0.257847
vt 0.830671 0.256771
vt 0.830856 0.258397
vt 0.828055 0.259823
vt 0.833713 0.258986
vt 0.833914 0.259873
vt 0.831005 0.259223
vt 0.828250 0.260793
vt 0.841814 0.260935
vt 0.842132 0.261834
vt 0.834229 0.260619
vt 0.842588 0.262573
vt 0.831165 0.259970
vt 0.828365 0.261637
vt 0.830623 0.253360
vt 0.830765 0.248839
vt 0.827074 0.253842
vt 0.827085 0.249056
vt 0.713690 0.659793
vt 0.713763 0.655211
vt 0.713457 0.659782
vt 0.713530 0.655200
vt 0.713444 0.651603
vt 0.713679 0.651608
vt 0.713300 0.649924
vt 0.712754 0.649215
vt 0.713063 0.649940
vt 0.712517 0.649258
vt 0.712117 0.648612
vt 0.711434 0.647997
vt 0.711881 0.648668
vt 0.711197 0.648060
vt 0.710748 0.647383
vt 0.710107 0.646799
vt 0.710511 0.647450
vt 0.709868 0.646869
vt 0.709557 0.646265
vt 0.709144 0.645767
vt 0.709314 0.646330
vt 0.708895 0.645811
vt 0.708864 0.633418
vt 0.709121 0.633416
vt 0.708908 0.645230
vt 0.708657 0.645240
vt 0.710730 0.551659
vt 0.711022 0.551651
vt 0.711012 0.552129
vt 0.710720 0.552139
vt 0.710757 0.564037
vt 0.710471 0.564046
vt 0.709673 0.598754
vt 0.709943 0.598749
vt 0.710810 0.547387
vt 0.711104 0.547383
vt 0.711030 0.551223
vt 0.710738 0.551229
vt 0.711036 0.536655
vt 0.711334 0.536654
vt 0.711414 0.525942
vt 0.711706 0.525949
vt 0.712083 0.522204
vt 0.712135 0.521885
vt 0.711822 0.522168
vt 0.711932 0.517255
vt 0.712074 0.519887
vt 0.712130 0.520989
vt 0.712148 0.521574
vt 0.711261 0.498574
vt 0.711312 0.500360
vt 0.711360 0.501981
vt 0.711414 0.503740
vt 0.711511 0.506737
vt 0.710917 0.484166
vt 0.711029 0.489372
vt 0.711123 0.493337
vt 0.711200 0.496319
vt 0.710517 0.452112
vt 0.710579 0.461059
vt 0.710674 0.469634
vt 0.710792 0.477462
vt 0.710600 0.420094
vt 0.710544 0.426789
vt 0.710504 0.434604
vt 0.710493 0.443170
vt 0.710790 0.405858
vt 0.710755 0.408010
vt 0.710711 0.410942
vt 0.710658 0.414891
vt 0.711259 0.387863
vt 0.711269 0.388195
vt 0.711254 0.388741
vt 0.711217 0.389669
vt 0.711130 0.391681
vt 0.710948 0.387598
vt 0.711216 0.387541
vt 0.710522 0.383941
vt 0.710825 0.383914
vt 0.710197 0.373523
vt 0.709886 0.373547
vt 0.709111 0.363267
vt 0.709418 0.363241
vt 0.709031 0.359617
vt 0.708986 0.359217
vt 0.708726 0.359647
vt 0.708681 0.359250
vt 0.707288 0.347610
vt 0.701615 0.314328
vt 0.706987 0.347648
vt 0.701325 0.314364
vt 0.695768 0.281056
vt 0.696048 0.281022
vt 0.708932 0.358774
vt 0.708627 0.358809
vt 0.694157 0.269866
vt 0.694275 0.269273
vt 0.693879 0.269890
vt 0.693995 0.269253
vt 0.695824 0.266662
vt 0.696089 0.266715
vt 0.695526 0.267397
vt 0.695258 0.267339
vt 0.695005 0.268057
vt 0.694734 0.267999
vt 0.694572 0.268681
vt 0.694296 0.268634
vt 0.697305 0.262695
vt 0.697551 0.262637
vt 0.697537 0.264442
vt 0.697281 0.264469
vt 0.697159 0.265315
vt 0.696895 0.265300
vt 0.696651 0.266033
vt 0.696387 0.265992
vt 0.696872 0.259047
vt 0.696630 0.259114
vt 0.695553 0.254610
vt 0.695793 0.254543
vt 0.977975 0.400264
vt 0.978004 0.401220
vt 0.972204 0.401394
vt 0.972931 0.400375
vt 0.967506 0.401649
vt 0.968854 0.400470
vt 0.973174 0.399574
vt 0.977957 0.399503
vt 0.969327 0.399593
vt 0.969390 0.398349
vt 0.973186 0.398426
vt 0.977938 0.398412
vt 0.965549 0.397128
vt 0.966205 0.397491
vt 0.965924 0.398911
vt 0.965284 0.398518
vt 0.966857 0.397826
vt 0.966599 0.399248
vt 0.966011 0.400281
vt 0.965366 0.399916
vt 0.964790 0.399471
vt 0.967619 0.398113
vt 0.967436 0.399482
vt 0.966859 0.400473
vt 0.965305 0.401927
vt 0.964427 0.401785
vt 0.963837 0.401401
vt 0.963369 0.400897
vt 0.963133 0.396020
vt 0.963664 0.396212
vt 0.963601 0.397584
vt 0.963142 0.397417
vt 0.964250 0.396462
vt 0.964106 0.397826
vt 0.963703 0.398708
vt 0.963213 0.398443
vt 0.962760 0.398281
vt 0.964888 0.396773
vt 0.964673 0.398144
vt 0.964225 0.399054
vt 0.962892 0.400407
vt 0.962415 0.399971
vt 0.961947 0.399625
vt 0.961479 0.399408
vt 0.960975 0.399345
vt 0.949827 0.400105
vt 0.951118 0.398859
vt 0.962293 0.398239
vt 0.962670 0.397307
vt 0.951432 0.397774
vt 0.951169 0.396124
vt 0.962594 0.395867
vt 0.870843 0.398520
vt 0.871314 0.398515
vt 0.871415 0.400591
vt 0.870943 0.400598
vt 0.883001 0.398416
vt 0.883127 0.400436
vt 0.883127 0.401688
vt 0.871469 0.401869
vt 0.871000 0.401876
vt 0.917124 0.400793
vt 0.917287 0.399621
vt 0.917088 0.397774
vt 0.916388 0.402058
vt 0.882975 0.402981
vt 0.871515 0.403174
vt 0.871051 0.403181
vt 0.866773 0.401942
vt 0.866716 0.400654
vt 0.870520 0.400603
vt 0.870578 0.401882
vt 0.866619 0.398557
vt 0.870421 0.398523
vt 0.866827 0.403253
vt 0.870632 0.403188
vt 0.841245 0.398807
vt 0.841613 0.398807
vt 0.841680 0.400992
vt 0.841311 0.400994
vt 0.845426 0.398777
vt 0.845500 0.400956
vt 0.845542 0.402284
vt 0.841718 0.402323
vt 0.841349 0.402326
vt 0.856159 0.402109
vt 0.856107 0.400797
vt 0.856018 0.398652
vt 0.856208 0.403435
vt 0.845583 0.403618
vt 0.841755 0.403658
vt 0.841386 0.403660
vt 0.837956 0.402341
vt 0.837990 0.403676
vt 0.829316 0.403612
vt 0.829290 0.402268
vt 0.820566 0.403486
vt 0.820549 0.402133
vt 0.837920 0.401010
vt 0.841002 0.400995
vt 0.841040 0.402328
vt 0.837859 0.398828
vt 0.840936 0.398808
vt 0.841076 0.403662
vt 0.829264 0.400926
vt 0.820534 0.400779
vt 0.820512 0.398555
vt 0.829221 0.398720
vt 0.805478 0.398365
vt 0.805483 0.400599
vt 0.775936 0.400613
vt 0.775926 0.398384
vt 0.805488 0.401958
vt 0.775942 0.401970
vt 0.746391 0.402227
vt 0.746384 0.400867
vt 0.746369 0.398634
vt 0.805493 0.403319
vt 0.775948 0.403328
vt 0.746398 0.403587
vt 0.731332 0.398953
vt 0.731332 0.401179
vt 0.722604 0.401404
vt 0.722626 0.399197
vt 0.731329 0.402532
vt 0.722590 0.402747
vt 0.713928 0.402903
vt 0.713952 0.401572
vt 0.713996 0.399390
vt 0.731324 0.403886
vt 0.722576 0.404091
vt 0.713905 0.404237
vt 0.710607 0.399395
vt 0.710917 0.399393
vt 0.710869 0.401581
vt 0.710560 0.401582
vt 0.710843 0.402914
vt 0.710534 0.402915
vt 0.710818 0.404249
vt 0.710509 0.404250
vt 0.710140 0.404250
vt 0.706313 0.404243
vt 0.706341 0.402909
vt 0.710165 0.402915
vt 0.695682 0.404160
vt 0.695720 0.402833
vt 0.685058 0.404079
vt 0.685101 0.402767
vt 0.685224 0.399380
vt 0.695829 0.399374
vt 0.695759 0.401521
vt 0.685146 0.401478
vt 0.706425 0.399400
vt 0.706371 0.401580
vt 0.710192 0.401583
vt 0.710239 0.399397
vt 0.681001 0.399383
vt 0.681423 0.399382
vt 0.681343 0.401464
vt 0.680920 0.401462
vt 0.681297 0.402743
vt 0.680875 0.402741
vt 0.681255 0.404050
vt 0.680836 0.404047
vt 0.600689 0.397723
vt 0.634766 0.399070
vt 0.634583 0.400919
vt 0.600441 0.399375
vt 0.668844 0.399394
vt 0.668738 0.401416
vt 0.668749 0.402668
vt 0.634757 0.402089
vt 0.600765 0.400457
vt 0.680530 0.399383
vt 0.680448 0.401460
vt 0.680405 0.402738
vt 0.680372 0.404044
vt 0.668913 0.403959
vt 0.635505 0.403348
vt 0.602066 0.401691
vt 0.588730 0.397721
vt 0.589266 0.397564
vt 0.589204 0.399003
vt 0.588733 0.399118
vt 0.589589 0.399932
vt 0.589123 0.399979
vt 0.590916 0.401027
vt 0.590413 0.401094
vt 0.588538 0.402600
vt 0.589010 0.402106
vt 0.587104 0.401185
vt 0.587665 0.400764
vt 0.588184 0.400414
vt 0.589483 0.401665
vt 0.586602 0.400237
vt 0.587209 0.399858
vt 0.586324 0.398849
vt 0.586982 0.398489
vt 0.587616 0.398172
vt 0.587773 0.399535
vt 0.588275 0.399289
vt 0.588672 0.400144
vt 0.588200 0.397918
vt 0.589948 0.401315
vt 0.584409 0.403386
vt 0.586611 0.403645
vt 0.583050 0.402219
vt 0.585045 0.402204
vt 0.585891 0.402005
vt 0.587488 0.403496
vt 0.582570 0.401346
vt 0.584459 0.401219
vt 0.582496 0.400103
vt 0.584264 0.399851
vt 0.585023 0.399558
vt 0.585294 0.400978
vt 0.585965 0.400635
vt 0.586532 0.401635
vt 0.585671 0.399218
vt 0.588075 0.403107
vt 0.573930 0.402089
vt 0.573940 0.401327
vt 0.578723 0.401359
vt 0.578973 0.402157
vt 0.573950 0.400237
vt 0.578701 0.400211
vt 0.579710 0.403169
vt 0.573909 0.403044
vt 0.719750 0.249352
vt 0.719930 0.253871
vt 0.723431 0.249538
vt 0.723482 0.254324
vt 0.723091 0.258333
vt 0.719910 0.257283
vt 0.719738 0.258910
vt 0.719597 0.259738
vt 0.722551 0.260313
vt 0.722364 0.261284
vt 0.719442 0.260486
vt 0.719263 0.261245
vt 0.722256 0.262129
vt 0.722182 0.262938
vt 0.719062 0.262025
vt 0.718858 0.262789
vt 0.722136 0.263712
vt 0.722134 0.264414
vt 0.718668 0.263510
vt 0.718501 0.264183
vt 0.722166 0.265024
vt 0.722188 0.265539
vt 0.722134 0.265996
vt 0.718348 0.264852
vt 0.722639 0.276325
vt 0.719302 0.276735
vt 0.727731 0.309793
vt 0.725063 0.310271
vt 0.732772 0.343503
vt 0.730844 0.343864
vt 0.733266 0.355645
vt 0.733455 0.356197
vt 0.734880 0.354979
vt 0.733712 0.360774
vt 0.733525 0.356706
vt 0.734126 0.371708
vt 0.734491 0.382512
vt 0.734587 0.386380
vt 0.734596 0.386781
vt 0.734662 0.390934
vt 0.734633 0.388820
vt 0.734616 0.387819
vt 0.734604 0.387190
vt 0.735457 0.520075
vt 0.735458 0.521241
vt 0.735446 0.517351
vt 0.735458 0.521893
vt 0.735457 0.522266
vt 0.735456 0.522648
vt 0.735436 0.526490
vt 0.735313 0.537192
vt 0.735166 0.547883
vt 0.735104 0.551720
vt 0.735071 0.552145
vt 0.734990 0.552629
vt 0.734613 0.564569
vt 0.735537 0.552638
vt 0.735125 0.564567
vt 0.733756 0.599300
vt 0.734312 0.599284
vt 0.733534 0.634031
vt 0.732900 0.634069
vt 0.732792 0.646107
vt 0.733014 0.646679
vt 0.733450 0.645968
vt 0.733606 0.646409
vt 0.735448 0.648624
vt 0.734928 0.649030
vt 0.734354 0.648388
vt 0.734874 0.647982
vt 0.733818 0.647775
vt 0.734351 0.647387
vt 0.733360 0.647210
vt 0.733919 0.646864
vt 0.737419 0.652538
vt 0.736783 0.652640
vt 0.736409 0.651010
vt 0.737008 0.650790
vt 0.735995 0.650301
vt 0.736559 0.649976
vt 0.735492 0.649674
vt 0.736027 0.649288
vt 0.736986 0.656201
vt 0.737631 0.656161
vt 0.737739 0.660740
vt 0.737092 0.660765
vt 0.973942 0.505232
vt 0.978615 0.505018
vt 0.970281 0.505585
vt 0.967324 0.506974
vt 0.966673 0.507497
vt 0.967943 0.506481
vt 0.968640 0.506041
vt 0.964766 0.508840
vt 0.964237 0.509135
vt 0.965355 0.508459
vt 0.966003 0.508004
vt 0.963695 0.509347
vt 0.951881 0.509729
vt 0.917470 0.509679
vt 0.883143 0.510585
vt 0.871388 0.510985
vt 0.870916 0.510999
vt 0.870494 0.511010
vt 0.866705 0.511086
vt 0.841844 0.511464
vt 0.841478 0.511470
vt 0.845623 0.511418
vt 0.856146 0.511283
vt 0.838115 0.511432
vt 0.841171 0.511472
vt 0.829536 0.511500
vt 0.820852 0.511622
vt 0.776440 0.512021
vt 0.747035 0.512080
vt 0.805843 0.511812
vt 0.723344 0.511981
vt 0.714759 0.511996
vt 0.732027 0.512026
vt 0.711705 0.512062
vt 0.711398 0.512063
vt 0.711033 0.512061
vt 0.707254 0.512049
vt 0.696733 0.512013
vt 0.686174 0.511917
vt 0.682384 0.511878
vt 0.681961 0.511871
vt 0.681489 0.511861
vt 0.669729 0.511571
vt 0.635379 0.510981
vt 0.600950 0.511334
vt 0.589129 0.511053
vt 0.588584 0.510846
vt 0.588053 0.510555
vt 0.587460 0.510179
vt 0.586808 0.509730
vt 0.586133 0.509228
vt 0.585477 0.508711
vt 0.584853 0.508223
vt 0.584153 0.507788
vt 0.582507 0.507346
vt 0.578840 0.507024
vt 0.574176 0.506851
vt 0.578629 0.398169
vt 0.573939 0.398294
vt 0.582312 0.397892
vt 0.585499 0.396753
vt 0.586199 0.396352
vt 0.584812 0.397145
vt 0.584032 0.397510
vt 0.588241 0.395321
vt 0.588817 0.395083
vt 0.587606 0.395616
vt 0.586914 0.395964
vt 0.589394 0.394902
vt 0.601104 0.394782
vt 0.635090 0.395777
vt 0.669040 0.395791
vt 0.680687 0.395680
vt 0.681157 0.395675
vt 0.681578 0.395671
vt 0.685375 0.395636
vt 0.710335 0.395507
vt 0.710702 0.395504
vt 0.706542 0.395507
vt 0.695971 0.395541
vt 0.711011 0.395503
vt 0.714080 0.395498
vt 0.722657 0.395258
vt 0.731327 0.394979
vt 0.746336 0.394647
vt 0.775910 0.394409
vt 0.805478 0.394378
vt 0.829155 0.394780
vt 0.837737 0.394944
vt 0.820486 0.394578
vt 0.840805 0.394922
vt 0.841113 0.394921
vt 0.841480 0.394921
vt 0.845272 0.394886
vt 0.855841 0.394821
vt 0.866434 0.394816
vt 0.870232 0.394815
vt 0.870653 0.394814
vt 0.871122 0.394814
vt 0.882771 0.394814
vt 0.916733 0.394485
vt 0.950727 0.393187
vt 0.962442 0.393207
vt 0.963021 0.393383
vt 0.963599 0.393616
vt 0.964237 0.393906
vt 0.964933 0.394247
vt 0.965652 0.394629
vt 0.966356 0.395025
vt 0.967046 0.395411
vt 0.967830 0.395769
vt 0.969554 0.396137
vt 0.973241 0.396383
vt 0.977932 0.396468
vt 0.816778 0.506280
vt 0.817493 0.506272
vt 0.817474 0.511671
vt 0.816761 0.511681
vt 0.817509 0.503243
vt 0.817520 0.501468
vt 0.816793 0.503251
vt 0.816803 0.501475
vt 0.817531 0.499834
vt 0.817543 0.498035
vt 0.816813 0.499840
vt 0.816825 0.498041
vt 0.816840 0.495772
vt 0.817559 0.495766
vt 0.816859 0.492775
vt 0.817579 0.492770
vt 0.816884 0.488794
vt 0.817605 0.488790
vt 0.816912 0.483574
vt 0.817635 0.483571
vt 0.816938 0.476860
vt 0.817662 0.476858
vt 0.816954 0.469029
vt 0.817678 0.469028
vt 0.816951 0.460453
vt 0.817676 0.460452
vt 0.816924 0.451507
vt 0.817649 0.451506
vt 0.817598 0.442563
vt 0.817526 0.433989
vt 0.816872 0.442562
vt 0.816801 0.433988
vt 0.817443 0.426155
vt 0.817363 0.419432
vt 0.816719 0.426152
vt 0.816640 0.419428
vt 0.817297 0.414196
vt 0.817247 0.410214
vt 0.816576 0.414191
vt 0.816528 0.410207
vt 0.817212 0.407250
vt 0.817188 0.405070
vt 0.816494 0.407242
vt 0.816471 0.405061
vt 0.817170 0.403439
vt 0.817157 0.402082
vt 0.816454 0.403429
vt 0.816442 0.402072
vt 0.817145 0.400726
vt 0.817129 0.398496
vt 0.816431 0.400715
vt 0.816416 0.398485
vt 0.817114 0.394513
vt 0.816402 0.394500
vt 0.815706 0.394489
vt 0.815719 0.398474
vt 0.815770 0.405053
vt 0.815755 0.403420
vt 0.815743 0.402062
vt 0.815732 0.400705
vt 0.815793 0.407234
vt 0.815826 0.410200
vt 0.815872 0.414185
vt 0.815935 0.419424
vt 0.816013 0.426149
vt 0.816093 0.433986
vt 0.816164 0.442561
vt 0.816215 0.451507
vt 0.816243 0.460454
vt 0.816246 0.469030
vt 0.816231 0.476863
vt 0.816206 0.483577
vt 0.816179 0.488798
vt 0.816155 0.492779
vt 0.816137 0.495777
vt 0.816123 0.498047
vt 0.816112 0.499847
vt 0.816103 0.501482
vt 0.816093 0.503259
vt 0.816079 0.506289
vt 0.816065 0.511690
vt 0.736050 0.506646
vt 0.736748 0.506648
vt 0.736812 0.512051
vt 0.736116 0.512047
vt 0.735926 0.498408
vt 0.736628 0.498408
vt 0.736656 0.500208
vt 0.735954 0.500207
vt 0.736680 0.501842
vt 0.735980 0.501841
vt 0.736706 0.503619
vt 0.736007 0.503617
vt 0.735704 0.483946
vt 0.736410 0.483943
vt 0.736485 0.489161
vt 0.735781 0.489164
vt 0.736546 0.493142
vt 0.735842 0.493143
vt 0.736593 0.496139
vt 0.735890 0.496139
vt 0.736322 0.477227
vt 0.736235 0.469394
vt 0.735615 0.477231
vt 0.735527 0.469399
vt 0.736160 0.460817
vt 0.736107 0.451870
vt 0.735452 0.460823
vt 0.735398 0.451876
vt 0.736078 0.442924
vt 0.736071 0.434348
vt 0.735369 0.442931
vt 0.735363 0.434356
vt 0.736081 0.426511
vt 0.736098 0.419785
vt 0.735374 0.426520
vt 0.735393 0.419795
vt 0.736114 0.414546
vt 0.736126 0.410559
vt 0.735410 0.414557
vt 0.735423 0.410572
vt 0.736133 0.407593
vt 0.736136 0.405411
vt 0.735431 0.407607
vt 0.735435 0.405426
vt 0.736137 0.403778
vt 0.736137 0.402420
vt 0.735437 0.403793
vt 0.735438 0.402435
vt 0.736135 0.401062
vt 0.736130 0.398831
vt 0.735437 0.401079
vt 0.735432 0.398848
vt 0.736107 0.394847
vt 0.735412 0.394865
vt 0.734700 0.394884
vt 0.734718 0.398866
vt 0.734718 0.405441
vt 0.734721 0.403809
vt 0.734722 0.402452
vt 0.734722 0.401095
vt 0.734671 0.419806
vt 0.734690 0.414569
vt 0.734704 0.410586
vt 0.734713 0.407621
vt 0.734673 0.451883
vt 0.734644 0.442938
vt 0.734639 0.434364
vt 0.734651 0.426529
vt 0.734726 0.460829
vt 0.734802 0.469404
vt 0.734891 0.477236
vt 0.734982 0.483949
vt 0.735059 0.489166
vt 0.735122 0.493145
vt 0.735170 0.496140
vt 0.735207 0.498408
vt 0.735335 0.506643
vt 0.735290 0.503616
vt 0.735263 0.501841
vt 0.735237 0.500207
vt 0.735403 0.512044
vt 0.615773 0.329937
vt 0.614048 0.323540
vt 0.622142 0.323478
vt 0.622194 0.331573
vt 0.612802 0.315563
vt 0.621536 0.315501
vt 0.630067 0.315441
vt 0.630127 0.323972
vt 0.630188 0.332706
vt 0.613935 0.307569
vt 0.622030 0.307517
vt 0.615571 0.301148
vt 0.621968 0.299422
vt 0.629946 0.298177
vt 0.630007 0.306911
vt 0.637991 0.307405
vt 0.638597 0.315382
vt 0.637940 0.299310
vt 0.644360 0.300946
vt 0.646086 0.307343
vt 0.647331 0.315320
vt 0.638104 0.323366
vt 0.638165 0.331461
vt 0.646198 0.323314
vt 0.644562 0.329735
vt 0.654679 0.339711
vt 0.661440 0.328540
vt 0.666267 0.330575
vt 0.658460 0.343439
vt 0.663675 0.315206
vt 0.668855 0.315169
vt 0.673290 0.315138
vt 0.670381 0.332300
vt 0.661658 0.346592
vt 0.661253 0.301903
vt 0.666051 0.299801
vt 0.654336 0.290829
vt 0.658064 0.287048
vt 0.661218 0.283850
vt 0.670140 0.298018
vt 0.586844 0.315745
vt 0.589753 0.298583
vt 0.593866 0.300308
vt 0.591279 0.315714
vt 0.598475 0.284291
vt 0.601673 0.287444
vt 0.605454 0.291172
vt 0.598694 0.302343
vt 0.596458 0.315677
vt 0.598916 0.347033
vt 0.589993 0.332865
vt 0.594082 0.331082
vt 0.602069 0.343835
vt 0.598881 0.328980
vt 0.605797 0.340054
vt 0.614427 0.279457
vt 0.616529 0.284256
vt 0.612644 0.275368
vt 0.629763 0.272218
vt 0.629794 0.276653
vt 0.629831 0.281833
vt 0.645200 0.279241
vt 0.643166 0.284069
vt 0.646925 0.275127
vt 0.630370 0.358665
vt 0.613208 0.355756
vt 0.614933 0.351642
vt 0.630339 0.354230
vt 0.616968 0.346814
vt 0.630303 0.349050
vt 0.647490 0.355515
vt 0.645707 0.351426
vt 0.643605 0.346627
vt 0.630430 0.367111
vt 0.630400 0.362924
vt 0.649215 0.359439
vt 0.650923 0.363294
vt 0.664739 0.349630
vt 0.667773 0.352621
vt 0.592887 0.353147
vt 0.595878 0.350113
vt 0.611538 0.359704
vt 0.609885 0.363582
vt 0.582215 0.336297
vt 0.586069 0.334590
vt 0.578397 0.315804
vt 0.582584 0.315775
vt 0.581926 0.295260
vt 0.585805 0.296913
vt 0.592361 0.278261
vt 0.595395 0.281253
vt 0.610918 0.271444
vt 0.629733 0.267959
vt 0.609211 0.267589
vt 0.629704 0.263772
vt 0.648596 0.271179
vt 0.664255 0.280770
vt 0.650249 0.267301
vt 0.667247 0.277736
vt 0.674064 0.296293
vt 0.677549 0.315108
vt 0.677919 0.294586
vt 0.681736 0.315079
vt 0.674329 0.333970
vt 0.678207 0.335623
vt 0.605849 0.325945
vt 0.611221 0.334554
vt 0.603966 0.315625
vt 0.619905 0.339805
vt 0.630250 0.341542
vt 0.605703 0.305279
vt 0.610954 0.296595
vt 0.619564 0.291223
vt 0.629884 0.289340
vt 0.640229 0.291078
vt 0.648913 0.296329
vt 0.654285 0.304938
vt 0.656168 0.315258
vt 0.654430 0.325604
vt 0.649180 0.334288
vt 0.640570 0.339660
vt 0.936086 0.300501
vt 0.937808 0.306899
vt 0.929714 0.306956
vt 0.929667 0.298861
vt 0.939049 0.314877
vt 0.930315 0.314933
vt 0.921784 0.314988
vt 0.921729 0.306457
vt 0.921673 0.297723
vt 0.937911 0.322870
vt 0.929816 0.322917
vt 0.936271 0.329290
vt 0.929873 0.331012
vt 0.921895 0.332252
vt 0.921839 0.323518
vt 0.913855 0.323020
vt 0.913254 0.315042
vt 0.913902 0.331114
vt 0.907482 0.329475
vt 0.905760 0.323077
vt 0.904520 0.315099
vt 0.913752 0.307058
vt 0.913695 0.298964
vt 0.905658 0.307105
vt 0.907297 0.300686
vt 0.897186 0.290704
vt 0.890419 0.301870
vt 0.885593 0.299833
vt 0.893408 0.286973
vt 0.888176 0.315204
vt 0.882996 0.315237
vt 0.878561 0.315265
vt 0.881480 0.298105
vt 0.890212 0.283818
vt 0.890590 0.328507
vt 0.885791 0.330606
vt 0.897500 0.339586
vt 0.893770 0.343364
vt 0.890615 0.346560
vt 0.881701 0.332387
vt 0.965008 0.314710
vt 0.962088 0.331870
vt 0.957976 0.330143
vt 0.960573 0.314739
vt 0.953357 0.346157
vt 0.950161 0.343002
vt 0.946382 0.339272
vt 0.953149 0.328105
vt 0.955393 0.314772
vt 0.952954 0.283415
vt 0.961868 0.297589
vt 0.957778 0.299369
vt 0.949799 0.286611
vt 0.952978 0.301468
vt 0.946068 0.290390
vt 0.937403 0.350981
vt 0.935304 0.346182
vt 0.939183 0.355071
vt 0.922062 0.358211
vt 0.922033 0.353776
vt 0.922000 0.348596
vt 0.906629 0.351179
vt 0.908667 0.346353
vt 0.904902 0.355292
vt 0.921507 0.271764
vt 0.938667 0.274684
vt 0.936939 0.278796
vt 0.921535 0.276199
vt 0.934902 0.283623
vt 0.921568 0.281379
vt 0.904385 0.274904
vt 0.906165 0.278994
vt 0.908265 0.283794
vt 0.921452 0.263318
vt 0.921479 0.267505
vt 0.902662 0.270979
vt 0.900957 0.267123
vt 0.887133 0.280779
vt 0.884101 0.277785
vt 0.958987 0.277304
vt 0.955993 0.280336
vt 0.940339 0.270737
vt 0.941995 0.266859
vt 0.969649 0.294161
vt 0.965793 0.295866
vt 0.973454 0.314656
vt 0.969267 0.314683
vt 0.969912 0.335198
vt 0.966035 0.333543
vt 0.959468 0.352190
vt 0.956436 0.349197
vt 0.940906 0.358997
vt 0.922089 0.362470
vt 0.942611 0.362852
vt 0.922116 0.366657
vt 0.903229 0.359239
vt 0.887575 0.349639
vt 0.901574 0.363116
vt 0.884582 0.352671
vt 0.877775 0.334110
vt 0.874302 0.315293
vt 0.873920 0.335815
vt 0.870115 0.315320
vt 0.877533 0.296432
vt 0.873656 0.294777
vt 0.946009 0.304499
vt 0.940642 0.295886
vt 0.947885 0.314820
vt 0.931961 0.290631
vt 0.921617 0.288887
vt 0.946141 0.325164
vt 0.940886 0.333845
vt 0.932273 0.339212
vt 0.921952 0.341089
vt 0.911608 0.339345
vt 0.902927 0.334089
vt 0.897560 0.325476
vt 0.895683 0.315155
vt 0.897427 0.304811
vt 0.902683 0.296130
vt 0.911296 0.290763
s 1
usemtl taser_MAT
f 1/1/1 3335/2/2 5033/3/3 3338/4/4
f 3335/2/2 2/5/5 3336/6/6 5033/3/3
f 5033/3/3 3336/6/6 20/7/7 3337/8/8
f 3338/4/4 5033/3/3 3337/8/8 17/9/9
f 18/10/10 3339/11/11 5034/12/12 3342/13/13
f 3339/11/11 19/14/14 3340/15/15 5034/12/12
f 5034/12/12 3340/15/15 8/16/16 3341/17/17
f 3342/13/13 5034/12/12 3341/17/17 7/18/18
f 7/18/18 3343/19/19 5035/20/20 3342/13/13
f 3343/19/19 1/1/1 3338/4/4 5035/20/20
f 5035/20/20 3338/4/4 17/9/9 3344/21/21
f 3342/13/13 5035/20/20 3344/21/21 18/10/10
f 13/22/22 3345/23/23 5036/24/24 3348/25/25
f 3345/23/23 14/26/26 3346/27/27 5036/24/24
f 5036/24/24 3346/27/27 3/28/28 3347/29/29
f 3348/25/25 5036/24/24 3347/29/29 5/30/30
f 5/30/30 3349/31/31 5037/32/32 3348/25/25
f 3349/31/31 6/33/33 3350/34/34 5037/32/32
f 5037/32/32 3350/34/34 16/35/35 3351/36/36
f 3348/25/25 5037/32/32 3351/36/36 13/22/22
f 14/26/26 3352/37/37 5038/38/38 3346/27/27
f 3352/37/37 15/39/39 3353/40/40 5038/38/38
f 5038/38/38 3353/40/40 4/41/41 3354/42/42
f 3346/27/27 5038/38/38 3354/42/42 3/28/28
f 10/43/43 3355/44/44 5039/45/45 3357/46/46
f 3355/44/44 9/47/47 3356/48/48 5039/45/45
f 5039/45/45 3356/48/48 14/26/26 3345/23/23
f 3357/46/46 5039/45/45 3345/23/23 13/22/22
f 9/47/47 3358/49/49 5040/50/50 3356/48/48
f 3358/49/49 12/51/51 3359/52/52 5040/50/50
f 5040/50/50 3359/52/52 15/39/39 3352/37/37
f 3356/48/48 5040/50/50 3352/37/37 14/26/26
f 13/22/22 3351/36/36 5041/53/53 3357/46/46
f 3351/36/36 16/35/35 3360/54/54 5041/53/53
f 5041/53/53 3360/54/54 11/55/55 3361/56/56
f 3357/46/46 5041/53/53 3361/56/56 10/43/43
f 18/10/10 3344/21/21 5042/57/57 3363/58/58
f 3344/21/21 17/9/9 3362/59/59 5042/57/57
f 5042/57/57 3362/59/59 9/47/47 3355/44/44
f 3363/58/58 5042/57/57 3355/44/44 10/43/43
f 10/43/43 3361/56/56 5043/60/60 3363/58/58
f 3361/56/56 11/55/55 3364/61/61 5043/60/60
f 5043/60/60 3364/61/61 19/14/14 3339/11/11
f 3363/58/58 5043/60/60 3339/11/11 18/10/10
f 17/9/9 3337/8/8 5044/62/62 3362/59/59
f 3337/8/8 20/7/7 3365/63/63 5044/62/62
f 5044/62/62 3365/63/63 12/51/51 3358/49/49
f 3362/59/59 5044/62/62 3358/49/49 9/47/47
f 421/64/64 3366/65/65 5045/66/66 3369/67/67
f 3366/65/65 422/68/68 3367/69/69 5045/66/66
f 5045/66/66 3367/69/69 444/70/70 3368/71/70
f 3369/67/67 5045/66/66 3368/71/70 445/72/70
f 397/73/71 3370/74/72 5046/75/73 3373/76/74
f 3370/74/72 398/77/75 3371/78/76 5046/75/73
f 5046/75/73 3371/78/76 82/79/77 3372/80/78
f 3373/76/74 5046/75/73 3372/80/78 81/81/79
f 343/82/80 3374/83/81 5047/84/82 3377/85/83
f 3374/83/81 290/86/84 3375/87/85 5047/84/82
f 5047/84/82 3375/87/85 22/88/86 3376/89/87
f 3377/85/83 5047/84/82 3376/89/87 150/90/88
f 23/91/89 3378/92/90 5048/93/91 3381/94/92
f 3378/92/90 24/95/93 3379/96/94 5048/93/91
f 5048/93/91 3379/96/94 156/97/95 3380/98/96
f 3381/94/92 5048/93/91 3380/98/96 157/99/97
f 25/100/98 3382/101/99 5049/102/100 3385/103/101
f 3382/101/99 291/104/102 3383/105/103 5049/102/100
f 5049/102/100 3383/105/103 292/106/104 3384/107/105
f 3385/103/101 5049/102/100 3384/107/105 153/108/106
f 27/109/107 3386/110/108 5050/111/109 3389/112/110
f 3386/110/108 28/113/111 3387/114/112 5050/111/109
f 5050/111/109 3387/114/112 154/115/113 3388/116/114
f 3389/112/110 5050/111/109 3388/116/114 155/117/115
f 30/118/116 3390/119/117 5051/120/118 3393/121/119
f 3390/119/117 265/122/120 3391/123/121 5051/120/118
f 5051/120/118 3391/123/121 266/124/122 3392/125/123
f 3393/121/119 5051/120/118 3392/125/123 118/126/124
f 277/127/125 3394/128/126 5052/129/127 3397/130/128
f 3394/128/126 278/131/129 3395/132/130 5052/129/127
f 5052/129/127 3395/132/130 121/133/131 3396/134/132
f 3397/130/128 5052/129/127 3396/134/132 57/135/133
f 122/136/134 3398/137/135 5053/138/136 3401/139/137
f 3398/137/135 123/140/138 3399/141/139 5053/138/136
f 5053/138/136 3399/141/139 61/142/140 3400/143/141
f 3401/139/137 5053/138/136 3400/143/141 62/144/142
f 124/145/143 3402/146/144 5054/147/145 3405/148/146
f 3402/146/144 125/149/147 3403/150/148 5054/147/145
f 5054/147/145 3403/150/148 84/151/149 3404/152/150
f 3405/148/146 5054/147/145 3404/152/150 83/153/151
f 39/154/152 3406/155/153 5055/156/154 3409/157/155
f 3406/155/153 40/158/156 3407/159/157 5055/156/154
f 5055/156/154 3407/159/157 96/160/158 3408/161/159
f 3409/157/155 5055/156/154 3408/161/159 97/162/160
f 41/163/161 3410/164/162 5056/165/163 3413/166/164
f 3410/164/162 42/167/165 3411/168/166 5056/165/163
f 5056/165/163 3411/168/166 142/169/167 3412/170/168
f 3413/166/164 5056/165/163 3412/170/168 143/171/169
f 312/172/170 3414/173/171 5057/174/172 3417/175/173
f 3414/173/171 313/176/174 3415/177/175 5057/174/172
f 5057/174/172 3415/177/175 44/178/176 3416/179/177
f 3417/175/173 5057/174/172 3416/179/177 134/180/178
f 144/181/179 3418/182/180 5058/183/181 3421/184/182
f 3418/182/180 314/185/183 3419/186/184 5058/183/181
f 5058/183/181 3419/186/184 315/187/185 3420/188/186
f 3421/184/182 5058/183/181 3420/188/186 45/189/187
f 98/190/188 3422/191/189 5059/192/190 3425/193/191
f 3422/191/189 316/194/192 3423/195/193 5059/192/190
f 5059/192/190 3423/195/193 317/196/194 3424/197/195
f 3425/193/191 5059/192/190 3424/197/195 80/198/196
f 47/199/197 3426/200/198 5060/201/199 3429/202/200
f 3426/200/198 48/203/201 3427/204/202 5060/201/199
f 5060/201/199 3427/204/202 138/205/203 3428/206/204
f 3429/202/200 5060/201/199 3428/206/204 139/207/205
f 148/208/206 3430/209/207 5061/210/208 3433/211/209
f 3430/209/207 149/212/210 3431/213/211 5061/210/208
f 5061/210/208 3431/213/211 49/214/212 3432/215/213
f 3433/211/209 5061/210/208 3432/215/213 50/216/214
f 102/217/215 3434/218/216 5062/219/217 3436/220/218
f 3434/218/216 103/221/219 3435/222/220 5062/219/217
f 5062/219/217 3435/222/220 81/223/79 3372/224/78
f 3436/220/218 5062/219/217 3372/224/78 82/225/77
f 52/226/221 3437/227/222 5063/228/223 3440/229/224
f 3437/227/222 51/230/225 3438/231/226 5063/228/223
f 5063/228/223 3438/231/226 140/232/227 3439/233/228
f 3440/229/224 5063/228/223 3439/233/228 141/234/229
f 53/235/230 3441/236/231 5064/237/232 3444/238/233
f 3441/236/231 54/239/234 3442/240/235 5064/237/232
f 5064/237/232 3442/240/235 126/241/236 3443/242/237
f 3444/238/233 5064/237/232 3443/242/237 127/243/238
f 128/244/239 3445/245/240 5065/246/241 3448/247/242
f 3445/245/240 310/248/243 3446/249/244 5065/246/241
f 5065/246/241 3446/249/244 311/250/245 3447/251/246
f 3448/247/242 5065/246/241 3447/251/246 68/252/247
f 324/253/248 3449/254/249 5066/255/250 3452/256/251
f 3449/254/249 325/257/252 3450/258/253 5066/255/250
f 5066/255/250 3450/258/253 131/259/254 3451/260/255
f 3452/256/251 5066/255/250 3451/260/255 71/261/256
f 549/262/257 3453/263/258 5067/264/259 3456/265/260
f 3453/263/258 550/266/261 3454/267/262 5067/264/259
f 5067/264/259 3454/267/262 63/268/263 3455/269/264
f 3456/265/260 5067/264/259 3455/269/264 64/270/265
f 132/271/266 3457/272/267 5068/273/268 3460/274/269
f 3457/272/267 133/275/270 3458/276/271 5068/273/268
f 5068/273/268 3458/276/271 73/277/272 3459/278/273
f 3460/274/269 5068/273/268 3459/278/273 74/279/274
f 65/280/275 3461/281/276 5069/282/277 3464/283/278
f 3461/281/276 66/284/279 3462/285/280 5069/282/277
f 5069/282/277 3462/285/280 553/286/281 3463/287/282
f 3464/283/278 5069/282/277 3463/287/282 554/288/283
f 320/289/284 3465/290/285 5070/291/286 3468/292/287
f 3465/290/285 321/293/288 3466/294/289 5070/291/286
f 5070/291/286 3466/294/289 147/295/290 3467/296/291
f 3468/292/287 5070/291/286 3467/296/291 77/297/292
f 70/298/293 3469/299/294 5071/300/295 3472/301/296
f 3469/299/294 322/302/297 3470/303/298 5071/300/295
f 5071/300/295 3470/303/298 323/304/299 3471/305/300
f 3472/301/296 5071/300/295 3471/305/300 137/306/301
f 75/307/302 3473/308/303 5072/309/304 3476/310/305
f 3473/308/303 318/311/306 3474/312/307 5072/309/304
f 5072/309/304 3474/312/307 319/313/308 3475/314/309
f 3476/310/305 5072/309/304 3475/314/309 101/315/310
f 443/316/311 3477/317/312 5073/318/313 3479/319/314
f 152/320/315 3478/321/316 5073/318/313 3477/317/312
f 26/322/317 3479/319/314 5073/318/313 3478/321/316
f 157/323/97 3480/324/318 5074/325/319 3381/326/92
f 3480/324/318 150/327/88 3376/328/87 5074/325/319
f 5074/325/319 3376/328/87 22/88/86 3481/329/320
f 3381/326/92 5074/325/319 3481/329/320 23/91/89
f 156/97/95 3379/96/94 5075/330/321 3484/331/322
f 3379/96/94 24/95/93 3482/332/323 5075/330/321
f 5075/330/321 3482/332/323 423/333/324 3483/334/325
f 3484/331/322 5075/330/321 3483/334/325 424/335/326
f 28/113/111 3485/336/327 5076/337/328 3387/338/112
f 3485/336/327 25/100/98 3385/339/101 5076/337/328
f 5076/337/328 3385/339/101 153/340/106 3486/341/329
f 3387/338/112 5076/337/328 3486/341/329 154/342/113
f 118/126/124 3487/343/330 5077/344/331 3393/121/119
f 3487/343/330 119/345/332 3488/346/333 5077/344/331
f 5077/344/331 3488/346/333 86/347/334 3489/348/335
f 3393/121/119 5077/344/331 3489/348/335 30/118/116
f 62/349/142 3490/350/336 5078/351/337 3401/352/137
f 3490/350/336 57/135/133 3396/134/132 5078/351/337
f 5078/351/337 3396/134/132 121/133/131 3491/353/338
f 3401/352/137 5078/351/337 3491/353/338 122/354/134
f 387/355/339 3492/356/340 5079/357/341 3494/358/342
f 3492/356/340 388/359/343 3493/360/344 5079/357/341
f 5079/357/341 3493/360/344 61/142/140 3399/141/139
f 3494/358/342 5079/357/341 3399/141/139 123/140/138
f 29/361/345 3495/362/346 5080/363/347 3497/364/348
f 3495/362/346 84/365/149 3403/366/148 5080/363/347
f 5080/363/347 3403/366/148 125/367/147 3496/368/349
f 3497/364/348 5080/363/347 3496/368/349 117/369/350
f 143/370/169 3498/371/351 5081/372/352 3413/373/164
f 3498/371/351 144/181/179 3421/184/182 5081/372/352
f 5081/372/352 3421/184/182 45/189/187 3499/374/353
f 3413/373/164 5081/372/352 3499/374/353 41/375/161
f 44/178/176 3500/376/354 5082/377/355 3416/179/177
f 3500/376/354 52/378/221 3440/379/224 5082/377/355
f 5082/377/355 3440/379/224 141/380/229 3501/381/356
f 3416/179/177 5082/377/355 3501/381/356 134/180/178
f 97/382/160 3502/383/357 5083/384/358 3409/385/155
f 3502/383/357 98/190/188 3425/193/191 5083/384/358
f 5083/384/358 3425/193/191 80/198/196 3503/386/359
f 3409/385/155 5083/384/358 3503/386/359 39/387/152
f 101/315/310 3504/388/360 5084/389/361 3476/310/305
f 3504/388/360 102/390/215 3436/391/218 5084/389/361
f 5084/389/361 3436/391/218 82/392/77 3505/393/362
f 3476/310/305 5084/389/361 3505/393/362 75/307/302
f 396/394/363 3506/395/364 5085/396/365 3507/397/366
f 3506/395/364 397/398/71 3373/399/74 5085/396/365
f 5085/396/365 3373/399/74 81/223/79 3435/222/220
f 3507/397/366 5085/396/365 3435/222/220 103/221/219
f 79/400/367 3508/401/368 5086/402/369 3511/403/370
f 3508/401/368 99/404/371 3509/405/372 5086/402/369
f 5086/402/369 3509/405/372 360/406/373 3510/407/374
f 3511/403/370 5086/402/369 3510/407/374 359/408/375
f 46/409/376 3512/410/377 5087/411/378 3515/412/379
f 3512/410/377 145/413/380 3513/414/381 5087/411/378
f 5087/411/378 3513/414/381 362/415/382 3514/416/383
f 3515/412/379 5087/411/378 3514/416/383 361/417/384
f 43/418/385 3516/419/386 5088/420/387 3519/421/388
f 3516/419/386 135/422/389 3517/423/390 5088/420/387
f 5088/420/387 3517/423/390 364/424/391 3518/425/392
f 3519/421/388 5088/420/387 3518/425/392 363/426/393
f 147/295/290 3520/427/394 5089/428/395 3467/296/291
f 3520/427/394 148/429/206 3433/430/209 5089/428/395
f 5089/428/395 3433/430/209 50/431/214 3521/432/396
f 3467/296/291 5089/428/395 3521/432/396 77/297/292
f 48/433/201 3522/434/397 5090/435/398 3427/436/202
f 3522/434/397 70/298/293 3472/301/296 5090/435/398
f 5090/435/398 3472/301/296 137/306/301 3523/437/399
f 3427/436/202 5090/435/398 3523/437/399 138/438/203
f 392/439/400 3524/440/401 5091/441/402 3526/442/403
f 3524/440/401 393/443/404 3525/444/405 5091/441/402
f 5091/441/402 3525/444/405 47/199/197 3429/202/200
f 3526/442/403 5091/441/402 3429/202/200 139/207/205
f 394/445/406 3527/446/407 5092/447/408 3529/448/409
f 3527/446/407 395/449/410 3528/450/411 5092/447/408
f 5092/447/408 3528/450/411 49/214/212 3431/213/211
f 3529/448/409 5092/447/408 3431/213/211 149/212/210
f 55/451/412 3530/452/413 5093/453/414 3532/454/415
f 3530/452/413 65/455/275 3464/456/278 5093/453/414
f 5093/453/414 3464/456/278 554/457/283 3531/458/416
f 3532/454/415 5093/453/414 3531/458/416 533/459/417
f 548/460/418 3533/461/419 5094/462/420 3535/463/421
f 3533/461/419 549/464/257 3456/465/260 5094/462/420
f 5094/462/420 3456/465/260 64/466/265 3534/467/422
f 3535/463/421 5094/462/420 3534/467/422 59/468/423
f 550/266/261 3536/469/424 5095/470/425 3454/267/262
f 3536/469/424 551/471/426 3537/472/427 5095/470/425
f 5095/470/425 3537/472/427 389/473/428 3538/474/429
f 3454/267/262 5095/470/425 3538/474/429 63/268/263
f 68/252/247 3539/475/430 5096/476/431 3448/247/242
f 3539/475/430 53/477/230 3444/478/233 5096/476/431
f 5096/476/431 3444/478/233 127/479/238 3540/480/432
f 3448/247/242 5096/476/431 3540/480/432 128/244/239
f 67/481/433 3541/482/434 5097/483/435 3544/484/436
f 3541/482/434 129/485/437 3542/486/438 5097/483/435
f 5097/483/435 3542/486/438 366/487/439 3543/488/440
f 3544/484/436 5097/483/435 3543/488/440 365/489/441
f 74/490/274 3545/491/442 5098/492/443 3460/493/269
f 3545/491/442 71/261/256 3451/260/255 5098/492/443
f 5098/492/443 3451/260/255 131/259/254 3546/494/444
f 3460/493/269 5098/492/443 3546/494/444 132/495/266
f 390/496/445 3547/497/446 5099/498/447 3549/499/448
f 3547/497/446 391/500/449 3548/501/450 5099/498/447
f 5099/498/447 3548/501/450 73/277/272 3458/276/271
f 3549/499/448 5099/498/447 3458/276/271 133/275/270
f 155/117/115 3550/502/451 5100/503/452 3389/112/110
f 3550/502/451 382/504/453 3551/505/454 5100/503/452
f 5100/503/452 3551/505/454 381/506/455 3552/507/456
f 3389/112/110 5100/503/452 3552/507/456 27/109/107
f 124/145/143 3405/148/146 5101/508/457 3555/509/458
f 3405/148/146 83/153/151 3553/510/459 5101/508/457
f 5101/508/457 3553/510/459 346/511/460 3554/512/461
f 3555/509/458 5101/508/457 3554/512/461 345/513/462
f 552/514/463 3556/515/464 5102/516/465 3558/517/466
f 3556/515/464 553/286/281 3462/285/280 5102/516/465
f 5102/516/465 3462/285/280 66/284/279 3557/518/467
f 3558/517/466 5102/516/465 3557/518/467 347/519/468
f 126/241/236 3442/240/235 5103/520/469 3561/521/470
f 3442/240/235 54/239/234 3559/522/471 5103/520/469
f 5103/520/469 3559/522/471 349/523/472 3560/524/473
f 3561/521/470 5103/520/469 3560/524/473 348/525/474
f 140/232/227 3438/231/226 5104/526/475 3564/527/476
f 3438/231/226 51/230/225 3562/528/477 5104/526/475
f 5104/526/475 3562/528/477 351/529/478 3563/530/479
f 3564/527/476 5104/526/475 3563/530/479 350/531/480
f 142/169/167 3411/168/166 5105/532/481 3567/533/482
f 3411/168/166 42/167/165 3565/534/483 5105/532/481
f 5105/532/481 3565/534/483 353/535/484 3566/536/485
f 3567/533/482 5105/532/481 3566/536/485 352/537/486
f 96/160/158 3407/159/157 5106/538/487 3570/539/488
f 3407/159/157 40/158/156 3568/540/489 5106/538/487
f 5106/538/487 3568/540/489 355/541/490 3569/542/491
f 3570/539/488 5106/538/487 3569/542/491 354/543/492
f 418/544/493 3571/545/494 5107/546/495 3573/547/496
f 455/548/497 3572/549/498 5107/546/495 3571/545/494
f 151/550/499 3573/547/496 5107/546/495 3572/549/498
f 58/551/500 3574/552/501 5108/553/502 3576/554/503
f 3574/552/501 86/555/334 3488/556/333 5108/553/502
f 5108/553/502 3488/556/333 119/557/332 3575/558/504
f 3576/554/503 5108/553/502 3575/558/504 120/559/505
f 72/560/506 3577/561/507 5109/562/508 3580/563/509
f 3577/561/507 407/564/510 3578/565/511 5109/562/508
f 5109/562/508 3578/565/511 408/566/512 3579/567/513
f 3580/563/509 5109/562/508 3579/567/513 130/568/514
f 69/569/515 3581/570/516 5110/571/517 3584/572/518
f 3581/570/516 405/573/519 3582/574/520 5110/571/517
f 5110/571/517 3582/574/520 406/575/521 3583/576/522
f 3584/572/518 5110/571/517 3583/576/522 136/577/523
f 78/578/524 3585/579/525 5111/580/526 3588/581/527
f 3585/579/525 403/582/528 3586/583/529 5111/580/526
f 5111/580/526 3586/583/529 404/584/530 3587/585/531
f 3588/581/527 5111/580/526 3587/585/531 146/586/532
f 401/587/533 3589/588/534 5112/589/535 3592/590/536
f 3589/588/534 402/591/537 3590/592/538 5112/589/535
f 5112/589/535 3590/592/538 100/593/539 3591/594/540
f 3592/590/536 5112/589/535 3591/594/540 76/595/541
f 25/100/98 3485/336/327 5113/596/542 3595/597/543
f 3485/336/327 28/113/111 3593/598/544 5113/596/542
f 5113/596/542 3593/598/544 437/599/70 3594/600/70
f 3595/597/543 5113/596/542 3594/600/70 438/601/70
f 40/602/156 3406/603/153 5114/604/545 3568/605/489
f 3406/603/153 39/606/152 3596/607/546 5114/604/545
f 5114/604/545 3596/607/546 356/608/547 3597/609/548
f 3568/605/489 5114/604/545 3597/609/548 355/610/490
f 39/606/152 3503/611/359 5115/612/549 3596/607/546
f 3503/611/359 80/613/196 3598/614/550 5115/612/549
f 5115/612/549 3598/614/550 357/615/551 3599/616/552
f 3596/607/546 5115/612/549 3599/616/552 356/608/547
f 82/79/77 3371/78/76 5116/617/553 3505/618/362
f 3371/78/76 398/77/75 3600/619/554 5116/617/553
f 5116/617/553 3600/619/554 399/620/555 3601/621/556
f 3505/618/362 5116/617/553 3601/621/556 75/622/302
f 357/615/551 3598/614/550 5117/623/557 3603/624/558
f 3598/614/550 80/613/196 3424/625/195 5117/623/557
f 5117/623/557 3424/625/195 317/626/194 3602/627/559
f 3603/624/558 5117/623/557 3602/627/559 358/628/560
f 75/622/302 3601/621/556 5118/629/561 3473/630/303
f 3601/621/556 399/620/555 3604/631/562 5118/629/561
f 5118/629/561 3604/631/562 400/632/563 3605/633/564
f 3473/630/303 5118/629/561 3605/633/564 318/634/306
f 28/113/111 3386/110/108 5119/635/565 3593/598/544
f 3386/110/108 27/109/107 3606/636/566 5119/635/565
f 5119/635/565 3606/636/566 482/637/70 3607/638/70
f 3593/598/544 5119/635/565 3607/638/70 437/599/70
f 422/68/68 3608/639/567 5120/640/568 3367/69/69
f 3608/639/567 489/641/569 3609/642/570 5120/640/568
f 5120/640/568 3609/642/570 490/643/70 3610/644/70
f 3367/69/69 5120/640/568 3610/644/70 444/70/70
f 420/645/571 3611/646/572 5121/647/573 3613/648/574
f 3611/646/572 421/64/64 3369/67/67 5121/647/573
f 5121/647/573 3369/67/67 445/72/70 3612/649/70
f 3613/648/574 5121/647/573 3612/649/70 446/650/70
f 291/104/102 3382/101/99 5122/651/575 3615/652/576
f 3382/101/99 25/100/98 3595/597/543 5122/651/575
f 5122/651/575 3595/597/543 438/601/70 3614/653/70
f 3615/652/576 5122/651/575 3614/653/70 439/654/70
f 112/655/577 3616/656/578 5123/657/579 3619/658/580
f 3616/656/578 34/659/581 3617/660/582 5123/657/579
f 5123/657/579 3617/660/582 267/661/583 3618/662/584
f 3619/658/580 5123/657/579 3618/662/584 268/663/585
f 33/664/586 3620/665/587 5124/666/588 3623/667/589
f 3620/665/587 85/668/590 3621/669/591 5124/666/588
f 5124/666/588 3621/669/591 110/670/592 3622/671/593
f 3623/667/589 5124/666/588 3622/671/593 111/672/594
f 85/673/590 3624/674/595 5125/675/596 3621/676/591
f 3624/674/595 31/677/597 3625/678/598 5125/675/596
f 5125/675/596 3625/678/598 109/679/599 3626/680/600
f 3621/676/591 5125/675/596 3626/680/600 110/681/592
f 109/679/599 3625/678/598 5126/682/601 3629/683/602
f 3625/678/598 31/677/597 3627/684/603 5126/682/601
f 5126/682/601 3627/684/603 255/685/604 3628/686/605
f 3629/683/602 5126/682/601 3628/686/605 256/687/606
f 108/688/607 3630/689/608 5127/690/609 3633/691/610
f 3630/689/608 32/692/611 3631/693/612 5127/690/609
f 5127/690/609 3631/693/612 38/694/613 3632/695/614
f 3633/691/610 5127/690/609 3632/695/614 116/696/615
f 38/697/613 3634/698/616 5128/699/617 3632/700/614
f 3634/698/616 37/701/618 3635/702/619 5128/699/617
f 5128/699/617 3635/702/619 115/703/620 3636/704/621
f 3632/700/614 5128/699/617 3636/704/621 116/705/615
f 115/703/620 3635/702/619 5129/706/622 3639/707/623
f 3635/702/619 37/701/618 3637/708/624 5129/706/622
f 5129/706/622 3637/708/624 344/709/625 3638/710/626
f 3639/707/623 5129/706/622 3638/710/626 385/711/627
f 427/712/628 3640/713/629 5130/714/630 3643/715/631
f 3640/713/629 386/716/632 3641/717/633 5130/714/630
f 5130/714/630 3641/717/633 36/718/634 3642/719/635
f 3643/715/631 5130/714/630 3642/719/635 114/720/636
f 36/718/634 3644/721/637 5131/722/638 3642/719/635
f 3644/721/637 35/723/639 3645/724/640 5131/722/638
f 5131/722/638 3645/724/640 113/725/641 3646/726/642
f 3642/719/635 5131/722/638 3646/726/642 114/720/636
f 35/727/639 3647/728/643 5132/729/644 3645/730/640
f 3647/728/643 34/659/581 3616/656/578 5132/729/644
f 5132/729/644 3616/656/578 112/655/577 3648/731/645
f 3645/730/640 5132/729/644 3648/731/645 113/732/641
f 42/167/165 3410/164/162 5133/733/646 3650/734/647
f 3410/164/162 41/163/161 3649/735/648 5133/733/646
f 5133/733/646 3649/735/648 97/162/160 3408/161/159
f 3650/734/647 5133/733/646 3408/161/159 96/160/158
f 97/382/160 3649/736/648 5134/737/649 3502/383/357
f 3649/736/648 41/375/161 3499/374/353 5134/737/649
f 5134/737/649 3499/374/353 45/189/187 3651/738/650
f 3502/383/357 5134/737/649 3651/738/650 98/190/188
f 98/190/188 3651/738/650 5135/739/651 3422/191/189
f 3651/738/650 45/189/187 3420/188/186 5135/739/651
f 5135/739/651 3420/188/186 315/187/185 3652/740/652
f 3422/191/189 5135/739/651 3652/740/652 316/194/192
f 99/404/371 3653/741/653 5136/742/654 3509/405/372
f 3653/741/653 46/409/376 3515/412/379 5136/742/654
f 5136/742/654 3515/412/379 361/417/384 3654/743/655
f 3509/405/372 5136/742/654 3654/743/655 360/406/373
f 402/591/537 3655/744/656 5137/745/657 3590/592/538
f 3655/744/656 403/582/528 3585/579/525 5137/745/657
f 5137/745/657 3585/579/525 78/578/524 3656/746/658
f 3590/592/538 5137/745/657 3656/746/658 100/593/539
f 319/313/308 3657/747/659 5138/748/660 3475/314/309
f 3657/747/659 320/289/284 3468/292/287 5138/748/660
f 5138/748/660 3468/292/287 77/297/292 3658/749/661
f 3475/314/309 5138/748/660 3658/749/661 101/315/310
f 77/297/292 3521/432/396 5139/750/662 3658/749/661
f 3521/432/396 50/431/214 3659/751/663 5139/750/662
f 5139/750/662 3659/751/663 102/390/215 3504/388/360
f 3658/749/661 5139/750/662 3504/388/360 101/315/310
f 50/216/214 3432/215/213 5140/752/664 3659/753/663
f 3432/215/213 49/214/212 3660/754/665 5140/752/664
f 5140/752/664 3660/754/665 103/221/219 3434/218/216
f 3659/753/663 5140/752/664 3434/218/216 102/217/215
f 103/221/219 3660/754/665 5141/755/666 3507/397/366
f 3660/754/665 49/214/212 3528/450/411 5141/755/666
f 5141/755/666 3528/450/411 395/449/410 3661/756/667
f 3507/397/366 5141/755/666 3661/756/667 396/394/363
f 353/535/484 3565/534/483 5142/757/668 3662/758/669
f 3565/534/483 42/167/165 3650/734/647 5142/757/668
f 5142/757/668 3650/734/647 96/160/158 3570/539/488
f 3662/758/669 5142/757/668 3570/539/488 354/543/492
f 92/759/670 3663/760/671 5143/761/672 3665/762/673
f 91/763/674 3664/764/675 5143/761/672 3663/760/671
f 104/765/676 3665/762/673 5143/761/672 3664/764/675
f 93/766/677 3666/767/678 5144/768/679 3668/769/680
f 3666/767/678 92/759/670 3665/762/673 5144/768/679
f 5144/768/679 3665/762/673 104/765/676 3667/770/681
f 3668/769/680 5144/768/679 3667/770/681 105/771/682
f 93/766/677 3668/769/680 5145/772/683 3671/773/684
f 3668/769/680 105/771/682 3669/774/685 5145/772/683
f 5145/772/683 3669/774/685 384/775/686 3670/776/687
f 3671/773/684 5145/772/683 3670/776/687 383/777/688
f 94/778/689 3672/779/690 5146/780/691 3675/781/692
f 3672/779/690 425/782/693 3673/783/694 5146/780/691
f 5146/780/691 3673/783/694 426/784/695 3674/785/696
f 3675/781/692 5146/780/691 3674/785/696 106/786/697
f 95/787/698 3676/788/699 5147/789/700 3678/790/701
f 3676/788/699 94/778/689 3675/781/692 5147/789/700
f 5147/789/700 3675/781/692 106/786/697 3677/791/702
f 3678/790/701 5147/789/700 3677/791/702 107/792/703
f 87/793/704 3679/794/705 5148/795/706 3680/796/707
f 95/787/698 3678/790/701 5148/795/706 3679/794/705
f 107/792/703 3680/796/707 5148/795/706 3678/790/701
f 109/679/599 3629/683/602 5149/797/708 3683/798/709
f 3629/683/602 256/687/606 3681/799/710 5149/797/708
f 5149/797/708 3681/799/710 257/800/711 3682/801/712
f 3683/798/709 5149/797/708 3682/801/712 90/802/713
f 110/681/592 3626/680/600 5150/803/714 3685/804/715
f 3626/680/600 109/679/599 3683/798/709 5150/803/714
f 5150/803/714 3683/798/709 90/802/713 3684/805/716
f 3685/804/715 5150/803/714 3684/805/716 89/806/717
f 111/672/594 3622/671/593 5151/807/718 3687/808/719
f 3622/671/593 110/670/592 3685/809/715 5151/807/718
f 5151/807/718 3685/809/715 89/810/717 3686/811/720
f 3687/808/719 5151/807/718 3686/811/720 88/812/721
f 112/655/577 3619/658/580 5152/813/722 3690/814/723
f 3619/658/580 268/663/585 3688/815/724 5152/813/722
f 5152/813/722 3688/815/724 269/816/725 3689/817/726
f 3690/814/723 5152/813/722 3689/817/726 87/818/704
f 113/732/641 3648/731/645 5153/819/727 3691/820/728
f 3648/731/645 112/655/577 3690/814/723 5153/819/727
f 5153/819/727 3690/814/723 87/818/704 3680/821/707
f 3691/820/728 5153/819/727 3680/821/707 107/822/703
f 114/720/636 3646/726/642 5154/823/729 3692/824/730
f 3646/726/642 113/725/641 3691/825/728 5154/823/729
f 5154/823/729 3691/825/728 107/826/703 3677/827/702
f 3692/824/730 5154/823/729 3677/827/702 106/828/697
f 106/828/697 3674/829/696 5155/830/731 3692/824/730
f 3674/829/696 426/831/695 3693/832/732 5155/830/731
f 5155/830/731 3693/832/732 427/712/628 3643/715/631
f 3692/824/730 5155/830/731 3643/715/631 114/720/636
f 105/833/682 3694/834/733 5156/835/734 3669/836/685
f 3694/834/733 115/703/620 3639/707/623 5156/835/734
f 5156/835/734 3639/707/623 385/711/627 3695/837/735
f 3669/836/685 5156/835/734 3695/837/735 384/838/686
f 116/705/615 3636/704/621 5157/839/736 3696/840/737
f 3636/704/621 115/703/620 3694/834/733 5157/839/736
f 5157/839/736 3694/834/733 105/833/682 3667/841/681
f 3696/840/737 5157/839/736 3667/841/681 104/842/676
f 91/843/674 3697/844/738 5158/845/739 3664/846/675
f 3697/844/738 108/688/607 3633/691/610 5158/845/739
f 5158/845/739 3633/691/610 116/696/615 3696/847/737
f 3664/846/675 5158/845/739 3696/847/737 104/848/676
f 118/126/124 3392/125/123 5159/849/740 3699/850/741
f 3392/125/123 266/124/122 3698/851/742 5159/849/740
f 5159/849/740 3698/851/742 255/685/604 3627/684/603
f 3699/850/741 5159/849/740 3627/684/603 31/677/597
f 85/673/590 3700/852/743 5160/853/744 3624/674/595
f 3700/852/743 119/345/332 3487/343/330 5160/853/744
f 5160/853/744 3487/343/330 118/126/124 3699/850/741
f 3624/674/595 5160/853/744 3699/850/741 31/677/597
f 120/559/505 3575/558/504 5161/854/745 3701/855/746
f 3575/558/504 119/557/332 3700/856/743 5161/854/745
f 5161/854/745 3700/856/743 85/668/590 3620/665/587
f 3701/855/746 5161/854/745 3620/665/587 33/664/586
f 278/131/129 3702/857/747 5162/858/748 3395/132/130
f 3702/857/747 267/661/583 3617/660/582 5162/858/748
f 5162/858/748 3617/660/582 34/659/581 3703/859/749
f 3395/132/130 5162/858/748 3703/859/749 121/133/131
f 122/354/134 3491/353/338 5163/860/750 3704/861/751
f 3491/353/338 121/133/131 3703/859/749 5163/860/750
f 5163/860/750 3703/859/749 34/659/581 3647/728/643
f 3704/861/751 5163/860/750 3647/728/643 35/727/639
f 35/723/639 3644/721/637 5164/862/752 3704/863/751
f 3644/721/637 36/718/634 3705/864/753 5164/862/752
f 5164/862/752 3705/864/753 123/140/138 3398/137/135
f 3704/863/751 5164/862/752 3398/137/135 122/136/134
f 386/716/632 3706/865/754 5165/866/755 3641/717/633
f 3706/865/754 387/355/339 3494/358/342 5165/866/755
f 5165/866/755 3494/358/342 123/140/138 3705/864/753
f 3641/717/633 5165/866/755 3705/864/753 36/718/634
f 37/701/618 3707/867/756 5166/868/757 3637/708/624
f 3707/867/756 124/145/143 3555/509/458 5166/868/757
f 5166/868/757 3555/509/458 345/513/462 3708/869/758
f 3637/708/624 5166/868/757 3708/869/758 344/709/625
f 37/701/618 3634/698/616 5167/870/759 3707/867/756
f 3634/698/616 38/697/613 3709/871/760 5167/870/759
f 5167/870/759 3709/871/760 125/149/147 3402/146/144
f 3707/867/756 5167/870/759 3402/146/144 124/145/143
f 117/369/350 3496/368/349 5168/872/761 3710/873/762
f 3496/368/349 125/367/147 3709/874/760 5168/872/761
f 5168/872/761 3709/874/760 38/694/613 3631/693/612
f 3710/873/762 5168/872/761 3631/693/612 32/692/611
f 127/243/238 3443/242/237 5169/875/763 3712/876/764
f 3443/242/237 126/241/236 3711/877/765 5169/875/763
f 5169/875/763 3711/877/765 66/284/279 3461/281/276
f 3712/876/764 5169/875/763 3461/281/276 65/280/275
f 128/244/239 3540/480/432 5170/878/766 3713/879/767
f 3540/480/432 127/479/238 3712/880/764 5170/878/766
f 5170/878/766 3712/880/764 65/455/275 3530/452/413
f 3713/879/767 5170/878/766 3530/452/413 55/451/412
f 55/451/412 3714/881/768 5171/882/769 3713/879/767
f 3714/881/768 309/883/770 3715/884/771 5171/882/769
f 5171/882/769 3715/884/771 310/248/243 3445/245/240
f 3713/879/767 5171/882/769 3445/245/240 128/244/239
f 129/485/437 3716/885/772 5172/886/773 3542/486/438
f 3716/885/772 56/887/774 3717/888/775 5172/886/773
f 5172/886/773 3717/888/775 367/889/776 3718/890/777
f 3542/486/438 5172/886/773 3718/890/777 366/487/439
f 130/568/514 3579/567/513 5173/891/778 3721/892/779
f 3579/567/513 408/566/512 3719/893/780 5173/891/778
f 5173/891/778 3719/893/780 409/894/781 3720/895/782
f 3721/892/779 5173/891/778 3720/895/782 60/896/783
f 325/257/252 3722/897/784 5174/898/785 3450/258/253
f 3722/897/784 326/899/786 3723/900/787 5174/898/785
f 5174/898/785 3723/900/787 59/468/423 3724/901/788
f 3450/258/253 5174/898/785 3724/901/788 131/259/254
f 132/495/266 3546/494/444 5175/902/789 3725/903/790
f 3546/494/444 131/259/254 3724/901/788 5175/902/789
f 5175/902/789 3724/901/788 59/468/423 3534/467/422
f 3725/903/790 5175/902/789 3534/467/422 64/466/265
f 64/270/265 3455/269/264 5176/904/791 3725/905/790
f 3455/269/264 63/268/263 3726/906/792 5176/904/791
f 5176/904/791 3726/906/792 133/275/270 3457/272/267
f 3725/905/790 5176/904/791 3457/272/267 132/271/266
f 63/268/263 3538/474/429 5177/907/793 3726/906/792
f 3538/474/429 389/473/428 3727/908/794 5177/907/793
f 5177/907/793 3727/908/794 390/496/445 3549/499/448
f 3726/906/792 5177/907/793 3549/499/448 133/275/270
f 66/284/279 3711/877/765 5178/909/795 3557/518/467
f 3711/877/765 126/241/236 3561/521/470 5178/909/795
f 5178/909/795 3561/521/470 348/525/474 3728/910/796
f 3557/518/467 5178/909/795 3728/910/796 347/519/468
f 311/250/245 3729/911/797 5179/912/798 3447/251/246
f 3729/911/797 312/172/170 3417/175/173 5179/912/798
f 5179/912/798 3417/175/173 134/180/178 3730/913/799
f 3447/251/246 5179/912/798 3730/913/799 68/252/247
f 135/422/389 3731/914/800 5180/915/801 3517/423/390
f 3731/914/800 67/481/433 3544/484/436 5180/915/801
f 5180/915/801 3544/484/436 365/489/441 3732/916/802
f 3517/423/390 5180/915/801 3732/916/802 364/424/391
f 136/577/523 3583/576/522 5181/917/803 3734/918/804
f 3583/576/522 406/575/521 3733/919/805 5181/917/803
f 5181/917/803 3733/919/805 407/564/510 3577/561/507
f 3734/918/804 5181/917/803 3577/561/507 72/560/506
f 137/306/301 3471/305/300 5182/920/806 3736/921/807
f 3471/305/300 323/304/299 3735/922/808 5182/920/806
f 5182/920/806 3735/922/808 324/253/248 3452/256/251
f 3736/921/807 5182/920/806 3452/256/251 71/261/256
f 138/438/203 3523/437/399 5183/923/809 3737/924/810
f 3523/437/399 137/306/301 3736/921/807 5183/923/809
f 5183/923/809 3736/921/807 71/261/256 3545/491/442
f 3737/924/810 5183/923/809 3545/491/442 74/490/274
f 139/207/205 3428/206/204 5184/925/811 3738/926/812
f 3428/206/204 138/205/203 3737/927/810 5184/925/811
f 5184/925/811 3737/927/810 74/279/274 3459/278/273
f 3738/926/812 5184/925/811 3459/278/273 73/277/272
f 391/500/449 3739/928/813 5185/929/814 3548/501/450
f 3739/928/813 392/439/400 3526/442/403 5185/929/814
f 5185/929/814 3526/442/403 139/207/205 3738/926/812
f 3548/501/450 5185/929/814 3738/926/812 73/277/272
f 54/239/234 3740/930/815 5186/931/816 3559/522/471
f 3740/930/815 140/232/227 3564/527/476 5186/931/816
f 5186/931/816 3564/527/476 350/531/480 3741/932/817
f 3559/522/471 5186/931/816 3741/932/817 349/523/472
f 141/234/229 3439/233/228 5187/933/818 3742/934/819
f 3439/233/228 140/232/227 3740/930/815 5187/933/818
f 5187/933/818 3740/930/815 54/239/234 3441/236/231
f 3742/934/819 5187/933/818 3441/236/231 53/235/230
f 134/180/178 3501/381/356 5188/935/820 3730/913/799
f 3501/381/356 141/380/229 3742/936/819 5188/935/820
f 5188/935/820 3742/936/819 53/477/230 3539/475/430
f 3730/913/799 5188/935/820 3539/475/430 68/252/247
f 143/171/169 3412/170/168 5189/937/821 3744/938/822
f 3412/170/168 142/169/167 3743/939/823 5189/937/821
f 5189/937/821 3743/939/823 51/230/225 3437/227/222
f 3744/938/822 5189/937/821 3437/227/222 52/226/221
f 52/378/221 3500/376/354 5190/940/824 3744/941/822
f 3500/376/354 44/178/176 3745/942/825 5190/940/824
f 5190/940/824 3745/942/825 144/181/179 3498/371/351
f 3744/941/822 5190/940/824 3498/371/351 143/370/169
f 44/178/176 3415/177/175 5191/943/826 3745/942/825
f 3415/177/175 313/176/174 3746/944/827 5191/943/826
f 5191/943/826 3746/944/827 314/185/183 3418/182/180
f 3745/942/825 5191/943/826 3418/182/180 144/181/179
f 145/413/380 3747/945/828 5192/946/829 3513/414/381
f 3747/945/828 43/418/385 3519/421/388 5192/946/829
f 5192/946/829 3519/421/388 363/426/393 3748/947/830
f 3513/414/381 5192/946/829 3748/947/830 362/415/382
f 146/586/532 3587/585/531 5193/948/831 3750/949/832
f 3587/585/531 404/584/530 3749/950/833 5193/948/831
f 5193/948/831 3749/950/833 405/573/519 3581/570/516
f 3750/949/832 5193/948/831 3581/570/516 69/569/515
f 321/293/288 3751/951/834 5194/952/835 3466/294/289
f 3751/951/834 322/302/297 3469/299/294 5194/952/835
f 5194/952/835 3469/299/294 70/298/293 3752/953/836
f 3466/294/289 5194/952/835 3752/953/836 147/295/290
f 70/298/293 3522/434/397 5195/954/837 3752/953/836
f 3522/434/397 48/433/201 3753/955/838 5195/954/837
f 5195/954/837 3753/955/838 148/429/206 3520/427/394
f 3752/953/836 5195/954/837 3520/427/394 147/295/290
f 48/203/201 3426/200/198 5196/956/839 3753/957/838
f 3426/200/198 47/199/197 3754/958/840 5196/956/839
f 5196/956/839 3754/958/840 149/212/210 3430/209/207
f 3753/957/838 5196/956/839 3430/209/207 148/208/206
f 47/199/197 3525/444/405 5197/959/841 3754/958/840
f 3525/444/405 393/443/404 3755/960/842 5197/959/841
f 5197/959/841 3755/960/842 394/445/406 3529/448/409
f 3754/958/840 5197/959/841 3529/448/409 149/212/210
f 51/230/225 3743/939/823 5198/961/843 3562/528/477
f 3743/939/823 142/169/167 3567/533/482 5198/961/843
f 5198/961/843 3567/533/482 352/537/486 3756/962/844
f 3562/528/477 5198/961/843 3756/962/844 351/529/478
f 92/759/670 3757/963/845 5199/964/846 3663/760/671
f 3757/963/845 532/965/847 3758/966/848 5199/964/846
f 5199/964/846 3758/966/848 507/967/849 3759/968/850
f 3663/760/671 5199/964/846 3759/968/850 91/763/674
f 531/969/851 3760/970/852 5200/971/853 3761/972/854
f 3760/970/852 532/965/847 3757/963/845 5200/971/853
f 5200/971/853 3757/963/845 92/759/670 3666/767/678
f 3761/972/854 5200/971/853 3666/767/678 93/766/677
f 530/973/855 3762/974/856 5201/975/857 3763/976/858
f 3762/974/856 531/969/851 3761/972/854 5201/975/857
f 5201/975/857 3761/972/854 93/766/677 3671/773/684
f 3763/976/858 5201/975/857 3671/773/684 383/777/688
f 528/977/859 3764/978/860 5202/979/861 3766/980/862
f 3764/978/860 529/981/863 3765/982/864 5202/979/861
f 5202/979/861 3765/982/864 425/782/693 3672/779/690
f 3766/980/862 5202/979/861 3672/779/690 94/778/689
f 527/983/865 3767/984/866 5203/985/867 3768/986/868
f 3767/984/866 528/977/859 3766/980/862 5203/985/867
f 5203/985/867 3766/980/862 94/778/689 3676/788/699
f 3768/986/868 5203/985/867 3676/788/699 95/787/698
f 87/793/704 3769/987/869 5204/988/870 3679/794/705
f 3769/987/869 526/989/871 3770/990/872 5204/988/870
f 5204/988/870 3770/990/872 527/983/865 3768/986/868
f 3679/794/705 5204/988/870 3768/986/868 95/787/698
f 158/991/873 3771/992/874 5205/993/875 3774/994/876
f 3771/992/874 207/995/877 3772/996/878 5205/993/875
f 5205/993/875 3772/996/878 569/997/879 3773/998/880
f 3774/994/876 5205/993/875 3773/998/880 555/999/881
f 160/1000/882 3775/1001/883 5206/1002/884 3778/1003/885
f 3775/1001/883 208/1004/886 3776/1005/887 5206/1002/884
f 5206/1002/884 3776/1005/887 211/1006/888 3777/1007/889
f 3778/1003/885 5206/1002/884 3777/1007/889 162/1008/890
f 580/1009/891 3779/1010/892 5207/1011/893 3782/1012/894
f 3779/1010/892 581/1013/895 3780/1014/896 5207/1011/893
f 5207/1011/893 3780/1014/896 306/1015/897 3781/1016/898
f 3782/1012/894 5207/1011/893 3781/1016/898 167/1017/899
f 565/1018/900 3783/1019/900 5208/1020/901 3786/1021/902
f 3783/1019/900 566/1022/900 3784/1023/903 5208/1020/901
f 5208/1020/901 3784/1023/903 262/1024/904 3785/1025/905
f 3786/1021/902 5208/1020/901 3785/1025/905 181/1026/906
f 556/1027/907 3787/1028/907 5209/1029/908 3790/1030/909
f 3787/1028/907 557/1031/907 3788/1032/907 5209/1029/908
f 5209/1029/908 3788/1032/907 302/1033/907 3789/1034/910
f 3790/1030/909 5209/1029/908 3789/1034/910 163/1035/911
f 163/1036/911 3791/1037/912 5210/1038/913 3793/1039/914
f 3791/1037/912 209/1040/915 3792/1041/916 5210/1038/913
f 5210/1038/913 3792/1041/916 207/995/877 3771/992/874
f 3793/1039/914 5210/1038/913 3771/992/874 158/991/873
f 555/999/881 3794/1042/917 5211/1043/918 3774/994/876
f 3794/1042/917 556/1027/907 3790/1030/909 5211/1043/918
f 5211/1043/918 3790/1030/909 163/1035/911 3793/1044/914
f 3774/994/876 5211/1043/918 3793/1044/914 158/991/873
f 297/1045/919 3795/1046/920 5212/1047/921 3798/1048/922
f 3795/1046/920 298/1049/923 3796/1050/924 5212/1047/921
f 5212/1047/921 3796/1050/924 165/1051/925 3797/1052/926
f 3798/1048/922 5212/1047/921 3797/1052/926 212/1053/927
f 512/1054/928 3799/1055/929 5213/1056/930 3801/1057/931
f 3799/1055/929 513/1058/932 3800/1059/933 5213/1056/930
f 5213/1056/930 3800/1059/933 162/1060/890 3777/1061/889
f 3801/1057/931 5213/1056/930 3777/1061/889 211/1062/888
f 162/1063/890 3800/1064/933 5214/1065/934 3804/1066/935
f 3800/1064/933 513/1067/932 3802/1068/936 5214/1065/934
f 5214/1065/934 3802/1068/936 514/1069/907 3803/1070/907
f 3804/1066/935 5214/1065/934 3803/1070/907 299/1071/907
f 159/1072/937 3805/1073/938 5215/1074/939 3808/1075/940
f 3805/1073/938 567/1076/941 3806/1077/942 5215/1074/939
f 5215/1074/939 3806/1077/942 577/1078/943 3807/1079/943
f 3808/1075/940 5215/1074/939 3807/1079/943 578/1080/943
f 161/1081/944 3809/1082/945 5216/1083/946 3812/1084/947
f 3809/1082/945 510/1085/948 3810/1086/949 5216/1083/946
f 5216/1083/946 3810/1086/949 572/1087/943 3811/1088/943
f 3812/1084/947 5216/1083/946 3811/1088/943 573/1089/943
f 599/1090/950 3813/1091/951 5217/1092/952 3816/1093/953
f 3813/1091/951 570/1094/954 3814/1095/955 5217/1092/952
f 5217/1092/952 3814/1095/955 164/1096/956 3815/1097/957
f 3816/1093/953 5217/1092/952 3815/1097/957 295/1098/958
f 210/1099/959 3817/1100/960 5218/1101/961 3820/1102/962
f 3817/1100/960 166/1103/963 3818/1104/964 5218/1101/961
f 5218/1101/961 3818/1104/964 303/1105/965 3819/1106/966
f 3820/1102/962 5218/1101/961 3819/1106/966 304/1107/967
f 258/1108/968 3821/1109/969 5219/1110/970 3824/1111/971
f 3821/1109/969 259/1112/972 3822/1113/973 5219/1110/970
f 5219/1110/970 3822/1113/973 183/1114/974 3823/1115/975
f 3824/1111/971 5219/1110/970 3823/1115/975 184/1116/976
f 164/1096/956 3825/1117/977 5220/1118/978 3815/1097/957
f 3825/1117/977 175/1119/979 3826/1120/980 5220/1118/978
f 5220/1118/978 3826/1120/980 294/1121/981 3827/1122/982
f 3815/1097/957 5220/1118/978 3827/1122/982 295/1098/958
f 161/1081/944 3828/1123/983 5221/1124/984 3809/1082/945
f 3828/1123/983 174/1125/985 3829/1126/986 5221/1124/984
f 5221/1124/984 3829/1126/986 509/1127/987 3830/1128/988
f 3809/1082/945 5221/1124/984 3830/1128/988 510/1085/948
f 262/1024/904 3831/1129/989 5222/1130/990 3785/1025/905
f 3831/1129/989 263/1131/991 3832/1132/992 5222/1130/990
f 5222/1130/990 3832/1132/992 180/1133/993 3833/1134/994
f 3785/1025/905 5222/1130/990 3833/1134/994 181/1026/906
f 172/1135/995 3834/1136/996 5223/1137/997 3836/1138/998
f 3834/1136/996 167/1017/899 3781/1016/898 5223/1137/997
f 5223/1137/997 3781/1016/898 306/1015/897 3835/1139/999
f 3836/1138/998 5223/1137/997 3835/1139/999 307/1140/1000
f 307/1140/1000 3837/1141/1001 5224/1142/1002 3836/1138/998
f 3837/1141/1001 308/1143/1003 3838/1144/1004 5224/1142/1002
f 5224/1142/1002 3838/1144/1004 246/1145/1005 3839/1146/1006
f 3836/1138/998 5224/1142/1002 3839/1146/1006 172/1135/995
f 180/1133/993 3840/1147/1007 5225/1148/1008 3842/1149/1009
f 248/1150/1010 3841/1151/1011 5225/1148/1008 3840/1147/1007
f 249/1152/1012 3842/1149/1009 5225/1148/1008 3841/1151/1011
f 174/1125/985 3843/1153/1013 5226/1154/1014 3829/1126/986
f 3843/1153/1013 279/1155/1015 3844/1156/1016 5226/1154/1014
f 5226/1154/1014 3844/1156/1016 508/1157/1017 3845/1158/1018
f 3829/1126/986 5226/1154/1014 3845/1158/1018 509/1127/987
f 175/1119/979 3846/1159/1019 5227/1160/1020 3826/1120/980
f 3846/1159/1019 280/1161/1021 3847/1162/1022 5227/1160/1020
f 5227/1160/1020 3847/1162/1022 293/1163/1023 3848/1164/1024
f 3826/1120/980 5227/1160/1020 3848/1164/1024 294/1121/981
f 288/1165/1025 3849/1166/1026 5228/1167/1027 3852/1168/1028
f 289/1169/1029 3850/1170/1030 5228/1167/1027 3849/1166/1026
f 258/1108/968 3824/1111/971 5228/1167/1027 3850/1170/1030
f 184/1116/976 3851/1171/1031 5228/1167/1027 3824/1111/971
f 287/1172/1032 3852/1168/1028 5228/1167/1027 3851/1171/1031
f 166/1103/963 3853/1173/1033 5229/1174/1034 3818/1104/964
f 3853/1173/1033 539/1175/1035 3854/1176/1036 5229/1174/1034
f 5229/1174/1034 3854/1176/1036 540/1177/907 3855/1178/1037
f 3818/1104/964 5229/1174/1034 3855/1178/1037 303/1105/965
f 167/1179/899 3856/1180/1038 5230/1181/1039 3782/1182/894
f 3856/1180/1038 536/1183/1040 3857/1184/1041 5230/1181/1039
f 5230/1181/1039 3857/1184/1041 579/1185/943 3858/1186/1042
f 3782/1182/894 5230/1181/1039 3858/1186/1042 580/1187/891
f 167/1179/899 3834/1188/996 5231/1189/1043 3856/1180/1038
f 3834/1188/996 172/1190/995 3859/1191/1044 5231/1189/1043
f 5231/1189/1043 3859/1191/1044 535/1192/1045 3860/1193/1046
f 3856/1180/1038 5231/1189/1043 3860/1193/1046 536/1183/1040
f 172/1190/995 3839/1194/1006 5232/1195/1047 3859/1191/1044
f 3839/1194/1006 246/1196/1005 3861/1197/1048 5232/1195/1047
f 5232/1195/1047 3861/1197/1048 534/1198/1049 3862/1199/1050
f 3859/1191/1044 5232/1195/1047 3862/1199/1050 535/1192/1045
f 162/1200/890 3863/1201/1051 5233/1202/1052 3778/1203/885
f 3863/1201/1051 492/1204/907 3864/1205/917 5233/1202/1052
f 5233/1202/1052 3864/1205/917 493/1206/881 3865/1207/1053
f 3778/1203/885 5233/1202/1052 3865/1207/1053 160/1000/882
f 506/1208/907 3866/1209/907 5234/1210/1054 3867/1211/907
f 3866/1209/907 492/1204/907 3863/1201/1051 5234/1210/1054
f 5234/1210/1054 3863/1201/1051 162/1200/890 3804/1212/935
f 3867/1211/907 5234/1210/1054 3804/1212/935 299/1213/907
f 183/1114/974 3822/1113/973 5235/1214/1055 3870/1215/1056
f 3822/1113/973 259/1112/972 3868/1216/1057 5235/1214/1055
f 5235/1214/1055 3868/1216/1057 497/1217/900 3869/1218/900
f 3870/1215/1056 5235/1214/1055 3869/1218/900 498/1219/900
f 573/1089/943 3871/1220/943 5236/1221/1058 3812/1084/947
f 3871/1220/943 574/1222/943 3872/1223/1059 5236/1221/1058
f 5236/1221/1058 3872/1223/1059 496/1224/1060 3873/1225/1061
f 3812/1084/947 5236/1221/1058 3873/1225/1061 161/1081/944
f 493/1206/881 3874/1226/1062 5237/1227/1063 3865/1207/1053
f 3874/1226/1062 494/1228/879 3875/1229/1064 5237/1227/1063
f 5237/1227/1063 3875/1229/1064 208/1004/886 3775/1001/883
f 3865/1207/1053 5237/1227/1063 3775/1001/883 160/1000/882
f 185/1230/1065 3876/1231/1066 5238/1232/1067 3879/1233/1068
f 3876/1231/1066 560/1234/1069 3877/1235/1070 5238/1232/1067
f 5238/1232/1067 3877/1235/1070 561/1236/1071 3878/1237/1072
f 3879/1233/1068 5238/1232/1067 3878/1237/1072 214/1238/1073
f 187/1239/1074 3880/1240/1075 5239/1241/1076 3883/1242/1077
f 3880/1240/1075 189/1243/1078 3881/1244/1079 5239/1241/1076
f 5239/1241/1076 3881/1244/1079 217/1245/1080 3882/1246/1081
f 3883/1242/1077 5239/1241/1076 3882/1246/1081 216/1247/1082
f 194/1248/1083 3884/1249/1084 5240/1250/1085 3887/1251/1086
f 3884/1249/1084 329/1252/897 3885/1253/1087 5240/1250/1085
f 5240/1250/1085 3885/1253/1087 582/1254/895 3886/1255/1088
f 3887/1251/1086 5240/1250/1085 3886/1255/1088 583/1256/1089
f 564/1257/900 3888/1258/900 5241/1259/901 3890/1260/903
f 3888/1258/900 565/1018/900 3786/1021/902 5241/1259/901
f 5241/1259/901 3786/1021/902 181/1026/906 3889/1261/905
f 3890/1260/903 5241/1259/901 3889/1261/905 274/1262/904
f 333/1263/907 3891/1264/907 5242/1265/1090 3894/1266/1091
f 3891/1264/907 558/1267/907 3892/1268/907 5242/1265/1090
f 5242/1265/1090 3892/1268/907 559/1269/907 3893/1270/1092
f 3894/1266/1091 5242/1265/1090 3893/1270/1092 190/1271/1093
f 190/1272/1093 3895/1273/1094 5243/1274/1095 3897/1275/1096
f 3895/1273/1094 185/1230/1065 3879/1233/1068 5243/1274/1095
f 5243/1274/1095 3879/1233/1068 214/1238/1073 3896/1276/1097
f 3897/1275/1096 5243/1274/1095 3896/1276/1097 218/1277/1098
f 559/1269/907 3898/1278/1099 5244/1279/1100 3893/1270/1092
f 3898/1278/1099 560/1234/1069 3876/1231/1066 5244/1279/1100
f 5244/1279/1100 3876/1231/1066 185/1230/1065 3895/1280/1094
f 3893/1270/1092 5244/1279/1100 3895/1280/1094 190/1271/1093
f 219/1281/1101 3899/1282/1102 5245/1283/1103 3902/1284/1104
f 3899/1282/1102 192/1285/1105 3900/1286/1106 5245/1283/1103
f 5245/1283/1103 3900/1286/1106 337/1287/923 3901/1288/920
f 3902/1284/1104 5245/1283/1103 3901/1288/920 338/1289/919
f 585/1290/1107 3903/1291/1107 5246/1292/1108 3906/1293/1109
f 3903/1291/1107 586/1294/1107 3904/1295/1110 5246/1292/1108
f 5246/1292/1108 3904/1295/1110 563/1296/1111 3905/1297/1112
f 3906/1293/1109 5246/1292/1108 3905/1297/1112 186/1298/1113
f 593/1299/1114 3907/1300/1115 5247/1301/1116 3910/1302/1117
f 3907/1300/1115 594/1303/950 3908/1304/953 5247/1301/1116
f 5247/1301/1116 3908/1304/953 340/1305/958 3909/1306/1118
f 3910/1302/1117 5247/1301/1116 3909/1306/1118 191/1307/1119
f 331/1308/967 3911/1309/966 5248/1310/1120 3914/1311/1121
f 3911/1309/966 332/1312/965 3912/1313/1122 5248/1310/1120
f 5248/1310/1120 3912/1313/1122 193/1314/1123 3913/1315/1124
f 3914/1311/1121 5248/1310/1120 3913/1315/1124 220/1316/1125
f 184/1116/976 3823/1115/975 5249/1317/1126 3917/1318/1127
f 3823/1115/975 183/1114/974 3915/1319/973 5249/1317/1126
f 5249/1317/1126 3915/1319/973 271/1320/972 3916/1321/1128
f 3917/1318/1127 5249/1317/1126 3916/1321/1128 270/1322/1129
f 202/1323/1130 3918/1324/1131 5250/1325/1132 3920/1326/1133
f 3918/1324/1131 191/1307/1119 3909/1306/1118 5250/1325/1132
f 5250/1325/1132 3909/1306/1118 340/1305/958 3919/1327/1134
f 3920/1326/1133 5250/1325/1132 3919/1327/1134 341/1328/1135
f 181/1026/906 3833/1134/994 5251/1329/1136 3889/1261/905
f 3833/1134/994 180/1133/993 3921/1330/1137 5251/1329/1136
f 5251/1329/1136 3921/1330/1137 275/1331/1138 3922/1332/1139
f 3889/1261/905 5251/1329/1136 3922/1332/1139 274/1262/904
f 194/1248/1083 3923/1333/1140 5252/1334/1141 3884/1249/1084
f 3923/1333/1140 199/1335/1142 3924/1336/1143 5252/1334/1141
f 5252/1334/1141 3924/1336/1143 328/1337/1144 3925/1338/1145
f 3884/1249/1084 5252/1334/1141 3925/1338/1145 329/1252/897
f 199/1335/1142 3926/1339/1146 5253/1340/1147 3924/1336/1143
f 3926/1339/1146 252/1341/1148 3927/1342/1149 5253/1340/1147
f 5253/1340/1147 3927/1342/1149 327/1343/1150 3928/1344/1151
f 3924/1336/1143 5253/1340/1147 3928/1344/1151 328/1337/1144
f 180/1133/993 3842/1149/1009 5254/1345/1152 3930/1346/1153
f 249/1152/1012 3929/1347/1154 5254/1345/1152 3842/1149/1009
f 250/1348/1155 3930/1346/1153 5254/1345/1152 3929/1347/1154
f 341/1328/1135 3931/1349/1156 5255/1350/1157 3920/1326/1133
f 3931/1349/1156 342/1351/1158 3932/1352/1159 5255/1350/1157
f 5255/1350/1157 3932/1352/1159 283/1353/1160 3933/1354/1161
f 3920/1326/1133 5255/1350/1157 3933/1354/1161 202/1323/1130
f 286/1355/1162 3934/1356/1163 5256/1357/1164 3936/1358/1165
f 287/1172/1032 3851/1171/1031 5256/1357/1164 3934/1356/1163
f 184/1116/976 3917/1318/1127 5256/1357/1164 3851/1171/1031
f 270/1322/1129 3935/1359/1166 5256/1357/1164 3917/1318/1127
f 285/1360/1167 3936/1358/1165 5256/1357/1164 3935/1359/1166
f 199/1361/1142 3937/1362/1168 5257/1363/1169 3926/1364/1146
f 3937/1362/1168 546/1365/1170 3938/1366/1171 5257/1363/1169
f 5257/1363/1169 3938/1366/1171 547/1367/1172 3939/1368/1173
f 3926/1364/1146 5257/1363/1169 3939/1368/1173 252/1369/1148
f 194/1370/1083 3940/1371/1174 5258/1372/1175 3923/1373/1140
f 3940/1371/1174 545/1374/1176 3941/1375/1177 5258/1372/1175
f 5258/1372/1175 3941/1375/1177 546/1365/1170 3937/1362/1168
f 3923/1373/1140 5258/1372/1175 3937/1362/1168 199/1361/1142
f 583/1376/1089 3942/1377/1178 5259/1378/1179 3887/1379/1086
f 3942/1377/1178 584/1380/1107 3943/1381/1180 5259/1378/1179
f 5259/1378/1179 3943/1381/1180 545/1374/1176 3940/1371/1174
f 3887/1379/1086 5259/1378/1179 3940/1371/1174 194/1370/1083
f 193/1382/1123 3944/1383/1181 5260/1384/1182 3913/1385/1124
f 3944/1383/1181 542/1386/1183 3945/1387/1184 5260/1384/1182
f 5260/1384/1182 3945/1387/1184 543/1388/1185 3946/1389/1186
f 3913/1385/1124 5260/1384/1182 3946/1389/1186 220/1390/1125
f 541/1391/907 3947/1392/1187 5261/1393/1188 3948/1394/1037
f 3947/1392/1187 542/1395/1183 3944/1396/1181 5261/1393/1188
f 5261/1393/1188 3944/1396/1181 193/1314/1123 3912/1313/1122
f 3948/1394/1037 5261/1393/1188 3912/1313/1122 332/1312/965
f 519/1397/907 3949/1398/1189 5262/1399/1190 3952/1400/907
f 3949/1398/1189 520/1401/1191 3950/1402/1192 5262/1399/1190
f 5262/1399/1190 3950/1402/1192 189/1403/1078 3951/1404/1193
f 3952/1400/907 5262/1399/1190 3951/1404/1193 336/1405/907
f 189/1406/1078 3950/1407/1192 5263/1408/1194 3881/1409/1079
f 3950/1407/1192 520/1410/1191 3953/1411/1195 5263/1408/1194
f 5263/1408/1194 3953/1411/1195 521/1412/1185 3954/1413/1196
f 3881/1409/1079 5263/1408/1194 3954/1413/1196 217/1414/1080
f 590/1415/1107 3955/1416/1107 5264/1417/1197 3958/1418/1198
f 3955/1416/1107 591/1419/1107 3956/1420/1199 5264/1417/1197
f 5264/1417/1197 3956/1420/1199 523/1421/1200 3957/1422/1201
f 3958/1418/1198 5264/1417/1197 3957/1422/1201 188/1423/1202
f 188/1423/1202 3957/1422/1201 5265/1424/1203 3961/1425/1204
f 3957/1422/1201 523/1421/1200 3959/1426/1205 5265/1424/1203
f 5265/1424/1203 3959/1426/1205 524/1427/1206 3960/1428/1207
f 3961/1425/1204 5265/1424/1203 3960/1428/1207 201/1429/1208
f 201/1429/1208 3960/1428/1207 5266/1430/1209 3964/1431/1210
f 3960/1428/1207 524/1427/1206 3962/1432/1211 5266/1430/1209
f 5266/1430/1209 3962/1432/1211 525/1433/1212 3963/1434/1213
f 3964/1431/1210 5266/1430/1209 3963/1434/1213 284/1435/1214
f 189/1436/1078 3880/1437/1075 5267/1438/1215 3967/1439/1216
f 3880/1437/1075 187/1239/1074 3965/1440/1217 5267/1438/1215
f 5267/1438/1215 3965/1440/1217 503/1441/1218 3966/1442/1099
f 3967/1439/1216 5267/1438/1215 3966/1442/1099 504/1443/907
f 189/1436/1078 3967/1439/1216 5268/1444/1219 3951/1445/1193
f 3967/1439/1216 504/1443/907 3968/1446/907 5268/1444/1219
f 5268/1444/1219 3968/1446/907 505/1447/907 3969/1448/907
f 3951/1445/1193 5268/1444/1219 3969/1448/907 336/1449/907
f 271/1320/972 3915/1319/973 5269/1450/1055 3971/1451/1220
f 3915/1319/973 183/1114/974 3870/1215/1056 5269/1450/1055
f 5269/1450/1055 3870/1215/1056 498/1219/900 3970/1452/900
f 3971/1451/1220 5269/1450/1055 3970/1452/900 499/1453/900
f 188/1423/1202 3972/1454/1221 5270/1455/1222 3958/1418/1198
f 3972/1454/1221 500/1456/1223 3973/1457/1224 5270/1455/1222
f 5270/1455/1222 3973/1457/1224 589/1458/1107 3974/1459/1107
f 3958/1418/1198 5270/1455/1222 3974/1459/1107 590/1415/1107
f 502/1460/1071 3975/1461/1225 5271/1462/1226 3976/1463/1227
f 3975/1461/1225 503/1441/1218 3965/1440/1217 5271/1462/1226
f 5271/1462/1226 3965/1440/1217 187/1239/1074 3883/1242/1077
f 3976/1463/1227 5271/1462/1226 3883/1242/1077 216/1247/1082
f 207/995/877 3977/1464/1228 5272/1465/1229 3772/996/878
f 3977/1464/1228 168/1466/1230 3978/1467/1231 5272/1465/1229
f 5272/1465/1229 3978/1467/1231 568/1468/1232 3979/1469/1233
f 3772/996/878 5272/1465/1229 3979/1469/1233 569/997/879
f 211/1006/888 3776/1005/887 5273/1470/1234 3981/1471/1235
f 208/1004/886 3980/1472/1236 5273/1470/1234 3776/1005/887
f 169/1473/1237 3981/1471/1235 5273/1470/1234 3980/1472/1236
f 207/995/877 3792/1041/916 5274/1474/1238 3977/1464/1228
f 209/1040/915 3982/1475/1239 5274/1474/1238 3792/1041/916
f 168/1466/1230 3977/1464/1228 5274/1474/1238 3982/1475/1239
f 296/1476/1240 3983/1477/1241 5275/1478/1242 3985/1479/1243
f 3983/1477/1241 297/1045/919 3798/1048/922 5275/1478/1242
f 5275/1478/1242 3798/1048/922 212/1053/927 3984/1480/1244
f 3985/1479/1243 5275/1478/1242 3984/1480/1244 170/1481/1245
f 511/1482/1246 3986/1483/1247 5276/1484/1248 3987/1485/1249
f 3986/1483/1247 512/1054/928 3801/1057/931 5276/1484/1248
f 5276/1484/1248 3801/1057/931 211/1062/888 3981/1486/1235
f 3987/1485/1249 5276/1484/1248 3981/1486/1235 169/1487/1237
f 171/1488/1250 3988/1489/1251 5277/1490/1252 3990/1491/1253
f 3988/1489/1251 210/1099/959 3820/1102/962 5277/1490/1252
f 5277/1490/1252 3820/1102/962 304/1107/967 3989/1492/1254
f 3990/1491/1253 5277/1490/1252 3989/1492/1254 305/1493/1255
f 538/1494/928 3991/1495/1256 5278/1496/1257 3992/1497/1258
f 3991/1495/1256 539/1498/1035 3853/1499/1033 5278/1496/1257
f 5278/1496/1257 3853/1499/1033 166/1500/963 3817/1501/960
f 3992/1497/1258 5278/1496/1257 3817/1501/960 210/1502/959
f 169/1473/1237 3980/1472/1236 5279/1503/1259 3994/1504/1260
f 3980/1472/1236 208/1004/886 3875/1229/1064 5279/1503/1259
f 5279/1503/1259 3875/1229/1064 494/1228/879 3993/1505/1233
f 3994/1504/1260 5279/1503/1259 3993/1505/1233 495/1506/1261
f 195/1507/1262 3995/1508/1263 5280/1509/1264 3997/1510/1265
f 3995/1508/1263 214/1238/1073 3878/1237/1072 5280/1509/1264
f 5280/1509/1264 3878/1237/1072 561/1236/1071 3996/1511/1266
f 3997/1510/1265 5280/1509/1264 3996/1511/1266 562/1512/1267
f 216/1247/1082 3882/1246/1081 5281/1513/1268 3999/1514/1269
f 217/1245/1080 3998/1515/1270 5281/1513/1268 3882/1246/1081
f 196/1516/1271 3999/1514/1269 5281/1513/1268 3998/1515/1270
f 218/1277/1098 3896/1276/1097 5282/1517/1272 4000/1518/1273
f 214/1238/1073 3995/1508/1263 5282/1517/1272 3896/1276/1097
f 195/1507/1262 4000/1518/1273 5282/1517/1272 3995/1508/1263
f 197/1519/1274 4001/1520/1275 5283/1521/1276 4003/1522/1277
f 4001/1520/1275 219/1281/1101 3902/1284/1104 5283/1521/1276
f 5283/1521/1276 3902/1284/1104 338/1289/919 4002/1523/1241
f 4003/1522/1277 5283/1521/1276 4002/1523/1241 339/1524/1240
f 331/1308/967 3914/1311/1121 5284/1525/1278 4006/1526/1254
f 3914/1311/1121 220/1316/1125 4004/1527/1279 5284/1525/1278
f 5284/1525/1278 4004/1527/1279 198/1528/1280 4005/1529/1281
f 4006/1526/1254 5284/1525/1278 4005/1529/1281 330/1530/1282
f 198/1531/1280 4004/1532/1279 5285/1533/1283 4008/1534/1284
f 4004/1532/1279 220/1390/1125 3946/1389/1186 5285/1533/1283
f 5285/1533/1283 3946/1389/1186 543/1388/1185 4007/1535/1285
f 4008/1534/1284 5285/1533/1283 4007/1535/1285 544/1536/1286
f 196/1537/1271 3998/1538/1270 5286/1539/1287 4010/1540/1288
f 3998/1538/1270 217/1414/1080 3954/1413/1196 5286/1539/1287
f 5286/1539/1287 3954/1413/1196 521/1412/1185 4009/1541/1289
f 4010/1540/1288 5286/1539/1287 4009/1541/1289 522/1542/1290
f 501/1543/1291 4011/1544/1266 5287/1545/1292 4012/1546/1293
f 4011/1544/1266 502/1460/1071 3976/1463/1227 5287/1545/1292
f 5287/1545/1292 3976/1463/1227 216/1247/1082 3999/1514/1269
f 4012/1546/1293 5287/1545/1292 3999/1514/1269 196/1516/1271
f 176/1547/1294 4013/1548/917 5288/1549/1295 4016/1550/1296
f 4013/1548/917 177/1551/907 4014/1552/907 5288/1549/1295
f 5288/1549/1295 4014/1552/907 222/1553/907 4015/1554/917
f 4016/1550/1296 5288/1549/1295 4015/1554/917 221/1555/1296
f 222/1553/907 4014/1552/907 5289/1556/907 4019/1557/907
f 4014/1552/907 177/1551/907 4017/1558/907 5289/1556/907
f 5289/1556/907 4017/1558/907 300/1559/907 4018/1560/907
f 4019/1557/907 5289/1556/907 4018/1560/907 301/1561/907
f 334/1562/907 4020/1563/907 5290/1564/907 4023/1565/907
f 4020/1563/907 335/1566/907 4021/1567/907 5290/1564/907
f 5290/1564/907 4021/1567/907 204/1568/907 4022/1569/907
f 4023/1565/907 5290/1564/907 4022/1569/907 223/1570/907
f 203/1571/1297 4024/1572/1297 5291/1573/1298 4026/1574/1099
f 4024/1572/1297 224/1575/1297 4025/1576/1099 5291/1573/1298
f 5291/1573/1298 4025/1576/1099 223/1570/907 4022/1569/907
f 4026/1574/1099 5291/1573/1298 4022/1569/907 204/1568/907
f 225/1577/1071 4027/1578/1299 5292/1579/1300 4029/1580/1071
f 4027/1578/1299 224/1575/1297 4024/1572/1297 5292/1579/1300
f 5292/1579/1300 4024/1572/1297 203/1571/1297 4028/1581/1301
f 4029/1580/1071 5292/1579/1300 4028/1581/1301 215/1582/1071
f 206/1583/1267 4030/1584/1267 5293/1585/1266 4032/1586/1266
f 4030/1584/1267 226/1587/1267 4031/1588/1266 5293/1585/1266
f 5293/1585/1266 4031/1588/1266 225/1577/1071 4029/1580/1071
f 4032/1586/1266 5293/1585/1266 4029/1580/1071 215/1582/1071
f 205/1589/1302 4033/1590/1303 5294/1591/1304 4036/1592/1305
f 4033/1590/1303 227/1593/1306 4034/1594/1307 5294/1591/1304
f 5294/1591/1304 4034/1594/1307 587/1595/1107 4035/1596/1107
f 4036/1592/1305 5294/1591/1304 4035/1596/1107 588/1597/1107
f 182/1598/900 4037/1599/900 5295/1600/900 4040/1601/900
f 4037/1599/900 228/1602/900 4038/1603/900 5295/1600/900
f 5295/1600/900 4038/1603/900 273/1604/900 4039/1605/900
f 4040/1601/900 5295/1600/900 4039/1605/900 272/1606/900
f 260/1607/900 4041/1608/900 5296/1609/900 4043/1610/900
f 4041/1608/900 261/1611/900 4042/1612/900 5296/1609/900
f 5296/1609/900 4042/1612/900 228/1602/900 4037/1599/900
f 4043/1610/900 5296/1609/900 4037/1599/900 182/1598/900
f 229/1613/1308 4044/1614/1309 5297/1615/1310 4047/1616/1311
f 4044/1614/1309 178/1617/1312 4045/1618/1313 5297/1615/1310
f 5297/1615/1310 4045/1618/1313 575/1619/943 4046/1620/943
f 4047/1616/1311 5297/1615/1310 4046/1620/943 576/1621/943
f 179/1622/1232 4048/1623/1233 5298/1624/1233 4051/1625/1232
f 4048/1623/1233 213/1626/879 4049/1627/879 5298/1624/1233
f 5298/1624/1233 4049/1627/879 231/1628/879 4050/1629/1233
f 4051/1625/1232 5298/1624/1233 4050/1629/1233 230/1630/1232
f 221/1555/1296 4052/1631/1314 5299/1632/1315 4016/1550/1296
f 4052/1631/1314 231/1628/879 4049/1627/879 5299/1632/1315
f 5299/1632/1315 4049/1627/879 213/1626/879 4053/1633/1316
f 4016/1550/1296 5299/1632/1315 4053/1633/1316 176/1547/1294
f 537/1634/1317 4054/1635/1318 5300/1636/1319 4055/1637/1320
f 4054/1635/1318 538/1494/928 3992/1497/1258 5300/1636/1319
f 5300/1636/1319 3992/1497/1258 210/1502/959 3988/1638/1251
f 4055/1637/1320 5300/1636/1319 3988/1638/1251 171/1639/1250
f 232/1640/1321 4056/1641/1322 5301/1642/1323 4059/1643/1324
f 4056/1641/1322 281/1644/1325 4057/1645/1326 5301/1642/1323
f 5301/1642/1323 4057/1645/1326 375/1646/1327 4058/1647/1328
f 4059/1643/1324 5301/1642/1323 4058/1647/1328 374/1648/1329
f 233/1649/1330 4060/1650/1331 5302/1651/1332 4062/1652/1330
f 4060/1650/1331 232/1640/1321 4059/1643/1324 5302/1651/1332
f 5302/1651/1332 4059/1643/1324 374/1648/1329 4061/1653/1333
f 4062/1652/1330 5302/1651/1332 4061/1653/1333 373/1654/1330
f 597/1655/950 4063/1656/950 5303/1657/953 4065/1658/1334
f 4063/1656/950 598/1659/950 4064/1660/1335 5303/1657/953
f 5303/1657/953 4064/1660/1335 233/1649/1330 4062/1652/1330
f 4065/1658/1334 5303/1657/953 4062/1652/1330 373/1654/1330
f 371/1661/919 4066/1662/919 5304/1663/1241 4069/1664/1241
f 4066/1662/919 235/1665/919 4067/1666/1241 5304/1663/1241
f 5304/1663/1241 4067/1666/1241 234/1667/1240 4068/1668/1240
f 4069/1664/1241 5304/1663/1241 4068/1668/1240 372/1669/1240
f 236/1670/1336 4070/1671/1337 5305/1672/1337 4072/1673/1336
f 4070/1671/1337 235/1665/919 4066/1662/919 5305/1672/1337
f 5305/1672/1337 4066/1662/919 371/1661/919 4071/1674/1337
f 4072/1673/1336 5305/1672/1337 4071/1674/1337 370/1675/1336
f 369/1676/907 4073/1677/907 5306/1678/907 4076/1679/907
f 4073/1677/907 237/1680/907 4074/1681/907 5306/1678/907
f 5306/1678/907 4074/1681/907 515/1682/907 4075/1683/907
f 4076/1679/907 5306/1678/907 4075/1683/907 516/1684/907
f 240/1685/907 4077/1686/907 5307/1687/907 4080/1688/907
f 4077/1686/907 411/1689/907 4078/1690/907 5307/1687/907
f 5307/1687/907 4078/1690/907 517/1691/907 4079/1692/907
f 4080/1688/907 5307/1687/907 4079/1692/907 518/1693/907
f 412/1694/1336 4081/1695/1337 5308/1696/1337 4084/1697/1336
f 4081/1695/1337 413/1698/919 4082/1699/919 5308/1696/1337
f 5308/1696/1337 4082/1699/919 242/1700/919 4083/1701/1337
f 4084/1697/1336 5308/1696/1337 4083/1701/1337 241/1702/1336
f 243/1703/1240 4085/1704/1241 5309/1705/1241 4087/1706/1240
f 4085/1704/1241 242/1700/919 4082/1699/919 5309/1705/1241
f 5309/1705/1241 4082/1699/919 413/1698/919 4086/1707/1241
f 4087/1706/1240 5309/1705/1241 4086/1707/1241 414/1708/1240
f 415/1709/1330 4088/1710/1338 5310/1711/1339 4091/1712/1330
f 4088/1710/1338 416/1713/1340 4089/1714/1341 5310/1711/1339
f 5310/1711/1339 4089/1714/1341 245/1715/1342 4090/1716/1343
f 4091/1712/1330 5310/1711/1339 4090/1716/1343 244/1717/958
f 416/1713/1340 4092/1718/1344 5311/1719/1345 4089/1714/1341
f 4092/1718/1344 417/1720/1346 4093/1721/1347 5311/1719/1345
f 5311/1719/1345 4093/1721/1347 282/1722/1348 4094/1723/1349
f 4089/1714/1341 5311/1719/1345 4094/1723/1349 245/1715/1342
f 275/1331/1138 4095/1724/1350 5312/1725/1351 4098/1726/1352
f 4095/1724/1350 276/1727/1353 4096/1728/1354 5312/1725/1351
f 5312/1725/1351 4096/1728/1354 251/1729/1355 4097/1730/1356
f 4098/1726/1352 5312/1725/1351 4097/1730/1356 200/1731/1357
f 274/1262/904 3922/1332/1139 5313/1732/1358 4100/1733/1359
f 3922/1332/1139 275/1331/1138 4098/1726/1352 5313/1732/1358
f 5313/1732/1358 4098/1726/1352 200/1731/1357 4099/1734/1360
f 4100/1733/1359 5313/1732/1358 4099/1734/1360 186/1735/1113
f 186/1735/1113 3905/1736/1112 5314/1737/1361 4100/1733/1359
f 3905/1736/1112 563/1738/1111 4101/1739/1362 5314/1737/1361
f 5314/1737/1361 4101/1739/1362 564/1257/900 3890/1260/903
f 4100/1733/1359 5314/1737/1361 3890/1260/903 274/1262/904
f 272/1606/900 4039/1605/900 5315/1740/1362 4103/1741/1362
f 4039/1605/900 273/1604/900 4102/1742/1362 5315/1740/1362
f 5315/1740/1362 4102/1742/1362 227/1743/1306 4033/1744/1303
f 4103/1741/1362 5315/1740/1362 4033/1744/1303 205/1745/1302
f 499/1453/900 4104/1746/1362 5316/1747/1363 3971/1451/1220
f 4104/1746/1362 500/1748/1223 3972/1749/1221 5316/1747/1363
f 5316/1747/1363 3972/1749/1221 188/1750/1202 4105/1751/1364
f 3971/1451/1220 5316/1747/1363 4105/1751/1364 271/1320/972
f 188/1750/1202 3961/1752/1204 5317/1753/1365 4105/1751/1364
f 3961/1752/1204 201/1754/1208 4106/1755/1366 5317/1753/1365
f 5317/1753/1365 4106/1755/1366 270/1322/1129 3916/1321/1128
f 4105/1751/1364 5317/1753/1365 3916/1321/1128 271/1320/972
f 201/1754/1208 3964/1756/1210 5318/1757/1367 4106/1755/1366
f 3964/1756/1210 284/1758/1214 4107/1759/1368 5318/1757/1367
f 5318/1757/1367 4107/1759/1368 285/1360/1167 3935/1359/1166
f 4106/1755/1366 5318/1757/1367 3935/1359/1166 270/1322/1129
f 533/1760/417 4108/1761/1369 5319/1762/1370 3532/1763/415
f 4108/1761/1369 534/1198/1049 3861/1197/1048 5319/1762/1370
f 5319/1762/1370 3861/1197/1048 246/1196/1005 4109/1764/1371
f 3532/1763/415 5319/1762/1370 4109/1764/1371 55/1765/412
f 30/1766/116 4110/1767/1372 5320/1768/1373 3390/1769/117
f 4110/1767/1372 248/1150/1010 4111/1770/1374 5320/1768/1373
f 5320/1768/1373 4111/1770/1374 264/1771/1375 4112/1772/1376
f 3390/1769/117 5320/1768/1373 4112/1772/1376 265/1773/120
f 86/1774/334 4113/1775/1377 5321/1776/1378 3489/1777/335
f 4113/1775/1377 249/1152/1012 3841/1151/1011 5321/1776/1378
f 5321/1776/1378 3841/1151/1011 248/1150/1010 4110/1767/1372
f 3489/1777/335 5321/1776/1378 4110/1767/1372 30/1766/116
f 86/1774/334 3574/1778/501 5322/1779/1379 4113/1775/1377
f 3574/1778/501 58/1780/500 4114/1781/1380 5322/1779/1379
f 5322/1779/1379 4114/1781/1380 250/1348/1155 3929/1347/1154
f 4113/1775/1377 5322/1779/1379 3929/1347/1154 249/1152/1012
f 251/1729/1355 4096/1728/1354 5323/1782/1381 4116/1783/1382
f 4096/1728/1354 276/1727/1353 4115/1784/1383 5323/1782/1381
f 5323/1782/1381 4115/1784/1383 277/1785/125 3397/1786/128
f 4116/1783/1382 5323/1782/1381 3397/1786/128 57/1787/133
f 252/1369/1148 3939/1368/1173 5324/1788/1384 4118/1789/1385
f 3939/1368/1173 547/1367/1172 4117/1790/1386 5324/1788/1384
f 5324/1788/1384 4117/1790/1386 548/1791/418 3535/1792/421
f 4118/1789/1385 5324/1788/1384 3535/1792/421 59/1793/423
f 326/1794/786 4119/1795/1387 5325/1796/1388 3723/1797/787
f 4119/1795/1387 327/1343/1150 3927/1342/1149 5325/1796/1388
f 5325/1796/1388 3927/1342/1149 252/1341/1148 4118/1798/1385
f 3723/1797/787 5325/1796/1388 4118/1798/1385 59/1799/423
f 409/1800/781 4120/1801/1389 5326/1802/1390 3720/1803/782
f 4120/1801/1389 410/1804/1391 4121/1805/1392 5326/1802/1390
f 5326/1802/1390 4121/1805/1392 253/1806/1393 4122/1807/1394
f 3720/1803/782 5326/1802/1390 4122/1807/1394 60/1808/783
f 56/1809/774 4123/1810/1395 5327/1811/1396 3717/1812/775
f 4123/1810/1395 254/1813/1397 4124/1814/1398 5327/1811/1396
f 5327/1811/1396 4124/1814/1398 368/1815/1399 4125/1816/1400
f 3717/1812/775 5327/1811/1396 4125/1816/1400 367/1817/776
f 246/1145/1005 3838/1144/1004 5328/1818/1401 4109/1819/1371
f 3838/1144/1004 308/1143/1003 4126/1820/1402 5328/1818/1401
f 5328/1818/1401 4126/1820/1402 309/1821/770 3714/1822/768
f 4109/1819/1371 5328/1818/1401 3714/1822/768 55/1823/412
f 255/685/604 4127/1824/1403 5329/1825/1404 3628/686/605
f 4127/1824/1403 32/692/611 3630/689/608 5329/1825/1404
f 5329/1825/1404 3630/689/608 108/688/607 4128/1826/1405
f 3628/686/605 5329/1825/1404 4128/1826/1405 256/687/606
f 257/800/711 3681/799/710 5330/1827/1406 4129/1828/1407
f 3681/799/710 256/687/606 4128/1826/1405 5330/1827/1406
f 5330/1827/1406 4128/1826/1405 108/688/607 3697/844/738
f 4129/1828/1407 5330/1827/1406 3697/844/738 91/843/674
f 174/1829/985 4130/1830/1408 5331/1831/1409 3843/1832/1013
f 4130/1830/1408 258/1108/968 3850/1170/1030 5331/1831/1409
f 5331/1831/1409 3850/1170/1030 289/1169/1029 4131/1833/1410
f 3843/1832/1013 5331/1831/1409 4131/1833/1410 279/1834/1015
f 161/1835/944 4132/1836/1411 5332/1837/1412 3828/1838/983
f 4132/1836/1411 259/1112/972 3821/1109/969 5332/1837/1412
f 5332/1837/1412 3821/1109/969 258/1108/968 4130/1830/1408
f 3828/1838/983 5332/1837/1412 4130/1830/1408 174/1829/985
f 496/1839/1060 4133/1840/1413 5333/1841/1414 3873/1842/1061
f 4133/1840/1413 497/1217/900 3868/1216/1057 5333/1841/1414
f 5333/1841/1414 3868/1216/1057 259/1112/972 4132/1836/1411
f 3873/1842/1061 5333/1841/1414 4132/1836/1411 161/1835/944
f 229/1843/1308 4134/1844/1413 5334/1845/1413 4044/1846/1309
f 4134/1844/1413 261/1611/900 4041/1608/900 5334/1845/1413
f 5334/1845/1413 4041/1608/900 260/1607/900 4135/1847/1413
f 4044/1846/1309 5334/1845/1413 4135/1847/1413 178/1848/1312
f 159/1849/937 4136/1850/1415 5335/1851/1416 3805/1852/938
f 4136/1850/1415 262/1024/904 3784/1023/903 5335/1851/1416
f 5335/1851/1416 3784/1023/903 566/1022/900 4137/1853/1413
f 3805/1852/938 5335/1851/1416 4137/1853/1413 567/1854/941
f 263/1131/991 3831/1129/989 5336/1855/1417 4139/1856/1418
f 3831/1129/989 262/1024/904 4136/1850/1415 5336/1855/1417
f 5336/1855/1417 4136/1850/1415 159/1849/937 4138/1857/1419
f 4139/1856/1418 5336/1855/1417 4138/1857/1419 173/1858/1420
f 247/1859/1421 4140/1860/1422 5337/1861/1423 4142/1862/1424
f 4140/1860/1422 264/1771/1375 4141/1863/1425 5337/1861/1423
f 5337/1861/1423 4141/1863/1425 263/1131/991 4139/1856/1418
f 4142/1862/1424 5337/1861/1423 4139/1856/1418 173/1858/1420
f 265/1773/120 4112/1772/1376 5338/1864/1426 4144/1865/1427
f 4112/1772/1376 264/1771/1375 4140/1860/1422 5338/1864/1426
f 5338/1864/1426 4140/1860/1422 247/1859/1421 4143/1866/1428
f 4144/1865/1427 5338/1864/1426 4143/1866/1428 29/1867/345
f 266/124/122 3391/123/121 5339/1868/1429 4145/1869/1430
f 3391/123/121 265/122/120 4144/1870/1427 5339/1868/1429
f 5339/1868/1429 4144/1870/1427 29/361/345 3497/364/348
f 4145/1869/1430 5339/1868/1429 3497/364/348 117/369/350
f 255/685/604 3698/851/742 5340/1871/1431 4127/1824/1403
f 3698/851/742 266/124/122 4145/1869/1430 5340/1871/1431
f 5340/1871/1431 4145/1869/1430 117/369/350 3710/873/762
f 4127/1824/1403 5340/1871/1431 3710/873/762 32/692/611
f 267/661/583 4146/1872/1432 5341/1873/1433 3618/662/584
f 4146/1872/1432 33/664/586 3623/667/589 5341/1873/1433
f 5341/1873/1433 3623/667/589 111/672/594 4147/1874/1434
f 3618/662/584 5341/1873/1433 4147/1874/1434 268/663/585
f 269/816/725 3688/815/724 5342/1875/1435 4148/1876/1436
f 3688/815/724 268/663/585 4147/1874/1434 5342/1875/1435
f 5342/1875/1435 4147/1874/1434 111/672/594 3687/808/719
f 4148/1876/1436 5342/1875/1435 3687/808/719 88/812/721
f 277/1785/125 4115/1784/1383 5343/1877/1437 4150/1878/1438
f 4115/1784/1383 276/1727/1353 4149/1879/1439 5343/1877/1437
f 5343/1877/1437 4149/1879/1439 250/1348/1155 4114/1781/1380
f 4150/1878/1438 5343/1877/1437 4114/1781/1380 58/1780/500
f 120/559/505 4151/1880/1440 5344/1881/1441 3576/554/503
f 4151/1880/1440 278/131/129 3394/128/126 5344/1881/1441
f 5344/1881/1441 3394/128/126 277/127/125 4150/1882/1438
f 3576/554/503 5344/1881/1441 4150/1882/1438 58/551/500
f 33/664/586 4146/1872/1432 5345/1883/1442 3701/855/746
f 4146/1872/1432 267/661/583 3702/857/747 5345/1883/1442
f 5345/1883/1442 3702/857/747 278/131/129 4151/1880/1440
f 3701/855/746 5345/1883/1442 4151/1880/1440 120/559/505
f 507/967/849 4152/1884/1443 5346/1885/1444 3759/968/850
f 4152/1884/1443 508/1157/1017 3844/1156/1016 5346/1885/1444
f 5346/1885/1444 3844/1156/1016 279/1155/1015 4153/1886/1445
f 3759/968/850 5346/1885/1444 4153/1886/1445 91/763/674
f 292/1887/104 4154/1888/1446 5347/1889/1447 3384/1890/105
f 4154/1888/1446 293/1163/1023 3847/1162/1022 5347/1889/1447
f 5347/1889/1447 3847/1162/1022 280/1161/1021 4155/1891/1448
f 3384/1890/105 5347/1889/1447 4155/1891/1448 153/1892/106
f 281/1644/1325 4156/1893/1449 5348/1894/1450 4057/1645/1326
f 4156/1893/1449 152/1895/315 4157/1896/1451 5348/1894/1450
f 5348/1894/1450 4157/1896/1451 376/1897/1452 4158/1898/1453
f 4057/1645/1326 5348/1894/1450 4158/1898/1453 375/1646/1327
f 282/1722/1348 4093/1721/1347 5349/1899/1454 4160/1900/1455
f 4093/1721/1347 417/1720/1346 4159/1901/1456 5349/1899/1454
f 5349/1899/1454 4159/1901/1456 418/1902/493 3573/1903/496
f 4160/1900/1455 5349/1899/1454 3573/1903/496 151/1904/499
f 283/1353/1160 3932/1352/1159 5350/1905/1457 4162/1906/1458
f 3932/1352/1159 342/1351/1158 4161/1907/1459 5350/1905/1457
f 5350/1905/1457 4161/1907/1459 343/1908/80 3377/1909/83
f 4162/1906/1458 5350/1905/1457 3377/1909/83 150/1910/88
f 284/1435/1214 3963/1434/1213 5351/1911/1460 4164/1912/1461
f 3963/1434/1213 525/1433/1212 4163/1913/1462 5351/1911/1460
f 5351/1911/1460 4163/1913/1462 526/989/871 3769/987/869
f 4164/1912/1461 5351/1911/1460 3769/987/869 87/793/704
f 285/1360/1167 4107/1759/1368 5352/1914/1463 4165/1915/1464
f 4107/1759/1368 284/1758/1214 4164/1916/1461 5352/1914/1463
f 5352/1914/1463 4164/1916/1461 87/1917/704 3689/1918/726
f 4165/1915/1464 5352/1914/1463 3689/1918/726 269/1919/725
f 286/1355/1162 3936/1358/1165 5353/1920/1465 4166/1921/1466
f 3936/1358/1165 285/1360/1167 4165/1915/1464 5353/1920/1465
f 5353/1920/1465 4165/1915/1464 269/1919/725 4148/1922/1436
f 4166/1921/1466 5353/1920/1465 4148/1922/1436 88/1923/721
f 287/1172/1032 3934/1356/1163 5354/1924/1467 4167/1925/1468
f 3934/1356/1163 286/1355/1162 4166/1921/1466 5354/1924/1467
f 5354/1924/1467 4166/1921/1466 88/1923/721 3686/1926/720
f 4167/1925/1468 5354/1924/1467 3686/1926/720 89/1927/717
f 90/1928/713 4168/1929/1469 5355/1930/1470 3684/1931/716
f 4168/1929/1469 288/1165/1025 3852/1168/1028 5355/1930/1470
f 5355/1930/1470 3852/1168/1028 287/1172/1032 4167/1925/1468
f 3684/1931/716 5355/1930/1470 4167/1925/1468 89/1927/717
f 257/1932/711 4169/1933/1471 5356/1934/1472 3682/1935/712
f 4169/1933/1471 289/1169/1029 3849/1166/1026 5356/1934/1472
f 5356/1934/1472 3849/1166/1026 288/1165/1025 4168/1929/1469
f 3682/1935/712 5356/1934/1472 4168/1929/1469 90/1928/713
f 279/1834/1015 4131/1833/1410 5357/1936/1473 4153/1937/1445
f 4131/1833/1410 289/1169/1029 4169/1933/1471 5357/1936/1473
f 5357/1936/1473 4169/1933/1471 257/1932/711 4129/1938/1407
f 4153/1937/1445 5357/1936/1473 4129/1938/1407 91/1939/674
f 417/1720/1346 4170/1940/1474 5358/1941/1475 4159/1901/1456
f 4170/1940/1474 375/1646/1327 4158/1898/1453 5358/1941/1475
f 5358/1941/1475 4158/1898/1453 376/1897/1452 4171/1942/1476
f 4159/1901/1456 5358/1941/1475 4171/1942/1476 418/1902/493
f 374/1648/1329 4058/1647/1328 5359/1943/1477 4172/1944/1478
f 4058/1647/1328 375/1646/1327 4170/1940/1474 5359/1943/1477
f 5359/1943/1477 4170/1940/1474 417/1720/1346 4092/1718/1344
f 4172/1944/1478 5359/1943/1477 4092/1718/1344 416/1713/1340
f 373/1654/1330 4061/1653/1333 5360/1945/1479 4173/1946/1330
f 4061/1653/1333 374/1648/1329 4172/1944/1478 5360/1945/1479
f 5360/1945/1479 4172/1944/1478 416/1713/1340 4088/1710/1338
f 4173/1946/1330 5360/1945/1479 4088/1710/1338 415/1709/1330
f 596/1947/950 4174/1948/950 5361/1949/953 4175/1950/953
f 4174/1948/950 597/1655/950 4065/1658/1334 5361/1949/953
f 5361/1949/953 4065/1658/1334 373/1654/1330 4173/1946/1330
f 4175/1950/953 5361/1949/953 4173/1946/1330 415/1709/1330
f 413/1698/919 4176/1951/919 5362/1952/1241 4086/1707/1241
f 4176/1951/919 371/1661/919 4069/1664/1241 5362/1952/1241
f 5362/1952/1241 4069/1664/1241 372/1669/1240 4177/1953/1240
f 4086/1707/1241 5362/1952/1241 4177/1953/1240 414/1708/1240
f 370/1675/1336 4071/1674/1337 5363/1954/1480 4178/1955/1481
f 4071/1674/1337 371/1661/919 4176/1951/919 5363/1954/1480
f 5363/1954/1480 4176/1951/919 413/1698/919 4081/1695/1337
f 4178/1955/1481 5363/1954/1480 4081/1695/1337 412/1694/1336
f 411/1689/907 4179/1956/907 5364/1957/907 4078/1690/907
f 4179/1956/907 369/1676/907 4076/1679/907 5364/1957/907
f 5364/1957/907 4076/1679/907 516/1684/907 4180/1958/907
f 4078/1690/907 5364/1957/907 4180/1958/907 517/1691/907
f 367/1817/776 4125/1816/1400 5365/1959/1482 4182/1960/1483
f 4125/1816/1400 368/1815/1399 4181/1961/1484 5365/1959/1482
f 5365/1959/1482 4181/1961/1484 410/1804/1391 4120/1801/1389
f 4182/1960/1483 5365/1959/1482 4120/1801/1389 409/1800/781
f 408/1962/512 4183/1963/1485 5366/1964/1486 3719/1965/780
f 4183/1963/1485 366/487/439 3718/890/777 5366/1964/1486
f 5366/1964/1486 3718/890/777 367/889/776 4182/1966/1483
f 3719/1965/780 5366/1964/1486 4182/1966/1483 409/1967/781
f 407/1968/510 4184/1969/1487 5367/1970/1488 3578/1971/511
f 4184/1969/1487 365/489/441 3543/488/440 5367/1970/1488
f 5367/1970/1488 3543/488/440 366/487/439 4183/1963/1485
f 3578/1971/511 5367/1970/1488 4183/1963/1485 408/1962/512
f 406/1972/521 4185/1973/1489 5368/1974/1490 3733/1975/805
f 4185/1973/1489 364/424/391 3732/916/802 5368/1974/1490
f 5368/1974/1490 3732/916/802 365/489/441 4184/1969/1487
f 3733/1975/805 5368/1974/1490 4184/1969/1487 407/1968/510
f 405/1976/519 4186/1977/1491 5369/1978/1492 3582/1979/520
f 4186/1977/1491 363/426/393 3518/425/392 5369/1978/1492
f 5369/1978/1492 3518/425/392 364/424/391 4185/1973/1489
f 3582/1979/520 5369/1978/1492 4185/1973/1489 406/1972/521
f 404/1980/530 4187/1981/1493 5370/1982/1494 3749/1983/833
f 4187/1981/1493 362/415/382 3748/947/830 5370/1982/1494
f 5370/1982/1494 3748/947/830 363/426/393 4186/1977/1491
f 3749/1983/833 5370/1982/1494 4186/1977/1491 405/1976/519
f 403/1984/528 4188/1985/1495 5371/1986/1496 3586/1987/529
f 4188/1985/1495 361/417/384 3514/416/383 5371/1986/1496
f 5371/1986/1496 3514/416/383 362/415/382 4187/1981/1493
f 3586/1987/529 5371/1986/1496 4187/1981/1493 404/1980/530
f 360/406/373 3654/743/655 5372/1988/1497 4189/1989/1498
f 3654/743/655 361/417/384 4188/1985/1495 5372/1988/1497
f 5372/1988/1497 4188/1985/1495 403/1984/528 3655/1990/656
f 4189/1989/1498 5372/1988/1497 3655/1990/656 402/1991/537
f 359/408/375 3510/407/374 5373/1992/1499 4190/1993/1500
f 3510/407/374 360/406/373 4189/1989/1498 5373/1992/1499
f 5373/1992/1499 4189/1989/1498 402/1991/537 3589/1994/534
f 4190/1993/1500 5373/1992/1499 3589/1994/534 401/1995/533
f 419/1996/1501 4191/1997/1502 5374/1998/1503 4193/1999/1504
f 4191/1997/1502 420/645/571 3613/648/574 5374/1998/1503
f 5374/1998/1503 3613/648/574 446/650/70 4192/2000/1505
f 4193/1999/1504 5374/1998/1503 4192/2000/1505 447/2001/1506
f 439/654/70 4194/2002/1507 5375/2003/1508 3615/652/576
f 26/322/317 4195/2004/1509 5375/2003/1508 4194/2002/1507
f 291/104/102 3615/652/576 5375/2003/1508 4195/2004/1509
f 292/106/104 3383/105/103 5376/2005/1510 4196/2006/1511
f 3383/105/103 291/104/102 4195/2004/1509 5376/2005/1510
f 5376/2005/1510 4195/2004/1509 26/322/317 3478/321/316
f 4196/2006/1511 5376/2005/1510 3478/321/316 152/320/315
f 281/1644/1325 4197/2007/1512 5377/2008/1513 4156/1893/1449
f 4197/2007/1512 293/1163/1023 4154/1888/1446 5377/2008/1513
f 5377/2008/1513 4154/1888/1446 292/1887/104 4196/2009/1511
f 4156/1893/1449 5377/2008/1513 4196/2009/1511 152/1895/315
f 294/1121/981 3848/1164/1024 5378/2010/1514 4198/2011/1515
f 3848/1164/1024 293/1163/1023 4197/2007/1512 5378/2010/1514
f 5378/2010/1514 4197/2007/1512 281/1644/1325 4056/1641/1322
f 4198/2011/1515 5378/2010/1514 4056/1641/1322 232/1640/1321
f 295/1098/958 3827/1122/982 5379/2012/1516 4199/2013/958
f 3827/1122/982 294/1121/981 4198/2011/1515 5379/2012/1516
f 5379/2012/1516 4198/2011/1515 232/1640/1321 4060/1650/1331
f 4199/2013/958 5379/2012/1516 4060/1650/1331 233/1649/1330
f 598/1659/950 4200/2014/950 5380/2015/1335 4064/1660/1335
f 4200/2014/950 599/1090/950 3816/1093/953 5380/2015/1335
f 5380/2015/1335 3816/1093/953 295/1098/958 4199/2013/958
f 4064/1660/1335 5380/2015/1335 4199/2013/958 233/1649/1330
f 234/1667/1240 4067/1666/1241 5381/2016/1241 4202/2017/1240
f 4067/1666/1241 235/1665/919 4201/2018/919 5381/2016/1241
f 5381/2016/1241 4201/2018/919 297/1045/919 3983/1477/1241
f 4202/2017/1240 5381/2016/1241 3983/1477/1241 296/1476/1240
f 235/1665/919 4070/1671/1337 5382/2019/1480 4201/2018/919
f 4070/1671/1337 236/1670/1336 4203/2020/1517 5382/2019/1480
f 5382/2019/1480 4203/2020/1517 298/1049/923 3795/1046/920
f 4201/2018/919 5382/2019/1480 3795/1046/920 297/1045/919
f 299/1071/907 3803/1070/907 5383/2021/907 4205/2022/907
f 3803/1070/907 514/1069/907 4204/2023/907 5383/2021/907
f 5383/2021/907 4204/2023/907 515/1682/907 4074/1681/907
f 4205/2022/907 5383/2021/907 4074/1681/907 237/1680/907
f 309/1821/770 4126/1820/1402 5384/2024/1518 4207/2025/1519
f 4126/1820/1402 308/1143/1003 4206/2026/1520 5384/2024/1518
f 5384/2024/1518 4206/2026/1520 254/1813/1397 4123/1810/1395
f 4207/2025/1519 5384/2024/1518 4123/1810/1395 56/1809/774
f 310/248/243 3715/884/771 5385/2027/1521 4208/2028/1522
f 3715/884/771 309/883/770 4207/2029/1519 5385/2027/1521
f 5385/2027/1521 4207/2029/1519 56/887/774 3716/885/772
f 4208/2028/1522 5385/2027/1521 3716/885/772 129/485/437
f 311/250/245 3446/249/244 5386/2030/1523 4209/2031/1524
f 3446/249/244 310/248/243 4208/2028/1522 5386/2030/1523
f 5386/2030/1523 4208/2028/1522 129/485/437 3541/482/434
f 4209/2031/1524 5386/2030/1523 3541/482/434 67/481/433
f 135/422/389 4210/2032/1525 5387/2033/1526 3731/914/800
f 4210/2032/1525 312/172/170 3729/911/797 5387/2033/1526
f 5387/2033/1526 3729/911/797 311/250/245 4209/2031/1524
f 3731/914/800 5387/2033/1526 4209/2031/1524 67/481/433
f 43/418/385 4211/2034/1527 5388/2035/1528 3516/419/386
f 4211/2034/1527 313/176/174 3414/173/171 5388/2035/1528
f 5388/2035/1528 3414/173/171 312/172/170 4210/2032/1525
f 3516/419/386 5388/2035/1528 4210/2032/1525 135/422/389
f 314/185/183 3746/944/827 5389/2036/1529 4212/2037/1530
f 3746/944/827 313/176/174 4211/2034/1527 5389/2036/1529
f 5389/2036/1529 4211/2034/1527 43/418/385 3747/945/828
f 4212/2037/1530 5389/2036/1529 3747/945/828 145/413/380
f 315/187/185 3419/186/184 5390/2038/1531 4213/2039/1532
f 3419/186/184 314/185/183 4212/2037/1530 5390/2038/1531
f 5390/2038/1531 4212/2037/1530 145/413/380 3512/410/377
f 4213/2039/1532 5390/2038/1531 3512/410/377 46/409/376
f 315/187/185 4213/2039/1532 5391/2040/1533 3652/740/652
f 4213/2039/1532 46/409/376 3653/741/653 5391/2040/1533
f 5391/2040/1533 3653/741/653 99/404/371 4214/2041/1534
f 3652/740/652 5391/2040/1533 4214/2041/1534 316/194/192
f 317/196/194 3423/195/193 5392/2042/1535 4215/2043/1536
f 3423/195/193 316/194/192 4214/2041/1534 5392/2042/1535
f 5392/2042/1535 4214/2041/1534 99/404/371 3508/401/368
f 4215/2043/1536 5392/2042/1535 3508/401/368 79/400/367
f 317/626/194 4215/2044/1536 5393/2045/1537 3602/627/559
f 4215/2044/1536 79/2046/367 3511/2047/370 5393/2045/1537
f 5393/2045/1537 3511/2047/370 359/2048/375 4216/2049/1538
f 3602/627/559 5393/2045/1537 4216/2049/1538 358/628/560
f 318/634/306 3605/633/564 5394/2050/1539 4218/2051/1540
f 3605/633/564 400/632/563 4217/2052/1541 5394/2050/1539
f 5394/2050/1539 4217/2052/1541 401/2053/533 3592/2054/536
f 4218/2051/1540 5394/2050/1539 3592/2054/536 76/2055/541
f 319/313/308 3474/312/307 5395/2056/1542 4219/2057/1543
f 3474/312/307 318/311/306 4218/2058/1540 5395/2056/1542
f 5395/2056/1542 4218/2058/1540 76/595/541 3591/594/540
f 4219/2057/1543 5395/2056/1542 3591/594/540 100/593/539
f 100/593/539 3656/746/658 5396/2059/1544 4219/2057/1543
f 3656/746/658 78/578/524 4220/2060/1545 5396/2059/1544
f 5396/2059/1544 4220/2060/1545 320/289/284 3657/747/659
f 4219/2057/1543 5396/2059/1544 3657/747/659 319/313/308
f 146/586/532 4221/2061/1546 5397/2062/1547 3588/581/527
f 4221/2061/1546 321/293/288 3465/290/285 5397/2062/1547
f 5397/2062/1547 3465/290/285 320/289/284 4220/2060/1545
f 3588/581/527 5397/2062/1547 4220/2060/1545 78/578/524
f 69/569/515 4222/2063/1548 5398/2064/1549 3750/949/832
f 4222/2063/1548 322/302/297 3751/951/834 5398/2064/1549
f 5398/2064/1549 3751/951/834 321/293/288 4221/2061/1546
f 3750/949/832 5398/2064/1549 4221/2061/1546 146/586/532
f 323/304/299 3470/303/298 5399/2065/1550 4223/2066/1551
f 3470/303/298 322/302/297 4222/2063/1548 5399/2065/1550
f 5399/2065/1550 4222/2063/1548 69/569/515 3584/572/518
f 4223/2066/1551 5399/2065/1550 3584/572/518 136/577/523
f 324/253/248 3735/922/808 5400/2067/1552 4224/2068/1553
f 3735/922/808 323/304/299 4223/2066/1551 5400/2067/1552
f 5400/2067/1552 4223/2066/1551 136/577/523 3734/918/804
f 4224/2068/1553 5400/2067/1552 3734/918/804 72/560/506
f 130/568/514 4225/2069/1554 5401/2070/1555 3580/563/509
f 4225/2069/1554 325/257/252 3449/254/249 5401/2070/1555
f 5401/2070/1555 3449/254/249 324/253/248 4224/2068/1553
f 3580/563/509 5401/2070/1555 4224/2068/1553 72/560/506
f 60/896/783 4226/2071/1556 5402/2072/1557 3721/892/779
f 4226/2071/1556 326/899/786 3722/897/784 5402/2072/1557
f 5402/2072/1557 3722/897/784 325/257/252 4225/2069/1554
f 3721/892/779 5402/2072/1557 4225/2069/1554 130/568/514
f 253/1806/1393 4227/2073/1558 5403/2074/1559 4122/1807/1394
f 4227/2073/1558 327/1343/1150 4119/1795/1387 5403/2074/1559
f 5403/2074/1559 4119/1795/1387 326/1794/786 4226/2075/1556
f 4122/1807/1394 5403/2074/1559 4226/2075/1556 60/1808/783
f 307/1140/1000 4228/2076/1560 5404/2077/1561 3837/1141/1001
f 4228/2076/1560 368/1815/1399 4124/1814/1398 5404/2077/1561
f 5404/2077/1561 4124/1814/1398 254/1813/1397 4206/2026/1520
f 3837/1141/1001 5404/2077/1561 4206/2026/1520 308/1143/1003
f 329/1252/897 3925/1338/1145 5405/2078/1562 4230/2079/1563
f 3925/1338/1145 328/1337/1144 4229/2080/1564 5405/2078/1562
f 5405/2078/1562 4229/2080/1564 307/1140/1000 3835/1139/999
f 4230/2079/1563 5405/2078/1562 3835/1139/999 306/1015/897
f 581/1013/895 4231/2081/895 5406/2082/1565 3780/1014/896
f 4231/2081/895 582/1254/895 3885/1253/1087 5406/2082/1565
f 5406/2082/1565 3885/1253/1087 329/1252/897 4230/2079/1563
f 3780/1014/896 5406/2082/1565 4230/2079/1563 306/1015/897
f 305/1493/1255 3989/1492/1254 5407/2083/1254 4233/2084/1255
f 3989/1492/1254 304/1107/967 4232/2085/967 5407/2083/1254
f 5407/2083/1254 4232/2085/967 331/1308/967 4006/1526/1254
f 4233/2084/1255 5407/2083/1254 4006/1526/1254 330/1530/1282
f 332/1312/965 3911/1309/966 5408/2086/1566 4234/2087/1567
f 3911/1309/966 331/1308/967 4232/2085/967 5408/2086/1566
f 5408/2086/1566 4232/2085/967 304/1107/967 3819/1106/966
f 4234/2087/1567 5408/2086/1566 3819/1106/966 303/1105/965
f 540/1177/907 4235/2088/907 5409/2089/1037 3855/1178/1037
f 4235/2088/907 541/1391/907 3948/1394/1037 5409/2089/1037
f 5409/2089/1037 3948/1394/1037 332/1312/965 4234/2087/1567
f 3855/1178/1037 5409/2089/1037 4234/2087/1567 303/1105/965
f 518/1693/907 4236/2090/907 5410/2091/907 4080/1688/907
f 4236/2090/907 519/1397/907 3952/1400/907 5410/2091/907
f 5410/2091/907 3952/1400/907 336/1405/907 4237/2092/907
f 4080/1688/907 5410/2091/907 4237/2092/907 240/1685/907
f 338/1289/919 3901/1288/920 5411/2093/1480 4239/2094/919
f 3901/1288/920 337/1287/923 4238/2095/1517 5411/2093/1480
f 5411/2093/1480 4238/2095/1517 241/1702/1336 4083/1701/1337
f 4239/2094/919 5411/2093/1480 4083/1701/1337 242/1700/919
f 338/1289/919 4239/2094/919 5412/2096/1241 4002/1523/1241
f 4239/2094/919 242/1700/919 4085/1704/1241 5412/2096/1241
f 5412/2096/1241 4085/1704/1241 243/1703/1240 4240/2097/1240
f 4002/1523/1241 5412/2096/1241 4240/2097/1240 339/1524/1240
f 244/1717/958 4241/2098/1330 5413/2099/953 4243/2100/1334
f 4241/2098/1330 340/1305/958 3908/1304/953 5413/2099/953
f 5413/2099/953 3908/1304/953 594/1303/950 4242/2101/950
f 4243/2100/1334 5413/2099/953 4242/2101/950 595/2102/950
f 341/1328/1135 3919/1327/1134 5414/2103/1568 4244/2104/1569
f 3919/1327/1134 340/1305/958 4241/2098/1330 5414/2103/1568
f 5414/2103/1568 4241/2098/1330 244/1717/958 4090/1716/1343
f 4244/2104/1569 5414/2103/1568 4090/1716/1343 245/1715/1342
f 245/1715/1342 4094/1723/1349 5415/2105/1570 4244/2104/1569
f 4094/1723/1349 282/1722/1348 4245/2106/1571 5415/2105/1570
f 5415/2105/1570 4245/2106/1571 342/1351/1158 3931/1349/1156
f 4244/2104/1569 5415/2105/1570 3931/1349/1156 341/1328/1135
f 343/1908/80 4161/1907/1459 5416/2107/1572 4246/2108/1573
f 4161/1907/1459 342/1351/1158 4245/2106/1571 5416/2107/1572
f 5416/2107/1572 4245/2106/1571 282/1722/1348 4160/1900/1455
f 4246/2108/1573 5416/2107/1572 4160/1900/1455 151/1904/499
f 21/2109/1574 4247/2110/1575 5417/2111/1576 4248/2112/1577
f 4247/2110/1575 290/86/84 3374/83/81 5417/2111/1576
f 5417/2111/1576 3374/83/81 343/82/80 4246/2113/1573
f 4248/2112/1577 5417/2111/1576 4246/2113/1573 151/550/499
f 345/513/462 4249/2114/1578 5418/2115/1579 3708/869/758
f 4249/2114/1578 387/355/339 3706/865/754 5418/2115/1579
f 5418/2115/1579 3706/865/754 386/716/632 4250/2116/1580
f 3708/869/758 5418/2115/1579 4250/2116/1580 344/709/625
f 388/359/343 3492/356/340 5419/2117/1581 4251/2118/1582
f 3492/356/340 387/355/339 4249/2114/1578 5419/2117/1581
f 5419/2117/1581 4249/2114/1578 345/513/462 3554/512/461
f 4251/2118/1582 5419/2117/1581 3554/512/461 346/511/460
f 389/473/428 3537/472/427 5420/2119/1583 4253/2120/1584
f 3537/472/427 551/471/426 4252/2121/1585 5420/2119/1583
f 5420/2119/1583 4252/2121/1585 552/514/463 3558/517/466
f 4253/2120/1584 5420/2119/1583 3558/517/466 347/519/468
f 348/525/474 4254/2122/1586 5421/2123/1587 3728/910/796
f 4254/2122/1586 390/496/445 3727/908/794 5421/2123/1587
f 5421/2123/1587 3727/908/794 389/473/428 4253/2120/1584
f 3728/910/796 5421/2123/1587 4253/2120/1584 347/519/468
f 349/523/472 4255/2124/1588 5422/2125/1589 3560/524/473
f 4255/2124/1588 391/500/449 3547/497/446 5422/2125/1589
f 5422/2125/1589 3547/497/446 390/496/445 4254/2122/1586
f 3560/524/473 5422/2125/1589 4254/2122/1586 348/525/474
f 350/531/480 4256/2126/1590 5423/2127/1591 3741/932/817
f 4256/2126/1590 392/439/400 3739/928/813 5423/2127/1591
f 5423/2127/1591 3739/928/813 391/500/449 4255/2124/1588
f 3741/932/817 5423/2127/1591 4255/2124/1588 349/523/472
f 393/443/404 3524/440/401 5424/2128/1592 4257/2129/1593
f 3524/440/401 392/439/400 4256/2126/1590 5424/2128/1592
f 5424/2128/1592 4256/2126/1590 350/531/480 3563/530/479
f 4257/2129/1593 5424/2128/1592 3563/530/479 351/529/478
f 352/537/486 4258/2130/1594 5425/2131/1595 3756/962/844
f 4258/2130/1594 394/445/406 3755/960/842 5425/2131/1595
f 5425/2131/1595 3755/960/842 393/443/404 4257/2129/1593
f 3756/962/844 5425/2131/1595 4257/2129/1593 351/529/478
f 353/535/484 4259/2132/1596 5426/2133/1597 3566/536/485
f 4259/2132/1596 395/449/410 3527/446/407 5426/2133/1597
f 5426/2133/1597 3527/446/407 394/445/406 4258/2130/1594
f 3566/536/485 5426/2133/1597 4258/2130/1594 352/537/486
f 395/449/410 4259/2132/1596 5427/2134/1598 3661/756/667
f 4259/2132/1596 353/535/484 3662/758/669 5427/2134/1598
f 5427/2134/1598 3662/758/669 354/543/492 4260/2135/1599
f 3661/756/667 5427/2134/1598 4260/2135/1599 396/394/363
f 355/541/490 4261/2136/1600 5428/2137/1601 3569/542/491
f 4261/2136/1600 397/398/71 3506/395/364 5428/2137/1601
f 5428/2137/1601 3506/395/364 396/394/363 4260/2135/1599
f 3569/542/491 5428/2137/1601 4260/2135/1599 354/543/492
f 398/77/75 3370/74/72 5429/2138/1602 4262/2139/1603
f 3370/74/72 397/73/71 4261/2140/1600 5429/2138/1602
f 5429/2138/1602 4261/2140/1600 355/610/490 3597/609/548
f 4262/2139/1603 5429/2138/1602 3597/609/548 356/608/547
f 399/620/555 3600/619/554 5430/2141/1604 4263/2142/1605
f 3600/619/554 398/77/75 4262/2139/1603 5430/2141/1604
f 5430/2141/1604 4262/2139/1603 356/608/547 3599/616/552
f 4263/2142/1605 5430/2141/1604 3599/616/552 357/615/551
f 400/632/563 3604/631/562 5431/2143/1606 4264/2144/1607
f 3604/631/562 399/620/555 4263/2142/1605 5431/2143/1606
f 5431/2143/1606 4263/2142/1605 357/615/551 3603/624/558
f 4264/2144/1607 5431/2143/1606 3603/624/558 358/628/560
f 359/2048/375 4190/2145/1500 5432/2146/1608 4216/2049/1538
f 4190/2145/1500 401/2053/533 4217/2052/1541 5432/2146/1608
f 5432/2146/1608 4217/2052/1541 400/632/563 4264/2144/1607
f 4216/2049/1538 5432/2146/1608 4264/2144/1607 358/628/560
f 430/2147/1609 4265/2148/1610 5433/2149/1611 4267/2150/1612
f 4265/2148/1610 431/2151/1613 4266/2152/1614 5433/2149/1611
f 5433/2149/1611 4266/2152/1614 418/1902/493 4171/1942/1476
f 4267/2150/1612 5433/2149/1611 4171/1942/1476 376/1897/1452
f 429/2153/1615 4268/2154/70 5434/2155/1616 4270/2156/1617
f 4268/2154/70 432/2157/1618 4269/2158/1619 5434/2155/1616
f 5434/2155/1616 4269/2158/1619 431/2151/1613 4265/2148/1610
f 4270/2156/1617 5434/2155/1616 4265/2148/1610 430/2147/1609
f 428/2159/1620 4271/2160/1621 5435/2161/1610 4273/2162/1622
f 4271/2160/1621 433/2163/1623 4272/2164/1624 5435/2161/1610
f 5435/2161/1610 4272/2164/1624 432/2157/1618 4268/2154/70
f 4273/2162/1622 5435/2161/1610 4268/2154/70 429/2153/1615
f 486/2165/1625 4274/2166/1626 5436/2167/1627 4276/2168/1628
f 4274/2166/1626 487/2169/1629 4275/2170/1630 5436/2167/1627
f 5436/2167/1627 4275/2170/1630 433/2163/1623 4271/2160/1621
f 4276/2168/1628 5436/2167/1627 4271/2160/1621 428/2159/1620
f 383/2171/688 4277/2172/1631 5437/2173/1632 3763/2174/858
f 4277/2172/1631 425/2175/693 3765/2176/864 5437/2173/1632
f 5437/2173/1632 3765/2176/864 529/2177/863 4278/2178/1633
f 3763/2174/858 5437/2173/1632 4278/2178/1633 530/2179/855
f 426/2180/695 3673/2181/694 5438/2182/1634 4279/2183/1635
f 3673/2181/694 425/2175/693 4277/2172/1631 5438/2182/1634
f 5438/2182/1634 4277/2172/1631 383/2171/688 3670/2184/687
f 4279/2183/1635 5438/2182/1634 3670/2184/687 384/2185/686
f 385/711/627 4280/2186/1636 5439/2187/1637 3695/837/735
f 4280/2186/1636 427/712/628 3693/832/732 5439/2187/1637
f 5439/2187/1637 3693/832/732 426/831/695 4279/2188/1635
f 3695/837/735 5439/2187/1637 4279/2188/1635 384/838/686
f 385/711/627 3638/710/626 5440/2189/1638 4280/2186/1636
f 3638/710/626 344/709/625 4250/2116/1580 5440/2189/1638
f 5440/2189/1638 4250/2116/1580 386/716/632 3640/713/629
f 4280/2186/1636 5440/2189/1638 3640/713/629 427/712/628
f 484/2190/1639 4281/2191/1640 5441/2192/1641 4284/2193/1642
f 4281/2191/1640 485/2194/1643 4282/2195/1644 5441/2192/1641
f 5441/2192/1641 4282/2195/1644 448/2196/1645 4283/2197/1646
f 4284/2193/1642 5441/2192/1641 4283/2197/1646 380/2198/1647
f 448/2196/1645 4285/2199/1648 5442/2200/1649 4283/2197/1646
f 4285/2199/1648 449/2201/1650 4286/2202/1651 5442/2200/1649
f 5442/2200/1649 4286/2202/1651 379/2203/1652 4287/2204/1653
f 4283/2197/1646 5442/2200/1649 4287/2204/1653 380/2198/1647
f 449/2201/1650 4288/2205/1654 5443/2206/1655 4286/2202/1651
f 4288/2205/1654 450/2207/1656 4289/2208/1657 5443/2206/1655
f 5443/2206/1655 4289/2208/1657 378/2209/1658 4290/2210/1659
f 4286/2202/1651 5443/2206/1655 4290/2210/1659 379/2203/1652
f 450/2207/1656 4291/2211/1660 5444/2212/1661 4289/2208/1657
f 4291/2211/1660 451/2213/1662 4292/2214/1663 5444/2212/1661
f 5444/2212/1661 4292/2214/1663 377/2215/1664 4293/2216/1665
f 4289/2208/1657 5444/2212/1661 4293/2216/1665 378/2209/1658
f 454/2217/1666 4294/2218/1667 5445/2219/1668 4295/2220/1669
f 4294/2218/1667 455/2221/497 3571/2222/494 5445/2219/1668
f 5445/2219/1668 3571/2222/494 418/2223/493 4266/2224/1614
f 4295/2220/1669 5445/2219/1668 4266/2224/1614 431/2225/1613
f 453/2226/1670 4296/2227/1671 5446/2228/1672 4297/2229/1673
f 4296/2227/1671 454/2217/1666 4295/2220/1669 5446/2228/1672
f 5446/2228/1672 4295/2220/1669 431/2225/1613 4269/2230/1619
f 4297/2229/1673 5446/2228/1672 4269/2230/1619 432/2231/1618
f 452/2232/1674 4298/2233/1675 5447/2234/1676 4299/2235/1677
f 4298/2233/1675 453/2226/1670 4297/2229/1673 5447/2234/1676
f 5447/2234/1676 4297/2229/1673 432/2231/1618 4272/2236/1624
f 4299/2235/1677 5447/2234/1676 4272/2236/1624 433/2237/1623
f 487/2238/1629 4300/2239/1678 5448/2240/1679 4275/2241/1630
f 4300/2239/1678 488/2242/1680 4301/2243/1681 5448/2240/1679
f 5448/2240/1679 4301/2243/1681 452/2232/1674 4299/2235/1677
f 4275/2241/1630 5448/2240/1679 4299/2235/1677 433/2237/1623
f 280/1161/1021 4302/2244/1682 5449/2245/1683 4155/1891/1448
f 4302/2244/1682 474/2246/1684 4303/2247/1685 5449/2245/1683
f 5449/2245/1683 4303/2247/1685 475/2248/1686 4304/2249/1687
f 4155/1891/1448 5449/2245/1683 4304/2249/1687 153/1892/106
f 473/2250/1688 4305/2251/1689 5450/2252/1690 4306/2253/1691
f 4305/2251/1689 474/2246/1684 4302/2244/1682 5450/2252/1690
f 5450/2252/1690 4302/2244/1682 280/1161/1021 3846/1159/1019
f 4306/2253/1691 5450/2252/1690 3846/1159/1019 175/1119/979
f 472/2254/1692 4307/2255/1693 5451/2256/1694 4308/2257/1695
f 4307/2255/1693 473/2250/1688 4306/2253/1691 5451/2256/1694
f 5451/2256/1694 4306/2253/1691 175/1119/979 3825/1117/977
f 4308/2257/1695 5451/2256/1694 3825/1117/977 164/1096/956
f 570/1094/954 4309/2258/1696 5452/2259/1697 3814/1095/955
f 4309/2258/1696 571/2260/943 4310/2261/1698 5452/2259/1697
f 5452/2259/1697 4310/2261/1698 472/2254/1692 4308/2257/1695
f 3814/1095/955 5452/2259/1697 4308/2257/1695 164/1096/956
f 170/1481/1245 3984/1480/1244 5453/2262/1699 4313/2263/1700
f 3984/1480/1244 212/1053/927 4311/2264/1701 5453/2262/1699
f 5453/2262/1699 4311/2264/1701 470/2265/928 4312/2266/1247
f 4313/2263/1700 5453/2262/1699 4312/2266/1247 471/2267/1702
f 165/1051/925 4314/2268/1703 5454/2269/1704 3797/1052/926
f 4314/2268/1703 469/2270/1705 4315/2271/1706 5454/2269/1704
f 5454/2269/1704 4315/2271/1706 470/2265/928 4311/2264/1701
f 3797/1052/926 5454/2269/1704 4311/2264/1701 212/1053/927
f 468/2272/907 4316/2273/1707 5455/2274/1708 4317/2275/1709
f 4316/2273/1707 469/2276/1705 4314/2277/1703 5455/2274/1708
f 5455/2274/1708 4314/2277/1703 165/1051/925 3796/1050/924
f 4317/2275/1709 5455/2274/1708 3796/1050/924 298/1049/923
f 467/2278/907 4318/2279/907 5456/2280/1710 4319/2281/1711
f 4318/2279/907 468/2272/907 4317/2275/1709 5456/2280/1710
f 5456/2280/1710 4317/2275/1709 298/1049/923 4203/2020/1517
f 4319/2281/1711 5456/2280/1710 4203/2020/1517 236/1670/1336
f 466/2282/907 4320/2283/907 5457/2284/1711 4321/2285/1711
f 4320/2283/907 467/2278/907 4319/2281/1711 5457/2284/1711
f 5457/2284/1711 4319/2281/1711 236/1670/1336 4072/1673/1336
f 4321/2285/1711 5457/2284/1711 4072/1673/1336 370/1675/1336
f 465/2286/907 4322/2287/907 5458/2288/1712 4323/2289/1711
f 4322/2287/907 466/2282/907 4321/2285/1711 5458/2288/1712
f 5458/2288/1712 4321/2285/1711 370/1675/1336 4178/1955/1481
f 4323/2289/1711 5458/2288/1712 4178/1955/1481 412/1694/1336
f 464/2290/907 4324/2291/907 5459/2292/1711 4325/2293/1711
f 4324/2291/907 465/2286/907 4323/2289/1711 5459/2292/1711
f 5459/2292/1711 4323/2289/1711 412/1694/1336 4084/1697/1336
f 4325/2293/1711 5459/2292/1711 4084/1697/1336 241/1702/1336
f 337/1287/923 4326/2294/1709 5460/2295/1710 4238/2095/1517
f 4326/2294/1709 463/2296/907 4327/2297/907 5460/2295/1710
f 5460/2295/1710 4327/2297/907 464/2290/907 4325/2293/1711
f 4238/2095/1517 5460/2295/1710 4325/2293/1711 241/1702/1336
f 192/1285/1105 4328/2298/1713 5461/2299/1714 3900/1286/1106
f 4328/2298/1713 462/2300/1715 4329/2301/1716 5461/2299/1714
f 5461/2299/1714 4329/2301/1716 463/2296/907 4326/2294/1709
f 3900/1286/1106 5461/2299/1714 4326/2294/1709 337/1287/923
f 461/2302/1185 4330/2303/1717 5462/2304/1718 4331/2305/1719
f 4330/2303/1717 462/2306/1715 4328/2307/1713 5462/2304/1718
f 5462/2304/1718 4328/2307/1713 192/1285/1105 3899/1282/1102
f 4331/2305/1719 5462/2304/1718 3899/1282/1102 219/1281/1101
f 460/2308/1720 4332/2309/1289 5463/2310/1721 4333/2311/1722
f 4332/2309/1289 461/2302/1185 4331/2305/1719 5463/2310/1721
f 5463/2310/1721 4331/2305/1719 219/1281/1101 4001/1520/1275
f 4333/2311/1722 5463/2310/1721 4001/1520/1275 197/1519/1274
f 191/1307/1119 4334/2312/1723 5464/2313/1724 3910/1302/1117
f 4334/2312/1723 459/2314/1725 4335/2315/1726 5464/2313/1724
f 5464/2313/1724 4335/2315/1726 592/2316/1107 4336/2317/1727
f 3910/1302/1117 5464/2313/1724 4336/2317/1727 593/1299/1114
f 458/2318/1728 4337/2319/1729 5465/2320/1730 4338/2321/1731
f 4337/2319/1729 459/2314/1725 4334/2312/1723 5465/2320/1730
f 5465/2320/1730 4334/2312/1723 191/1307/1119 3918/1324/1131
f 4338/2321/1731 5465/2320/1730 3918/1324/1131 202/1323/1130
f 457/2322/1732 4339/2323/1733 5466/2324/1734 4340/2325/1735
f 4339/2323/1733 458/2318/1728 4338/2321/1731 5466/2324/1734
f 5466/2324/1734 4338/2321/1731 202/1323/1130 3933/1354/1161
f 4340/2325/1735 5466/2324/1734 3933/1354/1161 283/1353/1160
f 456/2326/1736 4341/2327/1737 5467/2328/1738 4342/2329/1739
f 4341/2327/1737 457/2322/1732 4340/2325/1735 5467/2328/1738
f 5467/2328/1738 4340/2325/1735 283/1353/1160 4162/1906/1458
f 4342/2329/1739 5467/2328/1738 4162/1906/1458 150/1910/88
f 481/2330/1740 4343/2331/1741 5468/2332/1742 4344/2333/1743
f 4343/2331/1741 456/2326/1736 4342/2329/1739 5468/2332/1742
f 5468/2332/1742 4342/2329/1739 150/1910/88 3480/2334/318
f 4344/2333/1743 5468/2332/1742 3480/2334/318 157/2335/97
f 157/2335/97 3380/2336/96 5469/2337/1744 4344/2333/1743
f 3380/2336/96 156/2338/95 4345/2339/1745 5469/2337/1744
f 5469/2337/1744 4345/2339/1745 480/2340/1746 4346/2341/1747
f 4344/2333/1743 5469/2337/1744 4346/2341/1747 481/2330/1740
f 156/2338/95 3484/2342/322 5470/2343/1748 4345/2339/1745
f 3484/2342/322 424/2344/326 4347/2345/1749 5470/2343/1748
f 5470/2343/1748 4347/2345/1749 479/2346/1750 4348/2347/1751
f 4345/2339/1745 5470/2343/1748 4348/2347/1751 480/2340/1746
f 478/2348/1752 4349/2349/1633 5471/2350/1753 4351/2351/1754
f 4349/2349/1633 479/2352/1750 4347/2353/1749 5471/2350/1753
f 5471/2350/1753 4347/2353/1749 424/2354/326 4350/2355/1755
f 4351/2351/1754 5471/2350/1753 4350/2355/1755 382/2356/453
f 382/2357/453 3550/2358/451 5472/2359/1756 4351/2360/1754
f 3550/2358/451 155/2361/115 4352/2362/1757 5472/2359/1756
f 5472/2359/1756 4352/2362/1757 477/2363/1758 4353/2364/1759
f 4351/2360/1754 5472/2359/1756 4353/2364/1759 478/2365/1752
f 155/2361/115 3388/2366/114 5473/2367/1760 4352/2362/1757
f 3388/2366/114 154/2368/113 4354/2369/1761 5473/2367/1760
f 5473/2367/1760 4354/2369/1761 476/2370/1762 4355/2371/1763
f 4352/2362/1757 5473/2367/1760 4355/2371/1763 477/2363/1758
f 475/2248/1686 4356/2372/1764 5474/2373/1765 4304/2249/1687
f 4356/2372/1764 476/2370/1762 4354/2369/1761 5474/2373/1765
f 5474/2373/1765 4354/2369/1761 154/2368/113 3486/2374/329
f 4304/2249/1687 5474/2373/1765 3486/2374/329 153/1892/106
f 23/91/89 4357/2375/1766 5475/2376/1767 3378/92/90
f 4357/2375/1766 434/2377/70 4358/2378/70 5475/2376/1767
f 5475/2376/1767 4358/2378/70 491/2379/70 4359/2380/1768
f 3378/92/90 5475/2376/1767 4359/2380/1768 24/95/93
f 435/2381/70 4360/2382/70 5476/2383/1769 4361/2384/1770
f 4360/2382/70 434/2377/70 4357/2375/1766 5476/2383/1769
f 5476/2383/1769 4357/2375/1766 23/91/89 3481/329/320
f 4361/2384/1770 5476/2383/1769 3481/329/320 22/88/86
f 290/86/84 4362/2385/1771 5477/2386/1772 3375/87/85
f 4362/2385/1771 436/2387/70 4363/2388/70 5477/2386/1772
f 5477/2386/1772 4363/2388/70 435/2381/70 4361/2384/1770
f 3375/87/85 5477/2386/1772 4361/2384/1770 22/88/86
f 21/2109/1574 4364/2389/1773 5478/2390/1774 4247/2110/1575
f 436/2387/70 4362/2385/1771 5478/2390/1774 4364/2389/1773
f 290/86/84 4247/2110/1575 5478/2390/1774 4362/2385/1771
f 437/599/70 3607/638/70 5479/2391/70 4367/2392/70
f 3607/638/70 482/637/70 4365/2393/70 5479/2391/70
f 5479/2391/70 4365/2393/70 483/2394/70 4366/2395/70
f 4367/2392/70 5479/2391/70 4366/2395/70 440/2396/70
f 438/601/70 3594/600/70 5480/2397/70 4369/2398/70
f 3594/600/70 437/599/70 4367/2392/70 5480/2397/70
f 5480/2397/70 4367/2392/70 440/2396/70 4368/2399/70
f 4369/2398/70 5480/2397/70 4368/2399/70 441/2400/70
f 439/654/70 3614/653/70 5481/2401/70 4371/2402/70
f 3614/653/70 438/601/70 4369/2398/70 5481/2401/70
f 5481/2401/70 4369/2398/70 441/2400/70 4370/2403/70
f 4371/2402/70 5481/2401/70 4370/2403/70 442/2404/70
f 26/322/317 4194/2002/1507 5482/2405/1775 3479/319/314
f 4194/2002/1507 439/654/70 4371/2402/70 5482/2405/1775
f 5482/2405/1775 4371/2402/70 442/2404/70 4372/2406/1776
f 3479/319/314 5482/2405/1775 4372/2406/1776 443/316/311
f 440/2396/70 4366/2395/70 5483/2407/1777 4374/2408/1778
f 4366/2395/70 483/2394/70 4373/2409/1779 5483/2407/1777
f 5483/2407/1777 4373/2409/1779 484/2190/1639 4284/2193/1642
f 4374/2408/1778 5483/2407/1777 4284/2193/1642 380/2198/1647
f 441/2400/70 4368/2399/70 5484/2410/1780 4375/2411/1781
f 4368/2399/70 440/2396/70 4374/2408/1778 5484/2410/1780
f 5484/2410/1780 4374/2408/1778 380/2198/1647 4287/2204/1653
f 4375/2411/1781 5484/2410/1780 4287/2204/1653 379/2203/1652
f 442/2404/70 4370/2403/70 5485/2412/1782 4376/2413/1783
f 4370/2403/70 441/2400/70 4375/2411/1781 5485/2412/1782
f 5485/2412/1782 4375/2411/1781 379/2203/1652 4290/2210/1659
f 4376/2413/1783 5485/2412/1782 4290/2210/1659 378/2209/1658
f 443/316/311 4372/2406/1776 5486/2414/1784 4377/2415/1785
f 4372/2406/1776 442/2404/70 4376/2413/1783 5486/2414/1784
f 5486/2414/1784 4376/2413/1783 378/2209/1658 4293/2216/1665
f 4377/2415/1785 5486/2414/1784 4293/2216/1665 377/2215/1664
f 444/70/70 3610/644/70 5487/2416/70 4379/2417/70
f 3610/644/70 490/643/70 4378/2418/70 5487/2416/70
f 5487/2416/70 4378/2418/70 491/2379/70 4358/2378/70
f 4379/2417/70 5487/2416/70 4358/2378/70 434/2377/70
f 445/72/70 3368/71/70 5488/2419/70 4380/2420/70
f 3368/71/70 444/70/70 4379/2417/70 5488/2419/70
f 5488/2419/70 4379/2417/70 434/2377/70 4360/2382/70
f 4380/2420/70 5488/2419/70 4360/2382/70 435/2381/70
f 446/650/70 3612/649/70 5489/2421/70 4381/2422/70
f 3612/649/70 445/72/70 4380/2420/70 5489/2421/70
f 5489/2421/70 4380/2420/70 435/2381/70 4363/2388/70
f 4381/2422/70 5489/2421/70 4363/2388/70 436/2387/70
f 447/2001/1506 4192/2000/1505 5490/2423/1786 4382/2424/1787
f 4192/2000/1505 446/650/70 4381/2422/70 5490/2423/1786
f 5490/2423/1786 4381/2422/70 436/2387/70 4364/2389/1773
f 4382/2424/1787 5490/2423/1786 4364/2389/1773 21/2109/1574
f 451/2425/1662 4383/2426/1788 5491/2427/1789 4292/2428/1663
f 4383/2426/1788 152/320/315 3477/317/312 5491/2427/1789
f 5491/2427/1789 3477/317/312 443/316/311 4377/2415/1785
f 4292/2428/1663 5491/2427/1789 4377/2415/1785 377/2215/1664
f 151/550/499 4384/2429/1790 5492/2430/1791 4248/2112/1577
f 447/2001/1506 4382/2424/1787 5492/2430/1791 4384/2429/1790
f 21/2109/1574 4248/2112/1577 5492/2430/1791 4382/2424/1787
f 485/2194/1643 4385/2431/1792 5493/2432/1793 4282/2195/1644
f 4385/2431/1792 486/2433/1625 4276/2434/1628 5493/2432/1793
f 5493/2432/1793 4276/2434/1628 428/2435/1620 4386/2436/1794
f 4282/2195/1644 5493/2432/1793 4386/2436/1794 448/2196/1645
f 428/2435/1620 4273/2437/1622 5494/2438/1795 4386/2436/1794
f 4273/2437/1622 429/2439/1615 4387/2440/1796 5494/2438/1795
f 5494/2438/1795 4387/2440/1796 449/2201/1650 4285/2199/1648
f 4386/2436/1794 5494/2438/1795 4285/2199/1648 448/2196/1645
f 429/2439/1615 4270/2441/1617 5495/2442/1797 4387/2440/1796
f 4270/2441/1617 430/2443/1609 4388/2444/1798 5495/2442/1797
f 5495/2442/1797 4388/2444/1798 450/2207/1656 4288/2205/1654
f 4387/2440/1796 5495/2442/1797 4288/2205/1654 449/2201/1650
f 430/2443/1609 4267/2445/1612 5496/2446/1799 4388/2444/1798
f 4267/2445/1612 376/2447/1452 4389/2448/1800 5496/2446/1799
f 5496/2446/1799 4389/2448/1800 451/2213/1662 4291/2211/1660
f 4388/2444/1798 5496/2446/1799 4291/2211/1660 450/2207/1656
f 376/2449/1452 4157/2450/1451 5497/2451/1801 4389/2452/1800
f 152/320/315 4383/2426/1788 5497/2451/1801 4157/2450/1451
f 451/2425/1662 4389/2452/1800 5497/2451/1801 4383/2426/1788
f 452/2232/1674 4301/2243/1681 5498/2453/1802 4391/2454/1803
f 4301/2243/1681 488/2242/1680 4390/2455/1804 5498/2453/1802
f 5498/2453/1802 4390/2455/1804 489/641/569 3608/639/567
f 4391/2454/1803 5498/2453/1802 3608/639/567 422/68/68
f 422/68/68 3366/65/65 5499/2456/1805 4391/2454/1803
f 3366/65/65 421/64/64 4392/2457/1806 5499/2456/1805
f 5499/2456/1805 4392/2457/1806 453/2226/1670 4298/2233/1675
f 4391/2454/1803 5499/2456/1805 4298/2233/1675 452/2232/1674
f 421/64/64 3611/646/572 5500/2458/1807 4392/2457/1806
f 3611/646/572 420/645/571 4393/2459/1808 5500/2458/1807
f 5500/2458/1807 4393/2459/1808 454/2217/1666 4296/2227/1671
f 4392/2457/1806 5500/2458/1807 4296/2227/1671 453/2226/1670
f 420/645/571 4191/1997/1502 5501/2460/1809 4393/2459/1808
f 4191/1997/1502 419/1996/1501 4394/2461/1810 5501/2460/1809
f 5501/2460/1809 4394/2461/1810 455/2221/497 4294/2218/1667
f 4393/2459/1808 5501/2460/1809 4294/2218/1667 454/2217/1666
f 151/550/499 3572/549/498 5502/2462/1811 4384/2429/1790
f 3572/549/498 455/548/497 4394/2463/1810 5502/2462/1811
f 5502/2462/1811 4394/2463/1810 419/1996/1501 4193/1999/1504
f 4384/2429/1790 5502/2462/1811 4193/1999/1504 447/2001/1506
f 483/2394/70 4365/2393/70 5503/2464/1812 4395/2465/1813
f 4365/2393/70 482/637/70 3606/636/566 5503/2464/1812
f 5503/2464/1812 3606/636/566 27/109/107 3552/507/456
f 4395/2465/1813 5503/2464/1812 3552/507/456 381/506/455
f 484/2190/1639 4373/2409/1779 5504/2466/1814 4396/2467/1815
f 483/2394/70 4395/2465/1813 5504/2466/1814 4373/2409/1779
f 381/506/455 4396/2467/1815 5504/2466/1814 4395/2465/1813
f 382/2468/453 4397/2469/1816 5505/2470/1817 3551/2471/454
f 4397/2469/1816 485/2194/1643 4281/2191/1640 5505/2470/1817
f 5505/2470/1817 4281/2191/1640 484/2190/1639 4396/2467/1815
f 3551/2471/454 5505/2470/1817 4396/2467/1815 381/506/455
f 382/2468/453 4398/2472/1818 5506/2473/1819 4397/2469/1816
f 486/2433/1625 4385/2431/1792 5506/2473/1819 4398/2472/1818
f 485/2194/1643 4397/2469/1816 5506/2473/1819 4385/2431/1792
f 382/2356/453 4350/2355/1755 5507/2474/1820 4398/2475/1818
f 4350/2355/1755 424/2354/326 4399/2476/1821 5507/2474/1820
f 5507/2474/1820 4399/2476/1821 487/2169/1629 4274/2166/1626
f 4398/2475/1818 5507/2474/1820 4274/2166/1626 486/2165/1625
f 424/2477/326 4400/2478/1822 5508/2479/1823 4399/2480/1821
f 488/2242/1680 4300/2239/1678 5508/2479/1823 4400/2478/1822
f 487/2238/1629 4399/2480/1821 5508/2479/1823 4300/2239/1678
f 489/641/569 4390/2455/1804 5509/2481/1824 4401/2482/1825
f 4390/2455/1804 488/2242/1680 4400/2478/1822 5509/2481/1824
f 5509/2481/1824 4400/2478/1822 424/2477/326 3483/2483/325
f 4401/2482/1825 5509/2481/1824 3483/2483/325 423/333/324
f 490/643/70 3609/642/570 5510/2484/1826 4402/2485/1827
f 489/641/569 4401/2482/1825 5510/2484/1826 3609/642/570
f 423/333/324 4402/2485/1827 5510/2484/1826 4401/2482/1825
f 491/2379/70 4378/2418/70 5511/2486/1828 4359/2380/1768
f 4378/2418/70 490/643/70 4402/2485/1827 5511/2486/1828
f 5511/2486/1828 4402/2485/1827 423/333/324 3482/332/323
f 4359/2380/1768 5511/2486/1828 3482/332/323 24/95/93
f 493/1206/881 3864/1205/917 5512/2487/917 4404/2488/881
f 3864/1205/917 492/1204/907 4403/2489/907 5512/2487/917
f 5512/2487/917 4403/2489/907 177/1551/907 4013/1548/917
f 4404/2488/881 5512/2487/917 4013/1548/917 176/1547/1294
f 176/1547/1294 4053/1633/1316 5513/2490/1829 4404/2488/881
f 4053/1633/1316 213/1626/879 4405/2491/879 5513/2490/1829
f 5513/2490/1829 4405/2491/879 494/1228/879 3874/1226/1062
f 4404/2488/881 5513/2490/1829 3874/1226/1062 493/1206/881
f 494/1228/879 4405/2491/879 5514/2492/1233 3993/1505/1233
f 4405/2491/879 213/1626/879 4048/1623/1233 5514/2492/1233
f 5514/2492/1233 4048/1623/1233 179/1622/1232 4406/2493/1830
f 3993/1505/1233 5514/2492/1233 4406/2493/1830 495/1506/1261
f 178/1617/1312 4407/2494/1831 5515/2495/942 4045/1618/1313
f 4407/2494/1831 496/1224/1060 3872/1223/1059 5515/2495/942
f 5515/2495/942 3872/1223/1059 574/1222/943 4408/2496/943
f 4045/1618/1313 5515/2495/942 4408/2496/943 575/1619/943
f 178/1848/1312 4135/1847/1413 5516/2497/1413 4407/2498/1831
f 4135/1847/1413 260/1607/900 4409/2499/900 5516/2497/1413
f 5516/2497/1413 4409/2499/900 497/1217/900 4133/1840/1413
f 4407/2498/1831 5516/2497/1413 4133/1840/1413 496/1839/1060
f 497/1217/900 4409/2499/900 5517/2500/900 3869/1218/900
f 4409/2499/900 260/1607/900 4043/1610/900 5517/2500/900
f 5517/2500/900 4043/1610/900 182/1598/900 4410/2501/900
f 3869/1218/900 5517/2500/900 4410/2501/900 498/1219/900
f 498/1219/900 4410/2501/900 5518/2502/900 3970/1452/900
f 4410/2501/900 182/1598/900 4040/1601/900 5518/2502/900
f 5518/2502/900 4040/1601/900 272/1606/900 4411/2503/900
f 3970/1452/900 5518/2502/900 4411/2503/900 499/1453/900
f 205/1745/1302 4412/2504/1832 5519/2505/1362 4103/1741/1362
f 4412/2504/1832 500/1748/1223 4104/1746/1362 5519/2505/1362
f 5519/2505/1362 4104/1746/1362 499/1453/900 4411/2503/900
f 4103/1741/1362 5519/2505/1362 4411/2503/900 272/1606/900
f 588/1597/1107 4413/2506/1107 5520/2507/1110 4036/1592/1305
f 4413/2506/1107 589/1458/1107 3973/1457/1224 5520/2507/1110
f 5520/2507/1110 3973/1457/1224 500/1456/1223 4412/2508/1832
f 4036/1592/1305 5520/2507/1110 4412/2508/1832 205/1589/1302
f 206/1583/1267 4032/1586/1266 5521/2509/1266 4415/2510/1833
f 4032/1586/1266 215/1582/1071 4414/2511/1071 5521/2509/1266
f 5521/2509/1266 4414/2511/1071 502/1460/1071 4011/1544/1266
f 4415/2510/1833 5521/2509/1266 4011/1544/1266 501/1543/1291
f 203/1571/1297 4416/2512/1069 5522/2513/1834 4028/1581/1301
f 4416/2512/1069 503/1441/1218 3975/1461/1225 5522/2513/1834
f 5522/2513/1834 3975/1461/1225 502/1460/1071 4414/2511/1071
f 4028/1581/1301 5522/2513/1834 4414/2511/1071 215/1582/1071
f 504/1443/907 3966/1442/1099 5523/2514/1298 4417/2515/907
f 3966/1442/1099 503/1441/1218 4416/2512/1069 5523/2514/1298
f 5523/2514/1298 4416/2512/1069 203/1571/1297 4026/1574/1099
f 4417/2515/907 5523/2514/1298 4026/1574/1099 204/1568/907
f 505/1447/907 3968/1446/907 5524/2516/907 4418/2517/907
f 3968/1446/907 504/1443/907 4417/2515/907 5524/2516/907
f 5524/2516/907 4417/2515/907 204/1568/907 4021/1567/907
f 4418/2517/907 5524/2516/907 4021/1567/907 335/1566/907
f 177/1551/907 4403/2489/907 5525/2518/907 4017/1558/907
f 4403/2489/907 492/1204/907 3866/1209/907 5525/2518/907
f 5525/2518/907 3866/1209/907 506/1208/907 4419/2519/907
f 4017/1558/907 5525/2518/907 4419/2519/907 300/1559/907
f 474/2246/1684 4420/2520/1835 5526/2521/1836 4303/2247/1685
f 4420/2520/1835 508/1157/1017 4152/1884/1443 5526/2521/1836
f 5526/2521/1836 4152/1884/1443 507/967/849 4421/2522/1837
f 4303/2247/1685 5526/2521/1836 4421/2522/1837 475/2248/1686
f 473/2250/1688 4422/2523/1838 5527/2524/1839 4305/2251/1689
f 4422/2523/1838 509/1127/987 3845/1158/1018 5527/2524/1839
f 5527/2524/1839 3845/1158/1018 508/1157/1017 4420/2520/1835
f 4305/2251/1689 5527/2524/1839 4420/2520/1835 474/2246/1684
f 472/2254/1692 4423/2525/1840 5528/2526/1841 4307/2255/1693
f 4423/2525/1840 510/1085/948 3830/1128/988 5528/2526/1841
f 5528/2526/1841 3830/1128/988 509/1127/987 4422/2523/1838
f 4307/2255/1693 5528/2526/1841 4422/2523/1838 473/2250/1688
f 571/2260/943 4424/2527/943 5529/2528/1842 4310/2261/1698
f 4424/2527/943 572/1087/943 3810/1086/949 5529/2528/1842
f 5529/2528/1842 3810/1086/949 510/1085/948 4423/2525/1840
f 4310/2261/1698 5529/2528/1842 4423/2525/1840 472/2254/1692
f 471/2267/1702 4312/2266/1247 5530/2529/1247 4426/2530/1843
f 4312/2266/1247 470/2265/928 4425/2531/928 5530/2529/1247
f 5530/2529/1247 4425/2531/928 512/1054/928 3986/1483/1247
f 4426/2530/1843 5530/2529/1247 3986/1483/1247 511/1482/1246
f 469/2270/1705 4427/2532/1844 5531/2533/1845 4315/2271/1706
f 4427/2532/1844 513/1058/932 3799/1055/929 5531/2533/1845
f 5531/2533/1845 3799/1055/929 512/1054/928 4425/2531/928
f 4315/2271/1706 5531/2533/1845 4425/2531/928 470/2265/928
f 514/1069/907 3802/1068/936 5532/2534/1846 4428/2535/907
f 3802/1068/936 513/1067/932 4427/2536/1844 5532/2534/1846
f 5532/2534/1846 4427/2536/1844 469/2276/1705 4316/2273/1707
f 4428/2535/907 5532/2534/1846 4316/2273/1707 468/2272/907
f 515/1682/907 4204/2023/907 5533/2537/907 4429/2538/907
f 4204/2023/907 514/1069/907 4428/2535/907 5533/2537/907
f 5533/2537/907 4428/2535/907 468/2272/907 4318/2279/907
f 4429/2538/907 5533/2537/907 4318/2279/907 467/2278/907
f 466/2282/907 4430/2539/907 5534/2540/907 4320/2283/907
f 4430/2539/907 516/1684/907 4075/1683/907 5534/2540/907
f 5534/2540/907 4075/1683/907 515/1682/907 4429/2538/907
f 4320/2283/907 5534/2540/907 4429/2538/907 467/2278/907
f 465/2286/907 4431/2541/907 5535/2542/907 4322/2287/907
f 4431/2541/907 517/1691/907 4180/1958/907 5535/2542/907
f 5535/2542/907 4180/1958/907 516/1684/907 4430/2539/907
f 4322/2287/907 5535/2542/907 4430/2539/907 466/2282/907
f 464/2290/907 4432/2543/907 5536/2544/907 4324/2291/907
f 4432/2543/907 518/1693/907 4079/1692/907 5536/2544/907
f 5536/2544/907 4079/1692/907 517/1691/907 4431/2541/907
f 4324/2291/907 5536/2544/907 4431/2541/907 465/2286/907
f 463/2296/907 4433/2545/907 5537/2546/907 4327/2297/907
f 4433/2545/907 519/1397/907 4236/2090/907 5537/2546/907
f 5537/2546/907 4236/2090/907 518/1693/907 4432/2543/907
f 4327/2297/907 5537/2546/907 4432/2543/907 464/2290/907
f 462/2300/1715 4434/2547/1847 5538/2548/1848 4329/2301/1716
f 4434/2547/1847 520/1401/1191 3949/1398/1189 5538/2548/1848
f 5538/2548/1848 3949/1398/1189 519/1397/907 4433/2545/907
f 4329/2301/1716 5538/2548/1848 4433/2545/907 463/2296/907
f 521/1412/1185 3953/1411/1195 5539/2549/1849 4435/2550/1185
f 3953/1411/1195 520/1410/1191 4434/2551/1847 5539/2549/1849
f 5539/2549/1849 4434/2551/1847 462/2306/1715 4330/2303/1717
f 4435/2550/1185 5539/2549/1849 4330/2303/1717 461/2302/1185
f 521/1412/1185 4435/2550/1185 5540/2552/1289 4009/1541/1289
f 4435/2550/1185 461/2302/1185 4332/2309/1289 5540/2552/1289
f 5540/2552/1289 4332/2309/1289 460/2308/1720 4436/2553/1850
f 4009/1541/1289 5540/2552/1289 4436/2553/1850 522/1542/1290
f 459/2314/1725 4437/2554/1851 5541/2555/1852 4335/2315/1726
f 4437/2554/1851 523/1421/1200 3956/1420/1199 5541/2555/1852
f 5541/2555/1852 3956/1420/1199 591/1419/1107 4438/2556/1107
f 4335/2315/1726 5541/2555/1852 4438/2556/1107 592/2316/1107
f 458/2318/1728 4439/2557/1853 5542/2558/1854 4337/2319/1729
f 4439/2557/1853 524/1427/1206 3959/1426/1205 5542/2558/1854
f 5542/2558/1854 3959/1426/1205 523/1421/1200 4437/2554/1851
f 4337/2319/1729 5542/2558/1854 4437/2554/1851 459/2314/1725
f 525/1433/1212 3962/1432/1211 5543/2559/1855 4440/2560/1856
f 3962/1432/1211 524/1427/1206 4439/2557/1853 5543/2559/1855
f 5543/2559/1855 4439/2557/1853 458/2318/1728 4339/2323/1733
f 4440/2560/1856 5543/2559/1855 4339/2323/1733 457/2322/1732
f 526/989/871 4163/1913/1462 5544/2561/1857 4441/2562/1858
f 4163/1913/1462 525/1433/1212 4440/2560/1856 5544/2561/1857
f 5544/2561/1857 4440/2560/1856 457/2322/1732 4341/2327/1737
f 4441/2562/1858 5544/2561/1857 4341/2327/1737 456/2326/1736
f 481/2330/1740 4442/2563/1859 5545/2564/1860 4343/2331/1741
f 4442/2563/1859 527/983/865 3770/990/872 5545/2564/1860
f 5545/2564/1860 3770/990/872 526/989/871 4441/2562/1858
f 4343/2331/1741 5545/2564/1860 4441/2562/1858 456/2326/1736
f 528/977/859 3767/984/866 5546/2565/1861 4443/2566/1862
f 3767/984/866 527/983/865 4442/2563/1859 5546/2565/1861
f 5546/2565/1861 4442/2563/1859 481/2330/1740 4346/2341/1747
f 4443/2566/1862 5546/2565/1861 4346/2341/1747 480/2340/1746
f 529/981/863 3764/978/860 5547/2567/1863 4444/2568/1864
f 3764/978/860 528/977/859 4443/2566/1862 5547/2567/1863
f 5547/2567/1863 4443/2566/1862 480/2340/1746 4348/2347/1751
f 4444/2568/1864 5547/2567/1863 4348/2347/1751 479/2346/1750
f 530/2179/855 4278/2178/1633 5548/2569/1633 4445/2570/1865
f 4278/2178/1633 529/2177/863 4444/2571/1864 5548/2569/1633
f 5548/2569/1633 4444/2571/1864 479/2352/1750 4349/2349/1633
f 4445/2570/1865 5548/2569/1633 4349/2349/1633 478/2348/1752
f 477/2363/1758 4446/2572/1866 5549/2573/1867 4353/2364/1759
f 4446/2572/1866 531/969/851 3762/974/856 5549/2573/1867
f 5549/2573/1867 3762/974/856 530/973/855 4445/2574/1865
f 4353/2364/1759 5549/2573/1867 4445/2574/1865 478/2365/1752
f 532/965/847 3760/970/852 5550/2575/1868 4447/2576/1869
f 3760/970/852 531/969/851 4446/2572/1866 5550/2575/1868
f 5550/2575/1868 4446/2572/1866 477/2363/1758 4355/2371/1763
f 4447/2576/1869 5550/2575/1868 4355/2371/1763 476/2370/1762
f 475/2248/1686 4421/2522/1837 5551/2577/1870 4356/2372/1764
f 4421/2522/1837 507/967/849 3758/966/848 5551/2577/1870
f 5551/2577/1870 3758/966/848 532/965/847 4447/2576/1869
f 4356/2372/1764 5551/2577/1870 4447/2576/1869 476/2370/1762
f 247/2578/1421 4448/2579/1871 5552/2580/1872 4143/2581/1428
f 4448/2579/1871 534/1198/1049 4108/1761/1369 5552/2580/1872
f 5552/2580/1872 4108/1761/1369 533/1760/417 4449/2582/1873
f 4143/2581/1428 5552/2580/1872 4449/2582/1873 29/2583/345
f 535/1192/1045 3862/1199/1050 5553/2584/1874 4450/2585/1875
f 3862/1199/1050 534/1198/1049 4448/2579/1871 5553/2584/1874
f 5553/2584/1874 4448/2579/1871 247/2578/1421 4142/2586/1424
f 4450/2585/1875 5553/2584/1874 4142/2586/1424 173/2587/1420
f 536/1183/1040 3860/1193/1046 5554/2588/1876 4451/2589/1877
f 3860/1193/1046 535/1192/1045 4450/2585/1875 5554/2588/1876
f 5554/2588/1876 4450/2585/1875 173/2587/1420 4138/2590/1419
f 4451/2589/1877 5554/2588/1876 4138/2590/1419 159/1072/937
f 578/1080/943 4452/2591/943 5555/2592/1878 3808/1075/940
f 4452/2591/943 579/1185/943 3857/1184/1041 5555/2592/1878
f 5555/2592/1878 3857/1184/1041 536/1183/1040 4451/2589/1877
f 3808/1075/940 5555/2592/1878 4451/2589/1877 159/1072/937
f 168/2593/1230 3982/2594/1239 5556/2595/1879 4454/2596/1880
f 3982/2594/1239 209/2597/915 4453/2598/1881 5556/2595/1879
f 5556/2595/1879 4453/2598/1881 538/1494/928 4054/1635/1318
f 4454/2596/1880 5556/2595/1879 4054/1635/1318 537/1634/1317
f 163/2599/911 4455/2600/1882 5557/2601/1883 3791/2602/912
f 4455/2600/1882 539/1498/1035 3991/1495/1256 5557/2601/1883
f 5557/2601/1883 3991/1495/1256 538/1494/928 4453/2598/1881
f 3791/2602/912 5557/2601/1883 4453/2598/1881 209/2597/915
f 540/1177/907 3854/1176/1036 5558/2603/1884 4456/2604/907
f 3854/1176/1036 539/1175/1035 4455/2605/1882 5558/2603/1884
f 5558/2603/1884 4455/2605/1882 163/2606/911 3789/2607/910
f 4456/2604/907 5558/2603/1884 3789/2607/910 302/2608/907
f 238/2609/1885 4457/2610/1885 5559/2611/1885 4460/2612/907
f 239/2613/1885 4458/2614/907 5559/2611/1885 4457/2610/1885
f 333/2615/907 4459/2616/907 5559/2611/1885 4458/2614/907
f 541/1391/907 4235/2088/907 5559/2611/1885 4459/2616/907
f 540/1177/907 4456/2604/907 5559/2611/1885 4235/2088/907
f 302/2608/907 4460/2612/907 5559/2611/1885 4456/2604/907
f 190/2617/1093 4461/2618/1886 5560/2619/1887 3894/2620/1091
f 4461/2618/1886 542/1395/1183 3947/1392/1187 5560/2619/1887
f 5560/2619/1887 3947/1392/1187 541/1391/907 4459/2616/907
f 3894/2620/1091 5560/2619/1887 4459/2616/907 333/2615/907
f 543/1388/1185 3945/1387/1184 5561/2621/1888 4462/2622/1889
f 3945/1387/1184 542/1386/1183 4461/2623/1886 5561/2621/1888
f 5561/2621/1888 4461/2623/1886 190/2624/1093 3897/2625/1096
f 4462/2622/1889 5561/2621/1888 3897/2625/1096 218/2626/1098
f 543/1388/1185 4462/2622/1889 5562/2627/1890 4007/1535/1285
f 4462/2622/1889 218/2626/1098 4000/2628/1273 5562/2627/1890
f 5562/2627/1890 4000/2628/1273 195/2629/1262 4463/2630/1891
f 4007/1535/1285 5562/2627/1890 4463/2630/1891 544/1536/1286
f 186/1298/1113 4464/2631/1892 5563/2632/1893 3906/1293/1109
f 4464/2631/1892 545/1374/1176 3943/1381/1180 5563/2632/1893
f 5563/2632/1893 3943/1381/1180 584/1380/1107 4465/2633/1107
f 3906/1293/1109 5563/2632/1893 4465/2633/1107 585/1290/1107
f 546/1365/1170 3941/1375/1177 5564/2634/1894 4466/2635/1895
f 3941/1375/1177 545/1374/1176 4464/2631/1892 5564/2634/1894
f 5564/2634/1894 4464/2631/1892 186/1298/1113 4099/2636/1360
f 4466/2635/1895 5564/2634/1894 4099/2636/1360 200/2637/1357
f 547/1367/1172 3938/1366/1171 5565/2638/1896 4467/2639/1897
f 3938/1366/1171 546/1365/1170 4466/2635/1895 5565/2638/1896
f 5565/2638/1896 4466/2635/1895 200/2637/1357 4097/2640/1356
f 4467/2639/1897 5565/2638/1896 4097/2640/1356 251/2641/1355
f 548/1791/418 4117/1790/1386 5566/2642/1898 4468/2643/1899
f 4117/1790/1386 547/1367/1172 4467/2639/1897 5566/2642/1898
f 5566/2642/1898 4467/2639/1897 251/2641/1355 4116/2644/1382
f 4468/2643/1899 5566/2642/1898 4116/2644/1382 57/2645/133
f 57/135/133 3490/350/336 5567/2646/1900 4468/2647/1899
f 3490/350/336 62/349/142 4469/2648/1901 5567/2646/1900
f 5567/2646/1900 4469/2648/1901 549/464/257 3533/461/419
f 4468/2647/1899 5567/2646/1900 3533/461/419 548/460/418
f 62/144/142 3400/143/141 5568/2649/1902 4469/2650/1901
f 3400/143/141 61/142/140 4470/2651/1903 5568/2649/1902
f 5568/2649/1902 4470/2651/1903 550/266/261 3453/263/258
f 4469/2650/1901 5568/2649/1902 3453/263/258 549/262/257
f 61/142/140 3493/360/344 5569/2652/1904 4470/2651/1903
f 3493/360/344 388/359/343 4471/2653/1905 5569/2652/1904
f 5569/2652/1904 4471/2653/1905 551/471/426 3536/469/424
f 4470/2651/1903 5569/2652/1904 3536/469/424 550/266/261
f 552/514/463 4252/2121/1585 5570/2654/1906 4472/2655/1907
f 4252/2121/1585 551/471/426 4471/2653/1905 5570/2654/1906
f 5570/2654/1906 4471/2653/1905 388/359/343 4251/2118/1582
f 4472/2655/1907 5570/2654/1906 4251/2118/1582 346/511/460
f 83/153/151 4473/2656/1908 5571/2657/1909 3553/510/459
f 4473/2656/1908 553/286/281 3556/515/464 5571/2657/1909
f 5571/2657/1909 3556/515/464 552/514/463 4472/2655/1907
f 3553/510/459 5571/2657/1909 4472/2655/1907 346/511/460
f 554/288/283 3463/287/282 5572/2658/1910 4474/2659/1911
f 3463/287/282 553/286/281 4473/2656/1908 5572/2658/1910
f 5572/2658/1910 4473/2656/1908 83/153/151 3404/152/150
f 4474/2659/1911 5572/2658/1910 3404/152/150 84/151/149
f 533/459/417 3531/458/416 5573/2660/1912 4449/2661/1873
f 3531/458/416 554/457/283 4474/2662/1911 5573/2660/1912
f 5573/2660/1912 4474/2662/1911 84/365/149 3495/362/346
f 4449/2661/1873 5573/2660/1912 3495/362/346 29/361/345
f 221/1555/1296 4015/1554/917 5574/2663/917 4476/2664/881
f 4015/1554/917 222/1553/907 4475/2665/907 5574/2663/917
f 5574/2663/917 4475/2665/907 556/1027/907 3794/1042/917
f 4476/2664/881 5574/2663/917 3794/1042/917 555/999/881
f 301/1561/907 4477/2666/907 5575/2667/907 4019/1557/907
f 4477/2666/907 557/1031/907 3787/1028/907 5575/2667/907
f 5575/2667/907 3787/1028/907 556/1027/907 4475/2665/907
f 4019/1557/907 5575/2667/907 4475/2665/907 222/1553/907
f 559/1269/907 3892/1268/907 5576/2668/907 4479/2669/907
f 3892/1268/907 558/1267/907 4478/2670/907 5576/2668/907
f 5576/2668/907 4478/2670/907 334/1562/907 4023/1565/907
f 4479/2669/907 5576/2668/907 4023/1565/907 223/1570/907
f 223/1570/907 4025/1576/1099 5577/2671/1913 4479/2669/907
f 4025/1576/1099 224/1575/1297 4480/2672/1914 5577/2671/1913
f 5577/2671/1913 4480/2672/1914 560/1234/1069 3898/1278/1099
f 4479/2669/907 5577/2671/1913 3898/1278/1099 559/1269/907
f 561/1236/1071 3877/1235/1070 5578/2673/1915 4481/2674/1071
f 3877/1235/1070 560/1234/1069 4480/2672/1914 5578/2673/1915
f 5578/2673/1915 4480/2672/1914 224/1575/1297 4027/1578/1299
f 4481/2674/1071 5578/2673/1915 4027/1578/1299 225/1577/1071
f 561/1236/1071 4481/2674/1071 5579/2675/1266 3996/1511/1266
f 4481/2674/1071 225/1577/1071 4031/1588/1266 5579/2675/1266
f 5579/2675/1266 4031/1588/1266 226/1587/1267 4482/2676/1267
f 3996/1511/1266 5579/2675/1266 4482/2676/1267 562/1512/1267
f 227/1593/1306 4483/2677/1916 5580/2678/1917 4034/1594/1307
f 4483/2677/1916 563/1296/1111 3904/1295/1110 5580/2678/1917
f 5580/2678/1917 3904/1295/1110 586/1294/1107 4484/2679/1107
f 4034/1594/1307 5580/2678/1917 4484/2679/1107 587/1595/1107
f 564/1257/900 4101/1739/1362 5581/2680/1362 4485/2681/900
f 4101/1739/1362 563/1738/1111 4483/2682/1916 5581/2680/1362
f 5581/2680/1362 4483/2682/1916 227/1743/1306 4102/1742/1362
f 4485/2681/900 5581/2680/1362 4102/1742/1362 273/1604/900
f 273/1604/900 4038/1603/900 5582/2683/900 4485/2681/900
f 4038/1603/900 228/1602/900 4486/2684/900 5582/2683/900
f 5582/2683/900 4486/2684/900 565/1018/900 3888/1258/900
f 4485/2681/900 5582/2683/900 3888/1258/900 564/1257/900
f 228/1602/900 4042/1612/900 5583/2685/900 4486/2684/900
f 4042/1612/900 261/1611/900 4487/2686/900 5583/2685/900
f 5583/2685/900 4487/2686/900 566/1022/900 3783/1019/900
f 4486/2684/900 5583/2685/900 3783/1019/900 565/1018/900
f 567/1854/941 4137/1853/1413 5584/2687/1413 4488/2688/1918
f 4137/1853/1413 566/1022/900 4487/2686/900 5584/2687/1413
f 5584/2687/1413 4487/2686/900 261/1611/900 4134/1844/1413
f 4488/2688/1918 5584/2687/1413 4134/1844/1413 229/1843/1308
f 576/1621/943 4489/2689/943 5585/2690/1919 4047/1616/1311
f 4489/2689/943 577/1078/943 3806/1077/942 5585/2690/1919
f 5585/2690/1919 3806/1077/942 567/1076/941 4488/2691/1918
f 4047/1616/1311 5585/2690/1919 4488/2691/1918 229/1613/1308
f 568/1468/1232 4490/2692/1232 5586/2693/1233 3979/1469/1233
f 4490/2692/1232 230/1630/1232 4050/1629/1233 5586/2693/1233
f 5586/2693/1233 4050/1629/1233 231/1628/879 4491/2694/879
f 3979/1469/1233 5586/2693/1233 4491/2694/879 569/997/879
f 555/999/881 3773/998/880 5587/2695/1920 4476/2664/881
f 3773/998/880 569/997/879 4491/2694/879 5587/2695/1920
f 5587/2695/1920 4491/2694/879 231/1628/879 4052/1631/1314
f 4476/2664/881 5587/2695/1920 4052/1631/1314 221/1555/1296
f 595/2102/950 4492/2696/950 5588/2697/953 4243/2100/1334
f 4492/2696/950 596/1947/950 4175/1950/953 5588/2697/953
f 5588/2697/953 4175/1950/953 415/1709/1330 4091/1712/1330
f 4243/2100/1334 5588/2697/953 4091/1712/1330 244/1717/958
f 180/1133/993 3930/1346/1153 5589/2698/1921 3921/1330/1137
f 3930/1346/1153 250/1348/1155 4149/1879/1439 5589/2698/1921
f 5589/2698/1921 4149/1879/1439 276/1727/1353 4095/1724/1350
f 3921/1330/1137 5589/2698/1921 4095/1724/1350 275/1331/1138
f 180/1133/993 3832/1132/992 5590/2699/1922 3840/1147/1007
f 3832/1132/992 263/1131/991 4141/1863/1425 5590/2699/1922
f 5590/2699/1922 4141/1863/1425 264/1771/1375 4111/1770/1374
f 3840/1147/1007 5590/2699/1922 4111/1770/1374 248/1150/1010
f 328/1337/1144 4493/2700/1923 5591/2701/1924 4229/2080/1564
f 4493/2700/1923 410/1804/1391 4181/1961/1484 5591/2701/1924
f 5591/2701/1924 4181/1961/1484 368/1815/1399 4228/2076/1560
f 4229/2080/1564 5591/2701/1924 4228/2076/1560 307/1140/1000
f 328/1337/1144 3928/1344/1151 5592/2702/1925 4493/2700/1923
f 3928/1344/1151 327/1343/1150 4227/2073/1558 5592/2702/1925
f 5592/2702/1925 4227/2073/1558 253/1806/1393 4121/1805/1392
f 4493/2700/1923 5592/2702/1925 4121/1805/1392 410/1804/1391
f 471/2267/1702 4494/2703/1926 5593/2704/1927 4313/2263/1700
f 4494/2703/1926 602/2705/943 4495/2706/1928 5593/2704/1927
f 5593/2704/1927 4495/2706/1928 603/2707/1929 4496/2708/1930
f 4313/2263/1700 5593/2704/1927 4496/2708/1930 170/1481/1245
f 511/1482/1246 4497/2709/1931 5594/2710/1932 4426/2530/1843
f 4497/2709/1931 601/2711/943 4498/2712/943 5594/2710/1932
f 5594/2710/1932 4498/2712/943 602/2705/943 4494/2703/1926
f 4426/2530/1843 5594/2710/1932 4494/2703/1926 471/2267/1702
f 169/1487/1237 4499/2713/1933 5595/2714/1934 3987/1485/1249
f 4499/2713/1933 600/2715/943 4500/2716/943 5595/2714/1934
f 5595/2714/1934 4500/2716/943 601/2711/943 4497/2709/1931
f 3987/1485/1249 5595/2714/1934 4497/2709/1931 511/1482/1246
f 495/2717/1261 4501/2718/1935 5596/2719/1936 3994/2720/1260
f 4501/2718/1935 629/2721/943 4502/2722/943 5596/2719/1936
f 5596/2719/1936 4502/2722/943 600/2715/943 4499/2713/1933
f 3994/2720/1260 5596/2719/1936 4499/2713/1933 169/1487/1237
f 179/2723/1232 4503/2724/1937 5597/2725/1938 4406/2726/1830
f 4503/2724/1937 628/2727/943 4504/2728/943 5597/2725/1938
f 5597/2725/1938 4504/2728/943 629/2721/943 4501/2718/1935
f 4406/2726/1830 5597/2725/1938 4501/2718/1935 495/2717/1261
f 230/2729/1232 4505/2730/1939 5598/2731/1940 4051/2732/1232
f 4505/2730/1939 627/2733/943 4506/2734/943 5598/2731/1940
f 5598/2731/1940 4506/2734/943 628/2727/943 4503/2724/1937
f 4051/2732/1232 5598/2731/1940 4503/2724/1937 179/2723/1232
f 568/2735/1232 4507/2736/1941 5599/2737/1937 4490/2738/1232
f 4507/2736/1941 626/2739/943 4508/2740/943 5599/2737/1937
f 5599/2737/1937 4508/2740/943 627/2733/943 4505/2730/1939
f 4490/2738/1232 5599/2737/1937 4505/2730/1939 230/2729/1232
f 168/2593/1230 4509/2741/1942 5600/2742/1943 3978/2743/1231
f 4509/2741/1942 625/2744/943 4510/2745/943 5600/2742/1943
f 5600/2742/1943 4510/2745/943 626/2739/943 4507/2736/1941
f 3978/2743/1231 5600/2742/1943 4507/2736/1941 568/2735/1232
f 537/1634/1317 4511/2746/1944 5601/2747/1945 4454/2596/1880
f 4511/2746/1944 624/2748/943 4512/2749/943 5601/2747/1945
f 5601/2747/1945 4512/2749/943 625/2744/943 4509/2741/1942
f 4454/2596/1880 5601/2747/1945 4509/2741/1942 168/2593/1230
f 171/1639/1250 4513/2750/1946 5602/2751/1947 4055/1637/1320
f 4513/2750/1946 623/2752/1948 4514/2753/1949 5602/2751/1947
f 5602/2751/1947 4514/2753/1949 624/2748/943 4511/2746/1944
f 4055/1637/1320 5602/2751/1947 4511/2746/1944 537/1634/1317
f 305/1493/1255 4515/2754/1950 5603/2755/1951 3990/1491/1253
f 4515/2754/1950 622/2756/895 4516/2757/1952 5603/2755/1951
f 5603/2755/1951 4516/2757/1952 623/2758/1948 4513/2759/1946
f 3990/1491/1253 5603/2755/1951 4513/2759/1946 171/1488/1250
f 330/1530/1282 4517/2760/1950 5604/2761/1953 4233/2084/1255
f 4517/2760/1950 621/2762/895 4518/2763/895 5604/2761/1953
f 5604/2761/1953 4518/2763/895 622/2756/895 4515/2754/1950
f 4233/2084/1255 5604/2761/1953 4515/2754/1950 305/1493/1255
f 198/1528/1280 4519/2764/1954 5605/2765/1955 4005/1529/1281
f 4519/2764/1954 620/2766/1956 4520/2767/1957 5605/2765/1955
f 5605/2765/1955 4520/2767/1957 621/2762/895 4517/2760/1950
f 4005/1529/1281 5605/2765/1955 4517/2760/1950 330/1530/1282
f 544/1536/1286 4521/2768/1958 5606/2769/1959 4008/1534/1284
f 4521/2768/1958 619/2770/1107 4522/2771/1960 5606/2769/1959
f 5606/2769/1959 4522/2771/1960 620/2772/1956 4519/2773/1954
f 4008/1534/1284 5606/2769/1959 4519/2773/1954 198/1531/1280
f 195/2629/1262 4523/2774/1961 5607/2775/1962 4463/2630/1891
f 4523/2774/1961 618/2776/1107 4524/2777/1107 5607/2775/1962
f 5607/2775/1962 4524/2777/1107 619/2770/1107 4521/2768/1958
f 4463/2630/1891 5607/2775/1962 4521/2768/1958 544/1536/1286
f 562/2778/1267 4525/2779/1963 5608/2780/1964 3997/2781/1265
f 4525/2779/1963 617/2782/1107 4526/2783/1107 5608/2780/1964
f 5608/2780/1964 4526/2783/1107 618/2776/1107 4523/2774/1961
f 3997/2781/1265 5608/2780/1964 4523/2774/1961 195/2629/1262
f 226/2784/1267 4527/2785/1965 5609/2786/1966 4482/2787/1267
f 4527/2785/1965 616/2788/1107 4528/2789/1107 5609/2786/1966
f 5609/2786/1966 4528/2789/1107 617/2782/1107 4525/2779/1963
f 4482/2787/1267 5609/2786/1966 4525/2779/1963 562/2778/1267
f 206/2790/1267 4529/2791/1966 5610/2792/1967 4030/2793/1267
f 4529/2791/1966 615/2794/1107 4530/2795/1107 5610/2792/1967
f 5610/2792/1967 4530/2795/1107 616/2788/1107 4527/2785/1965
f 4030/2793/1267 5610/2792/1967 4527/2785/1965 226/2784/1267
f 501/2796/1291 4531/2797/1968 5611/2798/1969 4415/2799/1833
f 4531/2797/1968 614/2800/1107 4532/2801/1107 5611/2798/1969
f 5611/2798/1969 4532/2801/1107 615/2794/1107 4529/2791/1966
f 4415/2799/1833 5611/2798/1969 4529/2791/1966 206/2790/1267
f 196/1537/1271 4533/2802/1970 5612/2803/1971 4012/2804/1293
f 4533/2802/1970 613/2805/1107 4534/2806/1107 5612/2803/1971
f 5612/2803/1971 4534/2806/1107 614/2800/1107 4531/2797/1968
f 4012/2804/1293 5612/2803/1971 4531/2797/1968 501/2796/1291
f 522/1542/1290 4535/2807/1972 5613/2808/1973 4010/1540/1288
f 4535/2807/1972 612/2809/1107 4536/2810/1107 5613/2808/1973
f 5613/2808/1973 4536/2810/1107 613/2805/1107 4533/2802/1970
f 4010/1540/1288 5613/2808/1973 4533/2802/1970 196/1537/1271
f 460/2308/1720 4537/2811/1974 5614/2812/1975 4436/2553/1850
f 4537/2811/1974 611/2813/1107 4538/2814/1107 5614/2812/1975
f 5614/2812/1975 4538/2814/1107 612/2809/1107 4535/2807/1972
f 4436/2553/1850 5614/2812/1975 4535/2807/1972 522/1542/1290
f 197/1519/1274 4539/2815/1976 5615/2816/1977 4333/2311/1722
f 4539/2815/1976 610/2817/1978 4540/2818/1979 5615/2816/1977
f 5615/2816/1977 4540/2818/1979 611/2813/1107 4537/2811/1974
f 4333/2311/1722 5615/2816/1977 4537/2811/1974 460/2308/1720
f 339/1524/1240 4541/2819/1980 5616/2820/1981 4003/1522/1277
f 4541/2819/1980 609/2821/950 4542/2822/1982 5616/2820/1981
f 5616/2820/1981 4542/2822/1982 610/2817/1978 4539/2815/1976
f 4003/1522/1277 5616/2820/1981 4539/2815/1976 197/1519/1274
f 243/1703/1240 4543/2823/1980 5617/2824/1980 4240/2097/1240
f 4543/2823/1980 608/2825/950 4544/2826/950 5617/2824/1980
f 5617/2824/1980 4544/2826/950 609/2821/950 4541/2819/1980
f 4240/2097/1240 5617/2824/1980 4541/2819/1980 339/1524/1240
f 414/1708/1240 4545/2827/1980 5618/2828/1983 4087/1706/1240
f 4545/2827/1980 607/2829/950 4546/2830/950 5618/2828/1983
f 5618/2828/1983 4546/2830/950 608/2825/950 4543/2823/1980
f 4087/1706/1240 5618/2828/1983 4543/2823/1980 243/1703/1240
f 372/1669/1240 4547/2831/1980 5619/2832/1980 4177/1953/1240
f 4547/2831/1980 606/2833/950 4548/2834/950 5619/2832/1980
f 5619/2832/1980 4548/2834/950 607/2829/950 4545/2827/1980
f 4177/1953/1240 5619/2832/1980 4545/2827/1980 414/1708/1240
f 234/1667/1240 4549/2835/1980 5620/2836/1980 4068/1668/1240
f 4549/2835/1980 605/2837/950 4550/2838/950 5620/2836/1980
f 5620/2836/1980 4550/2838/950 606/2833/950 4547/2831/1980
f 4068/1668/1240 5620/2836/1980 4547/2831/1980 372/1669/1240
f 296/1476/1240 4551/2839/1984 5621/2840/1983 4202/2017/1240
f 4551/2839/1984 604/2841/950 4552/2842/950 5621/2840/1983
f 5621/2840/1983 4552/2842/950 605/2837/950 4549/2835/1980
f 4202/2017/1240 5621/2840/1983 4549/2835/1980 234/1667/1240
f 170/1481/1245 4496/2708/1930 5622/2843/1985 3985/1479/1243
f 4496/2708/1930 603/2707/1929 4553/2844/1986 5622/2843/1985
f 5622/2843/1985 4553/2844/1986 604/2841/950 4551/2839/1984
f 3985/1479/1243 5622/2843/1985 4551/2839/1984 296/1476/1240
f 601/2711/943 4500/2716/943 5623/2845/943 4555/2846/943
f 4500/2716/943 600/2715/943 4554/2847/943 5623/2845/943
f 5623/2845/943 4554/2847/943 573/1089/943 3811/1088/943
f 4555/2846/943 5623/2845/943 3811/1088/943 572/1087/943
f 602/2705/943 4498/2712/943 5624/2848/943 4556/2849/943
f 4498/2712/943 601/2711/943 4555/2846/943 5624/2848/943
f 5624/2848/943 4555/2846/943 572/1087/943 4424/2527/943
f 4556/2849/943 5624/2848/943 4424/2527/943 571/2260/943
f 603/2707/1929 4495/2706/1928 5625/2850/1987 4557/2851/1988
f 4495/2706/1928 602/2705/943 4556/2849/943 5625/2850/1987
f 5625/2850/1987 4556/2849/943 571/2260/943 4309/2258/1696
f 4557/2851/1988 5625/2850/1987 4309/2258/1696 570/1094/954
f 604/2841/950 4553/2844/1986 5626/2852/1989 4558/2853/950
f 4553/2844/1986 603/2707/1929 4557/2851/1988 5626/2852/1989
f 5626/2852/1989 4557/2851/1988 570/1094/954 3813/1091/951
f 4558/2853/950 5626/2852/1989 3813/1091/951 599/1090/950
f 605/2837/950 4552/2842/950 5627/2854/950 4559/2855/950
f 4552/2842/950 604/2841/950 4558/2853/950 5627/2854/950
f 5627/2854/950 4558/2853/950 599/1090/950 4200/2014/950
f 4559/2855/950 5627/2854/950 4200/2014/950 598/1659/950
f 606/2833/950 4550/2838/950 5628/2856/950 4560/2857/950
f 4550/2838/950 605/2837/950 4559/2855/950 5628/2856/950
f 5628/2856/950 4559/2855/950 598/1659/950 4063/1656/950
f 4560/2857/950 5628/2856/950 4063/1656/950 597/1655/950
f 607/2829/950 4548/2834/950 5629/2858/950 4561/2859/950
f 4548/2834/950 606/2833/950 4560/2857/950 5629/2858/950
f 5629/2858/950 4560/2857/950 597/1655/950 4174/1948/950
f 4561/2859/950 5629/2858/950 4174/1948/950 596/1947/950
f 608/2825/950 4546/2830/950 5630/2860/950 4562/2861/950
f 4546/2830/950 607/2829/950 4561/2859/950 5630/2860/950
f 5630/2860/950 4561/2859/950 596/1947/950 4492/2696/950
f 4562/2861/950 5630/2860/950 4492/2696/950 595/2102/950
f 609/2821/950 4544/2826/950 5631/2862/950 4563/2863/950
f 4544/2826/950 608/2825/950 4562/2861/950 5631/2862/950
f 5631/2862/950 4562/2861/950 595/2102/950 4242/2101/950
f 4563/2863/950 5631/2862/950 4242/2101/950 594/1303/950
f 610/2817/1978 4542/2822/1982 5632/2864/1990 4564/2865/1991
f 4542/2822/1982 609/2821/950 4563/2863/950 5632/2864/1990
f 5632/2864/1990 4563/2863/950 594/1303/950 3907/1300/1115
f 4564/2865/1991 5632/2864/1990 3907/1300/1115 593/1299/1114
f 611/2813/1107 4540/2818/1979 5633/2866/1992 4565/2867/1107
f 4540/2818/1979 610/2817/1978 4564/2865/1991 5633/2866/1992
f 5633/2866/1992 4564/2865/1991 593/1299/1114 4336/2317/1727
f 4565/2867/1107 5633/2866/1992 4336/2317/1727 592/2316/1107
f 612/2809/1107 4538/2814/1107 5634/2868/1107 4566/2869/1107
f 4538/2814/1107 611/2813/1107 4565/2867/1107 5634/2868/1107
f 5634/2868/1107 4565/2867/1107 592/2316/1107 4438/2556/1107
f 4566/2869/1107 5634/2868/1107 4438/2556/1107 591/1419/1107
f 613/2805/1107 4536/2810/1107 5635/2870/1107 4567/2871/1107
f 4536/2810/1107 612/2809/1107 4566/2869/1107 5635/2870/1107
f 5635/2870/1107 4566/2869/1107 591/1419/1107 3955/1416/1107
f 4567/2871/1107 5635/2870/1107 3955/1416/1107 590/1415/1107
f 614/2800/1107 4534/2806/1107 5636/2872/1107 4568/2873/1107
f 4534/2806/1107 613/2805/1107 4567/2871/1107 5636/2872/1107
f 5636/2872/1107 4567/2871/1107 590/1415/1107 3974/1459/1107
f 4568/2873/1107 5636/2872/1107 3974/1459/1107 589/1458/1107
f 615/2794/1107 4532/2801/1107 5637/2874/1107 4569/2875/1107
f 4532/2801/1107 614/2800/1107 4568/2873/1107 5637/2874/1107
f 5637/2874/1107 4568/2873/1107 589/1458/1107 4413/2506/1107
f 4569/2875/1107 5637/2874/1107 4413/2506/1107 588/1597/1107
f 616/2788/1107 4530/2795/1107 5638/2876/1107 4570/2877/1107
f 4530/2795/1107 615/2794/1107 4569/2875/1107 5638/2876/1107
f 5638/2876/1107 4569/2875/1107 588/1597/1107 4035/1596/1107
f 4570/2877/1107 5638/2876/1107 4035/1596/1107 587/1595/1107
f 617/2782/1107 4528/2789/1107 5639/2878/1107 4571/2879/1107
f 4528/2789/1107 616/2788/1107 4570/2877/1107 5639/2878/1107
f 5639/2878/1107 4570/2877/1107 587/1595/1107 4484/2679/1107
f 4571/2879/1107 5639/2878/1107 4484/2679/1107 586/1294/1107
f 618/2776/1107 4526/2783/1107 5640/2880/1107 4572/2881/1107
f 4526/2783/1107 617/2782/1107 4571/2879/1107 5640/2880/1107
f 5640/2880/1107 4571/2879/1107 586/1294/1107 3903/1291/1107
f 4572/2881/1107 5640/2880/1107 3903/1291/1107 585/1290/1107
f 619/2770/1107 4524/2777/1107 5641/2882/1107 4573/2883/1107
f 4524/2777/1107 618/2776/1107 4572/2881/1107 5641/2882/1107
f 5641/2882/1107 4572/2881/1107 585/1290/1107 4465/2633/1107
f 4573/2883/1107 5641/2882/1107 4465/2633/1107 584/1380/1107
f 620/2772/1956 4522/2771/1960 5642/2884/1993 4574/2885/1994
f 4522/2771/1960 619/2770/1107 4573/2883/1107 5642/2884/1993
f 5642/2884/1993 4573/2883/1107 584/1380/1107 3942/1377/1178
f 4574/2885/1994 5642/2884/1993 3942/1377/1178 583/1376/1089
f 621/2762/895 4520/2767/1957 5643/2886/1995 4575/2887/895
f 4520/2767/1957 620/2766/1956 4574/2888/1994 5643/2886/1995
f 5643/2886/1995 4574/2888/1994 583/1256/1089 3886/1255/1088
f 4575/2887/895 5643/2886/1995 3886/1255/1088 582/1254/895
f 622/2756/895 4518/2763/895 5644/2889/895 4576/2890/895
f 4518/2763/895 621/2762/895 4575/2887/895 5644/2889/895
f 5644/2889/895 4575/2887/895 582/1254/895 4231/2081/895
f 4576/2890/895 5644/2889/895 4231/2081/895 581/1013/895
f 623/2758/1948 4516/2757/1952 5645/2891/1996 4577/2892/1997
f 4516/2757/1952 622/2756/895 4576/2890/895 5645/2891/1996
f 5645/2891/1996 4576/2890/895 581/1013/895 3779/1010/892
f 4577/2892/1997 5645/2891/1996 3779/1010/892 580/1009/891
f 624/2748/943 4514/2753/1949 5646/2893/1998 4578/2894/943
f 4514/2753/1949 623/2752/1948 4577/2895/1997 5646/2893/1998
f 5646/2893/1998 4577/2895/1997 580/1187/891 3858/1186/1042
f 4578/2894/943 5646/2893/1998 3858/1186/1042 579/1185/943
f 625/2744/943 4512/2749/943 5647/2896/943 4579/2897/943
f 4512/2749/943 624/2748/943 4578/2894/943 5647/2896/943
f 5647/2896/943 4578/2894/943 579/1185/943 4452/2591/943
f 4579/2897/943 5647/2896/943 4452/2591/943 578/1080/943
f 626/2739/943 4510/2745/943 5648/2898/943 4580/2899/943
f 4510/2745/943 625/2744/943 4579/2897/943 5648/2898/943
f 5648/2898/943 4579/2897/943 578/1080/943 3807/1079/943
f 4580/2899/943 5648/2898/943 3807/1079/943 577/1078/943
f 627/2733/943 4508/2740/943 5649/2900/943 4581/2901/943
f 4508/2740/943 626/2739/943 4580/2899/943 5649/2900/943
f 5649/2900/943 4580/2899/943 577/1078/943 4489/2689/943
f 4581/2901/943 5649/2900/943 4489/2689/943 576/1621/943
f 628/2727/943 4506/2734/943 5650/2902/943 4582/2903/943
f 4506/2734/943 627/2733/943 4581/2901/943 5650/2902/943
f 5650/2902/943 4581/2901/943 576/1621/943 4046/1620/943
f 4582/2903/943 5650/2902/943 4046/1620/943 575/1619/943
f 629/2721/943 4504/2728/943 5651/2904/943 4583/2905/943
f 4504/2728/943 628/2727/943 4582/2903/943 5651/2904/943
f 5651/2904/943 4582/2903/943 575/1619/943 4408/2496/943
f 4583/2905/943 5651/2904/943 4408/2496/943 574/1222/943
f 600/2715/943 4502/2722/943 5652/2906/943 4554/2847/943
f 4502/2722/943 629/2721/943 4583/2905/943 5652/2906/943
f 5652/2906/943 4583/2905/943 574/1222/943 3871/1220/943
f 4554/2847/943 5652/2906/943 3871/1220/943 573/1089/943
f 637/2907/1999 4584/2908/1999 5653/2909/2000 4588/2910/1999
f 695/2911/2001 4585/2912/2002 5653/2909/2000 4584/2908/1999
f 694/2913/2003 4586/2914/2004 5653/2909/2000 4585/2912/2002
f 635/2915/2005 4587/2916/2006 5653/2909/2000 4586/2914/2004
f 634/2917/1999 4588/2910/1999 5653/2909/2000 4587/2916/2006
f 634/2917/1999 4587/2916/2006 5654/2918/2007 4592/2919/1999
f 635/2915/2005 4589/2920/2008 5654/2918/2007 4587/2916/2006
f 681/2921/2009 4590/2922/2010 5654/2918/2007 4589/2920/2008
f 680/2923/2011 4591/2924/1999 5654/2918/2007 4590/2922/2010
f 639/2925/1999 4592/2919/1999 5654/2918/2007 4591/2924/1999
f 643/2926/2012 4593/2927/2013 5655/2928/2014 4596/2929/2015
f 4593/2927/2013 642/2930/2016 4594/2931/2017 5655/2928/2014
f 5655/2928/2014 4594/2931/2017 645/2932/2018 4595/2933/2019
f 4596/2929/2015 5655/2928/2014 4595/2933/2019 644/2934/2020
f 642/2930/2016 4597/2935/2021 5656/2936/2022 4594/2931/2017
f 4597/2935/2021 641/2937/2023 4598/2938/2024 5656/2936/2022
f 5656/2936/2022 4598/2938/2024 646/2939/2025 4599/2940/2026
f 4594/2931/2017 5656/2936/2022 4599/2940/2026 645/2932/2018
f 649/2941/2027 4600/2942/2028 5657/2943/2029 4603/2944/2030
f 4600/2942/2028 648/2945/2031 4601/2946/2032 5657/2943/2029
f 5657/2943/2029 4601/2946/2032 651/2947/2033 4602/2948/2034
f 4603/2944/2030 5657/2943/2029 4602/2948/2034 650/2949/2035
f 648/2945/2031 4604/2950/2036 5658/2951/2037 4601/2946/2032
f 4604/2950/2036 647/2952/2038 4605/2953/2039 5658/2951/2037
f 5658/2951/2037 4605/2953/2039 652/2954/2040 4606/2955/2041
f 4601/2946/2032 5658/2951/2037 4606/2955/2041 651/2947/2033
f 655/2956/2042 4607/2957/2043 5659/2958/2044 4610/2959/2045
f 4607/2957/2043 654/2960/2046 4608/2961/2047 5659/2958/2044
f 5659/2958/2044 4608/2961/2047 657/2962/2048 4609/2963/2049
f 4610/2959/2045 5659/2958/2044 4609/2963/2049 656/2964/2050
f 654/2965/2046 4611/2966/2051 5660/2967/2052 4608/2968/2047
f 4611/2966/2051 653/2969/2053 4612/2970/2054 5660/2967/2052
f 5660/2967/2052 4612/2970/2054 658/2971/2055 4613/2972/2056
f 4608/2968/2047 5660/2967/2052 4613/2972/2056 657/2973/2048
f 661/2974/2057 4614/2975/2058 5661/2976/2059 4617/2977/2060
f 4614/2975/2058 660/2978/2061 4615/2979/2062 5661/2976/2059
f 5661/2976/2059 4615/2979/2062 663/2980/2063 4616/2981/2064
f 4617/2977/2060 5661/2976/2059 4616/2981/2064 662/2982/2065
f 660/2983/2061 4618/2984/2066 5662/2985/2067 4615/2986/2062
f 4618/2984/2066 659/2987/2068 4619/2988/2069 5662/2985/2067
f 5662/2985/2067 4619/2988/2069 664/2989/2070 4620/2990/2071
f 4615/2986/2062 5662/2985/2067 4620/2990/2071 663/2991/2063
f 667/2992/2072 4621/2993/2073 5663/2994/2074 4624/2995/2075
f 4621/2993/2073 666/2996/2076 4622/2997/2077 5663/2994/2074
f 5663/2994/2074 4622/2997/2077 670/2998/2078 4623/2999/2079
f 4624/2995/2075 5663/2994/2074 4623/2999/2079 669/3000/2080
f 666/3001/2076 4625/3002/2081 5664/3003/2082 4622/3004/2077
f 4625/3002/2081 665/3005/2083 4626/3006/2084 5664/3003/2082
f 5664/3003/2082 4626/3006/2084 671/3007/2085 4627/3008/2086
f 4622/3004/2077 5664/3003/2082 4627/3008/2086 670/3009/2078
f 679/3010/2087 4628/3011/2088 5665/3012/2089 4631/3013/2090
f 4628/3011/2088 678/3014/2091 4629/3015/2092 5665/3012/2089
f 5665/3012/2089 4629/3015/2092 684/3016/2093 4630/3017/2094
f 4631/3013/2090 5665/3012/2089 4630/3017/2094 683/3018/2095
f 678/3014/2091 4632/3019/2096 5666/3020/2097 4629/3015/2092
f 4632/3019/2096 682/3021/2098 4633/3022/2099 5666/3020/2097
f 5666/3020/2097 4633/3022/2099 685/3023/2100 4634/3024/2101
f 4629/3015/2092 5666/3020/2097 4634/3024/2101 684/3016/2093
f 693/3025/2102 4635/3026/2103 5667/3027/2104 4638/3028/2105
f 4635/3026/2103 692/3029/2106 4636/3030/2107 5667/3027/2104
f 5667/3027/2104 4636/3030/2107 698/3031/2108 4637/3032/2109
f 4638/3028/2105 5667/3027/2104 4637/3032/2109 697/3033/2110
f 692/3029/2106 4639/3034/2111 5668/3035/2112 4636/3030/2107
f 4639/3034/2111 696/3036/2113 4640/3037/2114 5668/3035/2112
f 5668/3035/2112 4640/3037/2114 699/3038/2115 4641/3039/2116
f 4636/3030/2107 5668/3035/2112 4641/3039/2116 698/3031/2108
f 630/3040/879 4642/3041/879 5669/3042/2117 4644/3043/2118
f 4642/3041/879 632/3044/879 4643/3045/2119 5669/3042/2117
f 5669/3042/2117 4643/3045/2119 646/2939/2025 4598/2938/2024
f 4644/3043/2118 5669/3042/2117 4598/2938/2024 641/2937/2023
f 649/2941/2027 4603/2944/2030 5670/3046/2120 4647/3047/2121
f 4603/2944/2030 650/2949/2035 4645/3048/2122 5670/3046/2120
f 5670/3046/2120 4645/3048/2122 633/3049/1071 4646/3050/1071
f 4647/3047/2121 5670/3046/2120 4646/3050/1071 631/3051/1071
f 646/2939/2025 4643/3045/2119 5671/3052/2123 4649/3053/2124
f 4643/3045/2119 632/3044/879 4648/3054/2125 5671/3052/2123
f 5671/3052/2123 4648/3054/2125 655/2956/2042 4610/2959/2045
f 4649/3053/2124 5671/3052/2123 4610/2959/2045 656/2964/2050
f 667/2992/2072 4650/3055/2126 5672/3056/2127 4653/3057/2128
f 635/2915/2005 4586/2914/2004 5672/3056/2127 4650/3055/2126
f 694/2913/2003 4651/3058/2129 5672/3056/2127 4586/2914/2004
f 693/3025/2102 4652/3059/2130 5672/3056/2127 4651/3058/2129
f 677/3060/2131 4653/3057/2128 5672/3056/2127 4652/3059/2130
f 633/3049/1071 4645/3048/2122 5673/3061/2132 4655/3062/2133
f 4645/3048/2122 650/2949/2035 4654/3063/2134 5673/3061/2132
f 5673/3061/2132 4654/3063/2134 661/2974/2057 4617/2977/2060
f 4655/3062/2133 5673/3061/2132 4617/2977/2060 662/2982/2065
f 665/3064/2083 4656/3065/2135 5674/3066/2136 4659/3067/2137
f 4656/3065/2135 675/3068/2138 4657/3069/2139 5674/3066/2136
f 5674/3066/2136 4657/3069/2139 638/3070/900 4658/3071/900
f 4659/3067/2137 5674/3066/2136 4658/3071/900 636/3072/900
f 652/2954/2040 4660/3073/2140 5675/3074/2141 4662/3075/2142
f 4660/3073/2140 679/3010/2087 4631/3013/2090 5675/3074/2141
f 5675/3074/2141 4631/3013/2090 683/3018/2095 4661/3076/2143
f 4662/3075/2142 5675/3074/2141 4661/3076/2143 687/3077/2144
f 639/2925/1999 4591/2924/1999 5676/3078/2145 4664/3079/2146
f 680/2923/2011 4663/3080/2147 5676/3078/2145 4591/2924/1999
f 679/3010/2087 4660/3073/2140 5676/3078/2145 4663/3080/2147
f 652/2954/2040 4605/2953/2039 5676/3078/2145 4660/3073/2140
f 647/2952/2038 4664/3079/2146 5676/3078/2145 4605/2953/2039
f 643/2926/2012 4596/2929/2015 5677/3081/2148 4667/3082/2149
f 644/2934/2020 4665/3083/2150 5677/3081/2148 4596/2929/2015
f 696/3036/2113 4666/3084/2151 5677/3081/2148 4665/3083/2150
f 695/2911/2001 4584/2908/1999 5677/3081/2148 4666/3084/2151
f 637/2907/1999 4667/3082/2149 5677/3081/2148 4584/2908/1999
f 699/3038/2115 4640/3037/2114 5678/3085/2152 4669/3086/2153
f 4640/3037/2114 696/3036/2113 4665/3083/2150 5678/3085/2152
f 5678/3085/2152 4665/3083/2150 644/2934/2020 4668/3087/2154
f 4669/3086/2153 5678/3085/2152 4668/3087/2154 701/3088/2155
f 658/2971/2055 4612/2970/2054 5679/3089/2156 4672/3090/2157
f 653/2969/2053 4670/3091/2158 5679/3089/2156 4612/2970/2054
f 638/3070/900 4657/3069/2139 5679/3089/2156 4670/3091/2158
f 675/3068/2138 4671/3092/2159 5679/3089/2156 4657/3069/2139
f 674/3093/2160 4672/3090/2157 5679/3089/2156 4671/3092/2159
f 667/2992/2072 4624/2995/2075 5680/3094/2161 4650/3055/2126
f 669/3000/2080 4673/3095/2162 5680/3094/2161 4624/2995/2075
f 682/3021/2098 4674/3096/2163 5680/3094/2161 4673/3095/2162
f 681/2921/2009 4589/2920/2008 5680/3094/2161 4674/3096/2163
f 635/2915/2005 4650/3055/2126 5680/3094/2161 4589/2920/2008
f 665/3005/2083 4659/3097/2137 5681/3098/2164 4626/3006/2084
f 4659/3097/2137 636/3099/900 4675/3100/900 5681/3098/2164
f 5681/3098/2164 4675/3100/900 640/3101/900 4676/3102/2165
f 4626/3006/2084 5681/3098/2164 4676/3102/2165 671/3007/2085
f 685/3023/2100 4633/3103/2099 5682/3104/2166 4678/3105/2167
f 4633/3103/2099 682/3106/2098 4673/3107/2162 5682/3104/2166
f 5682/3104/2166 4673/3107/2162 669/3108/2080 4677/3109/2168
f 4678/3105/2167 5682/3104/2166 4677/3109/2168 668/3110/2169
f 661/2974/2057 4654/3063/2134 5683/3111/2170 4680/3112/2171
f 650/2949/2035 4679/3113/2172 5683/3111/2170 4654/3063/2134
f 691/3114/2173 4680/3112/2171 5683/3111/2170 4679/3113/2172
f 646/2939/2025 4649/3053/2124 5684/3115/2174 4682/3116/2175
f 656/2964/2050 4681/3117/2176 5684/3115/2174 4649/3053/2124
f 703/3118/2177 4682/3116/2175 5684/3115/2174 4681/3117/2176
f 658/2971/2055 4672/3090/2157 5685/3119/2178 4686/3120/2179
f 674/3093/2160 4683/3121/2180 5685/3119/2178 4672/3090/2157
f 673/3122/2181 4684/3123/2182 5685/3119/2178 4683/3121/2180
f 697/3033/2110 4685/3124/2183 5685/3119/2178 4684/3123/2182
f 705/3125/2184 4686/3120/2179 5685/3119/2178 4685/3124/2183
f 668/3110/2169 4687/3126/2185 5686/3127/2186 4678/3105/2167
f 672/3128/2187 4688/3129/2188 5686/3127/2186 4687/3126/2185
f 659/2987/2068 4689/3130/2189 5686/3127/2186 4688/3129/2188
f 689/3131/2190 4690/3132/2191 5686/3127/2186 4689/3130/2189
f 685/3023/2100 4678/3105/2167 5686/3127/2186 4690/3132/2191
f 672/3128/2187 4691/3133/2192 5687/3134/2193 4688/3129/2188
f 671/3007/2085 4676/3102/2165 5687/3134/2193 4691/3133/2192
f 640/3101/900 4692/3135/2194 5687/3134/2193 4676/3102/2165
f 664/2989/2070 4619/2988/2069 5687/3134/2193 4692/3135/2194
f 659/2987/2068 4688/3129/2188 5687/3134/2193 4619/2988/2069
f 673/3122/2181 4693/3136/2195 5688/3137/2196 4684/3123/2182
f 4693/3136/2195 677/3138/2131 4652/3139/2130 5688/3137/2196
f 5688/3137/2196 4652/3139/2130 693/3140/2102 4638/3141/2105
f 4684/3123/2182 5688/3137/2196 4638/3141/2105 697/3033/2110
f 644/2934/2020 4595/2933/2019 5689/3142/2197 4668/3087/2154
f 4595/2933/2019 645/2932/2018 4694/3143/2198 5689/3142/2197
f 5689/3142/2197 4694/3143/2198 702/3144/2199 4695/3145/2200
f 4668/3087/2154 5689/3142/2197 4695/3145/2200 701/3088/2155
f 645/2932/2018 4599/2940/2026 5690/3146/2201 4694/3143/2198
f 4599/2940/2026 646/2939/2025 4682/3116/2175 5690/3146/2201
f 5690/3146/2201 4682/3116/2175 703/3118/2177 4696/3147/2202
f 4694/3143/2198 5690/3146/2201 4696/3147/2202 702/3144/2199
f 650/2949/2035 4602/2948/2034 5691/3148/2203 4679/3113/2172
f 4602/2948/2034 651/2947/2033 4697/3149/2204 5691/3148/2203
f 5691/3148/2203 4697/3149/2204 686/3150/2205 4698/3151/2206
f 4679/3113/2172 5691/3148/2203 4698/3151/2206 691/3114/2173
f 651/2947/2033 4606/2955/2041 5692/3152/2207 4697/3149/2204
f 4606/2955/2041 652/2954/2040 4662/3075/2142 5692/3152/2207
f 5692/3152/2207 4662/3075/2142 687/3077/2144 4699/3153/2208
f 4697/3149/2204 5692/3152/2207 4699/3153/2208 686/3150/2205
f 656/2964/2050 4609/2963/2049 5693/3154/2209 4681/3117/2176
f 4609/2963/2049 657/2962/2048 4700/3155/2210 5693/3154/2209
f 5693/3154/2209 4700/3155/2210 704/3156/2211 4701/3157/2212
f 4681/3117/2176 5693/3154/2209 4701/3157/2212 703/3118/2177
f 657/2973/2048 4613/2972/2056 5694/3158/2213 4700/3159/2210
f 4613/2972/2056 658/2971/2055 4686/3120/2179 5694/3158/2213
f 5694/3158/2213 4686/3120/2179 705/3125/2184 4702/3160/2214
f 4700/3159/2210 5694/3158/2213 4702/3160/2214 704/3156/2211
f 659/2987/2068 4618/2984/2066 5695/3161/2215 4689/3130/2189
f 4618/2984/2066 660/2983/2061 4703/3162/2216 5695/3161/2215
f 5695/3161/2215 4703/3162/2216 690/3163/2217 4704/3164/2218
f 4689/3130/2189 5695/3161/2215 4704/3164/2218 689/3131/2190
f 660/2978/2061 4614/2975/2058 5696/3165/2219 4703/3166/2216
f 4614/2975/2058 661/2974/2057 4680/3112/2171 5696/3165/2219
f 5696/3165/2219 4680/3112/2171 691/3114/2173 4705/3167/2220
f 4703/3166/2216 5696/3165/2219 4705/3167/2220 690/3163/2217
f 665/3064/2083 4625/3168/2081 5697/3169/2221 4656/3065/2135
f 4625/3168/2081 666/3170/2076 4706/3171/2222 5697/3169/2221
f 5697/3169/2221 4706/3171/2222 676/3172/2223 4707/3173/2224
f 4656/3065/2135 5697/3169/2221 4707/3173/2224 675/3068/2138
f 666/2996/2076 4621/2993/2073 5698/3174/2225 4706/3175/2222
f 4621/2993/2073 667/2992/2072 4653/3057/2128 5698/3174/2225
f 5698/3174/2225 4653/3057/2128 677/3060/2131 4708/3176/2226
f 4706/3175/2222 5698/3174/2225 4708/3176/2226 676/3177/2223
f 683/3018/2095 4630/3017/2094 5699/3178/2227 4661/3076/2143
f 4630/3017/2094 684/3016/2093 4709/3179/2228 5699/3178/2227
f 5699/3178/2227 4709/3179/2228 688/3180/2229 4710/3181/2230
f 4661/3076/2143 5699/3178/2227 4710/3181/2230 687/3077/2144
f 684/3016/2093 4634/3024/2101 5700/3182/2231 4709/3179/2228
f 4634/3024/2101 685/3023/2100 4690/3132/2191 5700/3182/2231
f 5700/3182/2231 4690/3132/2191 689/3131/2190 4711/3183/2232
f 4709/3179/2228 5700/3182/2231 4711/3183/2232 688/3180/2229
f 697/3033/2110 4637/3032/2109 5701/3184/2233 4685/3124/2183
f 4637/3032/2109 698/3031/2108 4712/3185/2234 5701/3184/2233
f 5701/3184/2233 4712/3185/2234 700/3186/2235 4713/3187/2236
f 4685/3124/2183 5701/3184/2233 4713/3187/2236 705/3125/2184
f 698/3031/2108 4641/3039/2116 5702/3188/2237 4712/3185/2234
f 4641/3039/2116 699/3038/2115 4669/3086/2153 5702/3188/2237
f 5702/3188/2237 4669/3086/2153 701/3088/2155 4714/3189/2238
f 4712/3185/2234 5702/3188/2237 4714/3189/2238 700/3186/2235
f 669/3108/2080 4623/3190/2079 5703/3191/2239 4677/3109/2168
f 4623/3190/2079 670/3009/2078 4715/3192/2240 5703/3191/2239
f 5703/3191/2239 4715/3192/2240 706/3193/2241 4716/3194/2242
f 4677/3109/2168 5703/3191/2239 4716/3194/2242 668/3110/2169
f 668/3110/2169 4716/3194/2242 5704/3195/2243 4687/3126/2185
f 706/3193/2241 4717/3196/2244 5704/3195/2243 4716/3194/2242
f 672/3128/2187 4687/3126/2185 5704/3195/2243 4717/3196/2244
f 672/3128/2187 4717/3196/2244 5705/3197/2245 4691/3133/2192
f 4717/3196/2244 706/3193/2241 4715/3192/2240 5705/3197/2245
f 5705/3197/2245 4715/3192/2240 670/3009/2078 4627/3008/2086
f 4691/3133/2192 5705/3197/2245 4627/3008/2086 671/3007/2085
f 675/3068/2138 4707/3173/2224 5706/3198/2246 4671/3092/2159
f 4707/3173/2224 676/3172/2223 4718/3199/2247 5706/3198/2246
f 5706/3198/2246 4718/3199/2247 707/3200/2248 4719/3201/2249
f 4671/3092/2159 5706/3198/2246 4719/3201/2249 674/3093/2160
f 674/3093/2160 4719/3201/2249 5707/3202/2250 4683/3121/2180
f 707/3200/2248 4720/3203/2251 5707/3202/2250 4719/3201/2249
f 673/3122/2181 4683/3121/2180 5707/3202/2250 4720/3203/2251
f 673/3122/2181 4720/3203/2251 5708/3204/2252 4693/3136/2195
f 4720/3203/2251 707/3200/2248 4718/3199/2247 5708/3204/2252
f 5708/3204/2252 4718/3199/2247 676/3172/2223 4708/3205/2226
f 4693/3136/2195 5708/3204/2252 4708/3205/2226 677/3138/2131
f 682/3021/2098 4632/3019/2096 5709/3206/2253 4674/3096/2163
f 4632/3019/2096 678/3014/2091 4721/3207/2254 5709/3206/2253
f 5709/3206/2253 4721/3207/2254 708/3208/2255 4722/3209/2256
f 4674/3096/2163 5709/3206/2253 4722/3209/2256 681/2921/2009
f 681/2921/2009 4722/3209/2256 5710/3210/2257 4590/2922/2010
f 708/3208/2255 4723/3211/2258 5710/3210/2257 4722/3209/2256
f 680/2923/2011 4590/2922/2010 5710/3210/2257 4723/3211/2258
f 680/2923/2011 4723/3211/2258 5711/3212/2259 4663/3080/2147
f 4723/3211/2258 708/3208/2255 4721/3207/2254 5711/3212/2259
f 5711/3212/2259 4721/3207/2254 678/3014/2091 4628/3011/2088
f 4663/3080/2147 5711/3212/2259 4628/3011/2088 679/3010/2087
f 690/3163/2217 4705/3167/2220 5712/3213/2260 4725/3214/2261
f 4705/3167/2220 691/3114/2173 4698/3151/2206 5712/3213/2260
f 5712/3213/2260 4698/3151/2206 686/3150/2205 4724/3215/2262
f 4725/3214/2261 5712/3213/2260 4724/3215/2262 709/3216/2263
f 686/3150/2205 4699/3153/2208 5713/3217/2264 4724/3215/2262
f 4699/3153/2208 687/3077/2144 4710/3181/2230 5713/3217/2264
f 5713/3217/2264 4710/3181/2230 688/3180/2229 4726/3218/2265
f 4724/3215/2262 5713/3217/2264 4726/3218/2265 709/3216/2263
f 688/3180/2229 4711/3183/2232 5714/3219/2266 4726/3218/2265
f 4711/3183/2232 689/3131/2190 4704/3164/2218 5714/3219/2266
f 5714/3219/2266 4704/3164/2218 690/3163/2217 4725/3214/2261
f 4726/3218/2265 5714/3219/2266 4725/3214/2261 709/3216/2263
f 696/3036/2113 4639/3034/2111 5715/3220/2267 4666/3084/2151
f 4639/3034/2111 692/3029/2106 4727/3221/2268 5715/3220/2267
f 5715/3220/2267 4727/3221/2268 710/3222/2269 4728/3223/2270
f 4666/3084/2151 5715/3220/2267 4728/3223/2270 695/2911/2001
f 695/2911/2001 4728/3223/2270 5716/3224/2271 4585/2912/2002
f 710/3222/2269 4729/3225/2272 5716/3224/2271 4728/3223/2270
f 694/2913/2003 4585/2912/2002 5716/3224/2271 4729/3225/2272
f 694/2913/2003 4729/3225/2272 5717/3226/2273 4651/3058/2129
f 4729/3225/2272 710/3222/2269 4727/3221/2268 5717/3226/2273
f 5717/3226/2273 4727/3221/2268 692/3029/2106 4635/3026/2103
f 4651/3058/2129 5717/3226/2273 4635/3026/2103 693/3025/2102
f 704/3156/2211 4702/3160/2214 5718/3227/2274 4731/3228/2275
f 4702/3160/2214 705/3125/2184 4713/3187/2236 5718/3227/2274
f 5718/3227/2274 4713/3187/2236 700/3186/2235 4730/3229/2276
f 4731/3228/2275 5718/3227/2274 4730/3229/2276 711/3230/2277
f 700/3186/2235 4714/3189/2238 5719/3231/2278 4730/3229/2276
f 4714/3189/2238 701/3088/2155 4695/3145/2200 5719/3231/2278
f 5719/3231/2278 4695/3145/2200 702/3144/2199 4732/3232/2279
f 4730/3229/2276 5719/3231/2278 4732/3232/2279 711/3230/2277
f 702/3144/2199 4696/3147/2202 5720/3233/2280 4732/3232/2279
f 4696/3147/2202 703/3118/2177 4701/3157/2212 5720/3233/2280
f 5720/3233/2280 4701/3157/2212 704/3156/2211 4731/3228/2275
f 4732/3232/2279 5720/3233/2280 4731/3228/2275 711/3230/2277
f 741/3234/2281 4733/3235/2282 5721/3236/2283 4736/3237/2284
f 4733/3235/2282 718/3238/2285 4734/3239/2286 5721/3236/2283
f 5721/3236/2283 4734/3239/2286 735/3240/2287 4735/3241/2288
f 4736/3237/2284 5721/3236/2283 4735/3241/2288 740/3242/973
f 723/3243/2289 4737/3244/2290 5722/3245/2291 4740/3246/2292
f 4737/3244/2290 722/3247/2293 4738/3248/2294 5722/3245/2291
f 5722/3245/2291 4738/3248/2294 742/3249/2295 4739/3250/2296
f 4740/3246/2292 5722/3245/2291 4739/3250/2296 743/3251/2297
f 721/3252/2298 4741/3253/2299 5723/3254/2300 4744/3255/2301
f 4741/3253/2299 712/3256/2302 4742/3257/2303 5723/3254/2300
f 5723/3254/2300 4742/3257/2303 728/3258/2304 4743/3259/2305
f 4744/3255/2301 5723/3254/2300 4743/3259/2305 729/3260/2306
f 718/3238/2285 4745/3261/2307 5724/3262/2308 4734/3239/2286
f 4745/3261/2307 722/3263/2293 4746/3264/2309 5724/3262/2308
f 5724/3262/2308 4746/3264/2309 734/3265/2310 4747/3266/2311
f 4734/3239/2286 5724/3262/2308 4747/3266/2311 735/3240/2287
f 738/3267/2312 4748/3268/2313 5725/3269/2314 4751/3270/2315
f 4748/3268/2313 739/3271/2316 4749/3272/2317 5725/3269/2314
f 5725/3269/2314 4749/3272/2317 719/3273/2318 4750/3274/2319
f 4751/3270/2315 5725/3269/2314 4750/3274/2319 724/3275/2320
f 718/3238/2285 4733/3235/2282 5726/3276/2321 4745/3277/2307
f 4733/3235/2282 741/3234/2281 4752/3278/2322 5726/3276/2321
f 5726/3276/2321 4752/3278/2322 742/3249/2295 4738/3248/2294
f 4745/3277/2307 5726/3276/2321 4738/3248/2294 722/3247/2293
f 723/3243/2289 4740/3246/2292 5727/3279/2323 4755/3280/2324
f 4740/3246/2292 743/3251/2297 4753/3281/2325 5727/3279/2323
f 5727/3279/2323 4753/3281/2325 744/3282/2326 4754/3283/2327
f 4755/3280/2324 5727/3279/2323 4754/3283/2327 716/3284/2328
f 723/3285/2289 4755/3286/2324 5728/3287/2329 4758/3288/2330
f 4755/3286/2324 716/3289/2328 4756/3290/2331 5728/3287/2329
f 5728/3287/2329 4756/3290/2331 732/3291/2332 4757/3292/2333
f 4758/3288/2330 5728/3287/2329 4757/3292/2333 733/3293/2334
f 736/3294/2335 4759/3295/2335 5729/3296/2336 4762/3297/2336
f 4759/3295/2335 745/3298/2335 4760/3299/2336 5729/3296/2336
f 5729/3296/2336 4760/3299/2336 746/3300/2337 4761/3301/2337
f 4762/3297/2336 5729/3296/2336 4761/3301/2337 737/3302/2337
f 731/3303/2338 4763/3304/2339 5730/3305/2340 4766/3306/2341
f 4763/3304/2339 714/3307/2342 4764/3308/2343 5730/3305/2340
f 5730/3305/2340 4764/3308/2343 720/3309/2344 4765/3310/2345
f 4766/3306/2341 5730/3305/2340 4765/3310/2345 730/3311/2346
f 722/3263/2293 4737/3312/2290 5731/3313/2347 4746/3264/2309
f 4737/3312/2290 723/3285/2289 4758/3288/2330 5731/3313/2347
f 5731/3313/2347 4758/3288/2330 733/3293/2334 4767/3314/2348
f 4746/3264/2309 5731/3313/2347 4767/3314/2348 734/3265/2310
f 737/3302/2337 4768/3315/2349 5732/3316/2350 4770/3317/2351
f 4768/3315/2349 738/3267/2312 4751/3270/2315 5732/3316/2350
f 5732/3316/2350 4751/3270/2315 724/3275/2320 4769/3318/2352
f 4770/3317/2351 5732/3316/2350 4769/3318/2352 725/3319/2353
f 720/3309/2344 4771/3320/2354 5733/3321/2355 4765/3310/2345
f 4771/3320/2354 721/3252/2298 4744/3255/2301 5733/3321/2355
f 5733/3321/2355 4744/3255/2301 729/3260/2306 4772/3322/2356
f 4765/3310/2345 5733/3321/2355 4772/3322/2356 730/3311/2346
f 726/3323/2357 4773/3324/2358 5734/3325/2359 4775/3326/2360
f 4773/3324/2358 729/3260/2306 4743/3259/2305 5734/3325/2359
f 5734/3325/2359 4743/3259/2305 728/3258/2304 4774/3327/2361
f 4775/3326/2360 5734/3325/2359 4774/3327/2361 713/3328/2362
f 727/3329/2363 4776/3330/2364 5735/3331/2365 4777/3332/2366
f 4776/3330/2364 730/3311/2346 4772/3322/2356 5735/3331/2365
f 5735/3331/2365 4772/3322/2356 729/3260/2306 4773/3324/2358
f 4777/3332/2366 5735/3331/2365 4773/3324/2358 726/3323/2357
f 731/3303/2338 4766/3306/2341 5736/3333/2367 4779/3334/2368
f 4766/3306/2341 730/3311/2346 4776/3330/2364 5736/3333/2367
f 5736/3333/2367 4776/3330/2364 727/3329/2363 4778/3335/2369
f 4779/3334/2368 5736/3333/2367 4778/3335/2369 715/3336/2370
f 725/3337/2353 4780/3338/2371 5737/3339/2372 4782/3340/2373
f 4780/3338/2371 733/3293/2334 4757/3292/2333 5737/3339/2372
f 5737/3339/2372 4757/3292/2333 732/3291/2332 4781/3341/2374
f 4782/3340/2373 5737/3339/2372 4781/3341/2374 717/3342/2375
f 725/3337/2353 4769/3343/2352 5738/3344/2376 4780/3338/2371
f 4769/3343/2352 724/3345/2320 4783/3346/2377 5738/3344/2376
f 5738/3344/2376 4783/3346/2377 734/3265/2310 4767/3314/2348
f 4780/3338/2371 5738/3344/2376 4767/3314/2348 733/3293/2334
f 719/3347/2318 4784/3348/2378 5739/3349/2379 4750/3350/2319
f 4784/3348/2378 735/3240/2287 4747/3266/2311 5739/3349/2379
f 5739/3349/2379 4747/3266/2311 734/3265/2310 4783/3346/2377
f 4750/3350/2319 5739/3349/2379 4783/3346/2377 724/3345/2320
f 739/3271/2316 4785/3351/2380 5740/3352/2381 4749/3272/2317
f 4785/3351/2380 740/3242/973 4735/3241/2288 5740/3352/2381
f 5740/3352/2381 4735/3241/2288 735/3240/2287 4784/3353/2378
f 4749/3272/2317 5740/3352/2381 4784/3353/2378 719/3273/2318
f 736/3294/2335 4762/3297/2336 5741/3354/2382 4786/3355/2383
f 4762/3297/2336 737/3302/2337 4770/3317/2351 5741/3354/2382
f 5741/3354/2382 4770/3317/2351 725/3319/2353 4782/3356/2373
f 4786/3355/2383 5741/3354/2382 4782/3356/2373 717/3357/2375
f 738/3267/2312 4768/3315/2349 5742/3358/2384 4788/3359/2385
f 4768/3315/2349 737/3302/2337 4761/3301/2337 5742/3358/2384
f 5742/3358/2384 4761/3301/2337 746/3300/2337 4787/3360/2386
f 4788/3359/2385 5742/3358/2384 4787/3360/2386 747/3361/2312
f 748/3362/2316 4789/3363/2387 5743/3364/2388 4790/3365/2313
f 4789/3363/2387 739/3271/2316 4748/3268/2313 5743/3364/2388
f 5743/3364/2388 4748/3268/2313 738/3267/2312 4788/3359/2385
f 4790/3365/2313 5743/3364/2388 4788/3359/2385 747/3361/2312
f 749/3366/973 4791/3367/973 5744/3368/2389 4792/3369/2380
f 4791/3367/973 740/3242/973 4785/3351/2380 5744/3368/2389
f 5744/3368/2389 4785/3351/2380 739/3271/2316 4789/3363/2387
f 4792/3369/2380 5744/3368/2389 4789/3363/2387 748/3362/2316
f 750/3370/2281 4793/3371/2390 5745/3372/2391 4794/3373/2284
f 4793/3371/2390 741/3234/2281 4736/3237/2284 5745/3372/2391
f 5745/3372/2391 4736/3237/2284 740/3242/973 4791/3367/973
f 4794/3373/2284 5745/3372/2391 4791/3367/973 749/3366/973
f 751/3374/2295 4795/3375/2392 5746/3376/2393 4796/3377/2322
f 4795/3375/2392 742/3249/2295 4752/3278/2322 5746/3376/2393
f 5746/3376/2393 4752/3278/2322 741/3234/2281 4793/3371/2390
f 4796/3377/2322 5746/3376/2393 4793/3371/2390 750/3370/2281
f 743/3251/2297 4739/3250/2296 5747/3378/2394 4798/3379/2297
f 4739/3250/2296 742/3249/2295 4795/3375/2392 5747/3378/2394
f 5747/3378/2394 4795/3375/2392 751/3374/2295 4797/3380/2296
f 4798/3379/2297 5747/3378/2394 4797/3380/2296 752/3381/2297
f 753/3382/2326 4799/3383/2326 5748/3384/2325 4800/3385/2395
f 4799/3383/2326 744/3282/2326 4753/3281/2325 5748/3384/2325
f 5748/3384/2325 4753/3281/2325 743/3251/2297 4798/3379/2297
f 4800/3385/2395 5748/3384/2325 4798/3379/2297 752/3381/2297
f 727/3386/2363 4801/3387/2396 5749/3388/2397 4778/3389/2369
f 4801/3387/2396 746/3300/2337 4760/3299/2336 5749/3388/2397
f 5749/3388/2397 4760/3299/2336 745/3298/2335 4802/3390/2398
f 4778/3389/2369 5749/3388/2397 4802/3390/2398 715/3391/2370
f 727/3386/2363 4777/3392/2366 5750/3393/2399 4801/3387/2396
f 4777/3392/2366 726/3394/2357 4803/3395/2400 5750/3393/2399
f 5750/3393/2399 4803/3395/2400 747/3361/2312 4787/3360/2386
f 4801/3387/2396 5750/3393/2399 4787/3360/2386 746/3300/2337
f 713/3396/2362 4804/3397/2401 5751/3398/2402 4775/3399/2360
f 4804/3397/2401 748/3362/2316 4790/3365/2313 5751/3398/2402
f 5751/3398/2402 4790/3365/2313 747/3361/2312 4803/3395/2400
f 4775/3399/2360 5751/3398/2402 4803/3395/2400 726/3394/2357
f 728/3258/2304 4805/3400/2403 5752/3401/2404 4774/3402/2361
f 4805/3400/2403 749/3366/973 4792/3369/2380 5752/3401/2404
f 5752/3401/2404 4792/3369/2380 748/3362/2316 4804/3397/2401
f 4774/3402/2361 5752/3401/2404 4804/3397/2401 713/3396/2362
f 712/3256/2302 4806/3403/2405 5753/3404/2406 4742/3257/2303
f 4806/3403/2405 750/3370/2281 4794/3373/2284 5753/3404/2406
f 5753/3404/2406 4794/3373/2284 749/3366/973 4805/3400/2403
f 4742/3257/2303 5753/3404/2406 4805/3400/2403 728/3258/2304
f 751/3374/2295 4796/3377/2322 5754/3405/2407 4807/3406/2408
f 4796/3377/2322 750/3370/2281 4806/3403/2405 5754/3405/2407
f 5754/3405/2407 4806/3403/2405 712/3256/2302 4741/3407/2299
f 4807/3406/2408 5754/3405/2407 4741/3407/2299 721/3408/2298
f 751/3374/2295 4807/3406/2408 5755/3409/2409 4797/3380/2296
f 4807/3406/2408 721/3408/2298 4771/3410/2354 5755/3409/2409
f 5755/3409/2409 4771/3410/2354 720/3411/2344 4808/3412/2410
f 4797/3380/2296 5755/3409/2409 4808/3412/2410 752/3381/2297
f 753/3382/2326 4800/3385/2395 5756/3413/2411 4809/3414/2412
f 4800/3385/2395 752/3381/2297 4808/3412/2410 5756/3413/2411
f 5756/3413/2411 4808/3412/2410 720/3411/2344 4764/3415/2343
f 4809/3414/2412 5756/3413/2411 4764/3415/2343 714/3416/2342
f 754/3417/2413 4810/3418/2414 5757/3419/2415 4813/3420/2416
f 4810/3418/2414 1134/3421/2417 4811/3422/2418 5757/3419/2415
f 5757/3419/2415 4811/3422/2418 1392/3423/2419 4812/3424/2420
f 4813/3420/2416 5757/3419/2415 4812/3424/2420 1136/3425/2421
f 1392/3423/2419 4811/3422/2418 5758/3426/2422 4816/3427/2423
f 4811/3422/2418 1134/3421/2417 4814/3428/2424 5758/3426/2422
f 5758/3426/2422 4814/3428/2424 1384/3429/2425 4815/3430/2426
f 4816/3427/2423 5758/3426/2422 4815/3430/2426 1498/3431/2427
f 1383/3432/879 4817/3433/2428 5759/3434/2429 4819/3435/2430
f 4817/3433/2428 1135/3436/2431 4818/3437/2432 5759/3434/2429
f 5759/3434/2429 4818/3437/2432 1392/3423/2419 4816/3427/2423
f 4819/3435/2430 5759/3434/2429 4816/3427/2423 1498/3431/2427
f 1136/3425/2421 4812/3424/2420 5760/3438/2433 4821/3439/2434
f 4812/3424/2420 1392/3423/2419 4818/3437/2432 5760/3438/2433
f 5760/3438/2433 4818/3437/2432 1135/3436/2431 4820/3440/2435
f 4821/3439/2434 5760/3438/2433 4820/3440/2435 911/3441/2436
f 756/3442/2437 4822/3443/2438 5761/3444/2439 4825/3445/2440
f 4822/3443/2438 1137/3446/2441 4823/3447/2442 5761/3444/2439
f 5761/3444/2439 4823/3447/2442 1393/3448/2443 4824/3449/2444
f 4825/3445/2440 5761/3444/2439 4824/3449/2444 1138/3450/2445
f 1393/3448/2443 4823/3447/2442 5762/3451/2446 4828/3452/2447
f 4823/3447/2442 1137/3446/2441 4826/3453/2448 5762/3451/2446
f 5762/3451/2446 4826/3453/2448 1391/3454/2449 4827/3455/2450
f 4828/3452/2447 5762/3451/2446 4827/3455/2450 1504/3456/2451
f 1025/3457/2452 4829/3458/2453 5763/3459/2454 4831/3460/2455
f 4829/3458/2453 1138/3450/2445 4824/3449/2444 5763/3459/2454
f 5763/3459/2454 4824/3449/2444 1393/3448/2443 4830/3461/2456
f 4831/3460/2455 5763/3459/2454 4830/3461/2456 1558/3462/2457
f 914/3463/2458 4832/3464/2459 5764/3465/2460 4835/3466/2461
f 4832/3464/2459 1139/3467/2462 4833/3468/2463 5764/3465/2460
f 5764/3465/2460 4833/3468/2463 1394/3469/2464 4834/3470/2465
f 4835/3466/2461 5764/3465/2460 4834/3470/2465 1141/3471/2466
f 1511/3472/2467 4836/3473/2468 5765/3474/2469 4838/3475/2470
f 4836/3473/2468 1394/3469/2464 4833/3468/2463 5765/3474/2469
f 5765/3474/2469 4833/3468/2463 1139/3467/2462 4837/3476/2471
f 4838/3475/2470 5765/3474/2469 4837/3476/2471 956/3477/1071
f 957/3478/2472 4839/3479/2473 5766/3480/2474 4841/3481/2475
f 4839/3479/2473 1140/3482/2476 4840/3483/2477 5766/3480/2474
f 5766/3480/2474 4840/3483/2477 1394/3469/2464 4836/3473/2468
f 4841/3481/2475 5766/3480/2474 4836/3473/2468 1511/3472/2467
f 1141/3471/2466 4834/3470/2465 5767/3484/2478 4843/3485/2479
f 4834/3470/2465 1394/3469/2464 4840/3483/2477 5767/3484/2478
f 5767/3484/2478 4840/3483/2477 1140/3482/2476 4842/3486/2480
f 4843/3485/2479 5767/3484/2478 4842/3486/2480 760/3487/2481
f 1384/3488/2425 4814/3489/2424 5768/3490/2482 4846/3491/2483
f 4814/3489/2424 1134/3492/2417 4844/3493/2484 5768/3490/2482
f 5768/3490/2482 4844/3493/2484 1395/3494/2485 4845/3495/2486
f 4846/3491/2483 5768/3490/2482 4845/3495/2486 1513/3496/2487
f 1142/3497/2488 4847/3498/2489 5769/3499/2490 4848/3500/2491
f 4847/3498/2489 1395/3494/2485 4844/3493/2484 5769/3499/2490
f 5769/3499/2490 4844/3493/2484 1134/3492/2417 4810/3501/2414
f 4848/3500/2491 5769/3499/2490 4810/3501/2414 754/3417/2413
f 911/3441/2436 4849/3502/2492 5770/3503/2493 4821/3439/2434
f 4849/3502/2492 1143/3504/2494 4850/3505/2495 5770/3503/2493
f 5770/3503/2493 4850/3505/2495 1396/3506/2496 4851/3507/2497
f 4821/3439/2434 5770/3503/2493 4851/3507/2497 1136/3425/2421
f 1136/3425/2421 4851/3507/2497 5771/3508/2498 4813/3420/2416
f 4851/3507/2497 1396/3506/2496 4852/3509/2499 5771/3508/2498
f 5771/3508/2498 4852/3509/2499 1142/3497/2488 4848/3500/2491
f 4813/3420/2416 5771/3508/2498 4848/3500/2491 754/3417/2413
f 1471/3510/2500 4853/3511/2501 5772/3512/2502 4856/3513/2503
f 4853/3511/2501 1397/3514/2504 4854/3515/2505 5772/3512/2502
f 5772/3512/2502 4854/3515/2505 1146/3516/2506 4855/3517/2507
f 4856/3513/2503 5772/3512/2502 4855/3517/2507 1346/3518/2508
f 1345/3519/2509 4857/3520/2510 5773/3521/2511 4859/3522/2512
f 4857/3520/2510 1144/3523/879 4858/3524/2513 5773/3521/2511
f 5773/3521/2511 4858/3524/2513 1397/3514/2504 4853/3511/2501
f 4859/3522/2512 5773/3521/2511 4853/3511/2501 1471/3510/2500
f 1397/3514/2504 4858/3524/2513 5774/3525/2514 4862/3526/2515
f 4858/3524/2513 1144/3523/879 4860/3527/879 5774/3525/2514
f 5774/3525/2514 4860/3527/879 910/3528/879 4861/3529/2516
f 4862/3526/2515 5774/3525/2514 4861/3529/2516 1145/3530/2517
f 1146/3516/2506 4854/3515/2505 5775/3531/2518 4864/3532/2519
f 4854/3515/2505 1397/3514/2504 4862/3526/2515 5775/3531/2518
f 5775/3531/2518 4862/3526/2515 1145/3530/2517 4863/3533/2520
f 4864/3532/2519 5775/3531/2518 4863/3533/2520 762/3534/2521
f 1398/3535/2522 4865/3536/2523 5776/3537/2524 4868/3538/2525
f 4865/3536/2523 1147/3539/2526 4866/3540/2527 5776/3537/2524
f 5776/3537/2524 4866/3540/2527 763/3541/2528 4867/3542/2529
f 4868/3538/2525 5776/3537/2524 4867/3542/2529 1148/3543/2530
f 1477/3544/2531 4869/3545/2532 5777/3546/2533 4871/3547/2534
f 4869/3545/2532 1398/3535/2522 4868/3538/2525 5777/3546/2533
f 5777/3546/2533 4868/3538/2525 1148/3543/2530 4870/3548/2535
f 4871/3547/2534 5777/3546/2533 4870/3548/2535 1353/3549/2536
f 765/3550/2537 4872/3551/2538 5778/3552/2539 4875/3553/2540
f 4872/3551/2538 1149/3554/2541 4873/3555/2542 5778/3552/2539
f 5778/3552/2539 4873/3555/2542 1399/3556/2543 4874/3557/2544
f 4875/3553/2540 5778/3552/2539 4874/3557/2544 1151/3558/2545
f 1149/3554/2541 4876/3559/2546 5779/3560/2547 4873/3555/2542
f 4876/3559/2546 915/3561/1071 4877/3562/1071 5779/3560/2547
f 5779/3560/2547 4877/3562/1071 1150/3563/1071 4878/3564/2548
f 4873/3555/2542 5779/3560/2547 4878/3564/2548 1399/3556/2543
f 1486/3565/2549 4879/3566/2550 5780/3567/2551 4881/3568/2552
f 4879/3566/2550 1399/3556/2543 4878/3564/2548 5780/3567/2551
f 5780/3567/2551 4878/3564/2548 1150/3563/1071 4880/3569/2553
f 4881/3568/2552 5780/3567/2551 4880/3569/2553 1364/3570/2554
f 1365/3571/2555 4882/3572/2556 5781/3573/2557 4883/3574/2558
f 4882/3572/2556 1151/3558/2545 4874/3557/2544 5781/3573/2557
f 5781/3573/2557 4874/3557/2544 1399/3556/2543 4879/3566/2550
f 4883/3574/2558 5781/3573/2557 4879/3566/2550 1486/3565/2549
f 762/3575/2521 4884/3576/2559 5782/3577/2560 4864/3578/2519
f 4884/3576/2559 1152/3579/2561 4885/3580/2562 5782/3577/2560
f 5782/3577/2560 4885/3580/2562 1400/3581/2563 4886/3582/2564
f 4864/3578/2519 5782/3577/2560 4886/3582/2564 1146/3583/2506
f 1400/3581/2563 4885/3580/2562 5783/3584/2565 4889/3585/2566
f 4885/3580/2562 1152/3579/2561 4887/3586/2567 5783/3584/2565
f 5783/3584/2565 4887/3586/2567 1029/3587/2568 4888/3588/2569
f 4889/3585/2566 5783/3584/2565 4888/3588/2569 1563/3589/2570
f 1488/3590/2571 4890/3591/2572 5784/3592/2573 4892/3593/2574
f 4890/3591/2572 1400/3581/2563 4889/3585/2566 5784/3592/2573
f 5784/3592/2573 4889/3585/2566 1563/3589/2570 4891/3594/2575
f 4892/3593/2574 5784/3592/2573 4891/3594/2575 1564/3595/2576
f 1346/3596/2508 4855/3597/2507 5785/3598/2577 4893/3599/2578
f 4855/3597/2507 1146/3583/2506 4886/3582/2564 5785/3598/2577
f 5785/3598/2577 4886/3582/2564 1400/3581/2563 4890/3591/2572
f 4893/3599/2578 5785/3598/2577 4890/3591/2572 1488/3590/2571
f 1085/3600/2579 4894/3601/2580 5786/3602/2581 4897/3603/2582
f 4894/3601/2580 1606/3604/2583 4895/3605/2584 5786/3602/2581
f 5786/3602/2581 4895/3605/2584 1579/3606/2585 4896/3607/2586
f 4897/3603/2582 5786/3602/2581 4896/3607/2586 1047/3608/2587
f 1606/3604/2583 4898/3609/2588 5787/3610/2589 4895/3605/2584
f 4898/3609/2588 1086/3611/907 4899/3612/2590 5787/3610/2589
f 5787/3610/2589 4899/3612/2590 1048/3613/2591 4900/3614/2592
f 4895/3605/2584 5787/3610/2589 4900/3614/2592 1579/3606/2585
f 1085/3600/2579 4897/3603/2582 5788/3615/2593 4903/3616/2594
f 4897/3603/2582 1047/3608/2587 4901/3617/2595 5788/3615/2593
f 5788/3615/2593 4901/3617/2595 1580/3618/2596 4902/3619/2597
f 4903/3616/2594 5788/3615/2593 4902/3619/2597 1605/3620/2598
f 1581/3621/2599 4904/3622/2600 5789/3623/2601 4906/3624/2602
f 4904/3622/2600 1604/3625/2603 4905/3626/2604 5789/3623/2601
f 5789/3623/2601 4905/3626/2604 1605/3620/2598 4902/3619/2597
f 4906/3624/2602 5789/3623/2601 4902/3619/2597 1580/3618/2596
f 1049/3627/2605 4907/3628/2606 5790/3629/2607 4910/3630/2608
f 4907/3628/2606 1582/3631/2609 4908/3632/2610 5790/3629/2607
f 5790/3629/2607 4908/3632/2610 1603/3633/2611 4909/3634/2612
f 4910/3630/2608 5790/3629/2607 4909/3634/2612 1084/3635/2613
f 1602/3636/2614 4911/3637/2615 5791/3638/2616 4913/3639/2617
f 4911/3637/2615 1603/3633/2611 4908/3632/2610 5791/3638/2616
f 5791/3638/2616 4908/3632/2610 1582/3631/2609 4912/3640/2618
f 4913/3639/2617 5791/3638/2616 4912/3640/2618 1583/3641/2619
f 1569/3642/2620 4914/3643/2621 5792/3644/2622 4917/3645/2623
f 4914/3643/2621 1570/3646/2624 4915/3647/2625 5792/3644/2622
f 5792/3644/2622 4915/3647/2625 1610/3648/2626 4916/3649/2627
f 4917/3645/2623 5792/3644/2622 4916/3649/2627 1611/3650/2628
f 1570/3646/2624 4918/3651/2629 5793/3652/2630 4915/3647/2625
f 4918/3651/2629 1038/3653/2631 4919/3654/2632 5793/3652/2630
f 5793/3652/2630 4919/3654/2632 1089/3655/2633 4920/3656/2634
f 4915/3647/2625 5793/3652/2630 4920/3656/2634 1610/3648/2626
f 1088/3657/2452 4921/3658/2635 5794/3659/2636 4924/3660/2637
f 4921/3658/2635 1608/3661/2457 4922/3662/2638 5794/3659/2636
f 5794/3659/2636 4922/3662/2638 1572/3663/2639 4923/3664/2640
f 4924/3660/2637 5794/3659/2636 4923/3664/2640 1039/3665/2641
f 1609/3666/2642 4925/3667/2643 5795/3668/2644 4927/3669/2645
f 4925/3667/2643 1571/3670/2646 4926/3671/2647 5795/3668/2644
f 5795/3668/2644 4926/3671/2647 1572/3663/2639 4922/3662/2638
f 4927/3669/2645 5795/3668/2644 4922/3662/2638 1608/3661/2457
f 767/3672/2579 4928/3673/2648 5796/3674/2580 4931/3675/2580
f 4928/3673/2648 1153/3676/2648 4929/3677/2649 5796/3674/2580
f 5796/3674/2580 4929/3677/2649 1401/3678/2583 4930/3679/2583
f 4931/3675/2580 5796/3674/2580 4930/3679/2583 1155/3680/2583
f 1155/3680/2583 4930/3679/2583 5797/3681/2588 4934/3682/2588
f 4930/3679/2583 1401/3678/2583 4932/3683/2588 5797/3681/2588
f 5797/3681/2588 4932/3683/2588 1154/3684/907 4933/3685/907
f 4934/3682/2588 5797/3681/2588 4933/3685/907 913/3686/907
f 767/3672/2579 4935/3687/2594 5798/3688/2594 4928/3673/2648
f 4935/3687/2594 1156/3689/2598 4936/3690/2598 5798/3688/2594
f 5798/3688/2594 4936/3690/2598 1402/3691/2598 4937/3692/2650
f 4928/3673/2648 5798/3688/2594 4937/3692/2650 1153/3676/2648
f 1402/3691/2598 4936/3690/2598 5799/3693/2651 4940/3694/2652
f 4936/3690/2598 1156/3689/2598 4938/3695/2653 5799/3693/2651
f 5799/3693/2651 4938/3695/2653 958/3696/2654 4939/3697/2655
f 4940/3694/2652 5799/3693/2651 4939/3697/2655 1512/3698/2656
f 1519/3699/2598 4941/3700/2598 5800/3701/2657 4943/3702/2658
f 4941/3700/2598 1402/3691/2598 4940/3694/2652 5800/3701/2657
f 5800/3701/2657 4940/3694/2652 1512/3698/2656 4942/3703/2659
f 4943/3702/2658 5800/3701/2657 4942/3703/2659 1518/3704/2660
f 1153/3676/2648 4937/3692/2650 5801/3705/2661 4945/3706/2648
f 4937/3692/2650 1402/3691/2598 4941/3700/2598 5801/3705/2661
f 5801/3705/2661 4941/3700/2598 1519/3699/2598 4944/3707/2650
f 4945/3706/2648 5801/3705/2661 4944/3707/2650 971/3708/2662
f 1487/3709/2663 4946/3710/2664 5802/3711/2665 4949/3712/2666
f 4946/3710/2664 1403/3713/2667 4947/3714/2668 5802/3711/2665
f 5802/3711/2665 4947/3714/2668 1158/3715/2669 4948/3716/2670
f 4949/3712/2666 5802/3711/2665 4948/3716/2670 1367/3717/2671
f 1158/3715/2669 4947/3714/2668 5803/3718/2672 4952/3719/2673
f 4947/3714/2668 1403/3713/2667 4950/3720/2674 5803/3718/2672
f 5803/3718/2672 4950/3720/2674 1157/3721/2675 4951/3722/2676
f 4952/3719/2673 5803/3718/2672 4951/3722/2676 780/3723/2677
f 783/3724/2678 4953/3725/2679 5804/3726/2680 4956/3727/2681
f 4953/3725/2679 1159/3728/2682 4954/3729/2683 5804/3726/2680
f 5804/3726/2680 4954/3729/2683 1404/3730/2684 4955/3731/2685
f 4956/3727/2681 5804/3726/2680 4955/3731/2685 1160/3732/2686
f 1355/3733/2687 4957/3734/2688 5805/3735/2689 4959/3736/2690
f 4957/3734/2688 1160/3732/2686 4955/3731/2685 5805/3735/2689
f 5805/3735/2689 4955/3731/2685 1404/3730/2684 4958/3737/2691
f 4959/3736/2690 5805/3735/2689 4958/3737/2691 1479/3738/2692
f 1161/3739/2457 4960/3740/2457 5806/3741/2693 4963/3742/2694
f 4960/3740/2457 1405/3743/2457 4961/3744/2695 5806/3741/2693
f 5806/3741/2693 4961/3744/2695 1505/3745/2696 4962/3746/2697
f 4963/3742/2694 5806/3741/2693 4962/3746/2697 948/3747/2698
f 1162/3748/2452 4964/3749/2635 5807/3750/2635 4966/3751/2452
f 4964/3749/2635 1405/3743/2457 4960/3740/2457 5807/3750/2635
f 5807/3750/2635 4960/3740/2457 1161/3739/2457 4965/3752/2635
f 4966/3751/2452 5807/3750/2635 4965/3752/2635 766/3753/2699
f 990/3754/2700 4967/3755/2701 5808/3756/2702 4970/3757/2703
f 4967/3755/2701 1536/3758/2704 4968/3759/2705 5808/3756/2702
f 5808/3756/2702 4968/3759/2705 1163/3760/2706 4969/3761/2707
f 4970/3757/2703 5808/3756/2702 4969/3761/2707 774/3762/2708
f 1368/3763/2709 4971/3764/2710 5809/3765/2711 4973/3766/2712
f 4971/3764/2710 1163/3760/2706 4968/3759/2705 5809/3765/2711
f 5809/3765/2711 4968/3759/2705 1536/3758/2704 4972/3767/2713
f 4973/3766/2712 5809/3765/2711 4972/3767/2713 1537/3768/2714
f 989/3769/2715 4974/3770/2716 5810/3771/2717 4977/3772/2718
f 4974/3770/2716 1534/3773/2719 4975/3774/2720 5810/3771/2717
f 5810/3771/2717 4975/3774/2720 1164/3775/2721 4976/3776/2722
f 4977/3772/2718 5810/3771/2717 4976/3776/2722 768/3777/2723
f 989/3778/2715 4977/3779/2718 5811/3780/2724 4980/3781/2725
f 4977/3779/2718 768/3782/2723 4978/3783/2726 5811/3780/2724
f 5811/3780/2724 4978/3783/2726 1165/3784/2727 4979/3785/2728
f 4980/3781/2725 5811/3780/2724 4979/3785/2728 1533/3786/2729
f 1532/3787/2730 4981/3788/2731 5812/3789/2732 4983/3790/2733
f 4981/3788/2731 1533/3786/2729 4979/3785/2728 5812/3789/2732
f 5812/3789/2732 4979/3785/2728 1165/3784/2727 4982/3791/2734
f 4983/3790/2733 5812/3789/2732 4982/3791/2734 1366/3792/2735
f 771/3793/2736 4984/3794/2737 5813/3795/2738 4987/3796/2739
f 4984/3794/2737 1166/3797/2740 4985/3798/2741 5813/3795/2738
f 5813/3795/2738 4985/3798/2741 1406/3799/2742 4986/3800/2743
f 4987/3796/2739 5813/3795/2738 4986/3800/2743 1167/3801/2744
f 1378/3802/2745 4988/3803/2746 5814/3804/2747 4990/3805/2748
f 4988/3803/2746 1167/3801/2744 4986/3800/2743 5814/3804/2747
f 5814/3804/2747 4986/3800/2743 1406/3799/2742 4989/3806/2749
f 4990/3805/2748 5814/3804/2747 4989/3806/2749 1493/3807/2750
f 777/3808/2751 4991/3809/2752 5815/3810/2753 4994/3811/2754
f 4991/3809/2752 1168/3812/2755 4992/3813/2756 5815/3810/2753
f 5815/3810/2753 4992/3813/2756 1407/3814/2757 4993/3815/2758
f 4994/3811/2754 5815/3810/2753 4993/3815/2758 1169/3816/2759
f 1478/3817/2760 4995/3818/2761 5816/3819/2762 4997/3820/2763
f 4995/3818/2761 1407/3814/2757 4992/3813/2756 5816/3819/2762
f 5816/3819/2762 4992/3813/2756 1168/3812/2755 4996/3821/2764
f 4997/3820/2763 5816/3819/2762 4996/3821/2764 1354/3822/2765
f 1491/3823/2766 4998/3824/2767 5817/3825/2768 5000/3826/2769
f 4998/3824/2767 1492/3827/2770 4999/3828/2771 5817/3825/2768
f 5817/3825/2768 4999/3828/2771 1407/3814/2757 4995/3818/2761
f 5000/3826/2769 5817/3825/2768 4995/3818/2761 1478/3817/2760
f 1377/3829/2772 5001/3830/2773 5818/3831/2774 5002/3832/2775
f 5001/3830/2773 1169/3816/2759 4993/3815/2758 5818/3831/2774
f 5818/3831/2774 4993/3815/2758 1407/3814/2757 4999/3828/2771
f 5002/3832/2775 5818/3831/2774 4999/3828/2771 1492/3827/2770
f 1356/3833/2776 5003/3834/2777 5819/3835/2778 5006/3836/2779
f 5003/3834/2777 1170/3837/2780 5004/3838/2781 5819/3835/2778
f 5819/3835/2778 5004/3838/2781 1408/3839/2782 5005/3840/2783
f 5006/3836/2779 5819/3835/2778 5005/3840/2783 1480/3841/2784
f 1167/3842/2744 5007/3843/2785 5820/3844/2786 4987/3845/2739
f 5007/3843/2785 1408/3839/2782 5004/3838/2781 5820/3844/2786
f 5820/3844/2786 5004/3838/2781 1170/3837/2780 5008/3846/2787
f 4987/3845/2739 5820/3844/2786 5008/3846/2787 771/3847/2736
f 1172/3848/2788 5009/3849/2789 5821/3850/2790 5012/3851/2791
f 5009/3849/2789 799/3852/2792 5010/3853/2793 5821/3850/2790
f 5821/3850/2790 5010/3853/2793 787/3854/2794 5011/3855/2795
f 5012/3851/2791 5821/3850/2790 5011/3855/2795 1171/3856/2796
f 1033/3857/2797 5013/3858/2798 5822/3859/2799 5015/3860/2800
f 5013/3858/2798 1172/3848/2788 5012/3851/2791 5822/3859/2799
f 5822/3859/2799 5012/3851/2791 1171/3856/2796 5014/3861/2801
f 5015/3860/2800 5822/3859/2799 5014/3861/2801 1032/3862/2802
f 1020/3863/2803 5016/3864/2804 5823/3865/2805 5019/3866/2806
f 5016/3864/2804 1173/3867/2807 5017/3868/2808 5823/3865/2805
f 5823/3865/2805 5017/3868/2808 1174/3869/2809 5018/3870/2810
f 5019/3866/2806 5823/3865/2805 5018/3870/2810 1021/3871/2811
f 1174/3869/2809 5017/3868/2808 5824/3872/2812 5022/3873/2813
f 5017/3868/2808 1173/3867/2807 5020/3874/2814 5824/3872/2812
f 5824/3872/2812 5020/3874/2814 789/3875/2815 5021/3876/2816
f 5022/3873/2813 5824/3872/2812 5021/3876/2816 801/3877/2817
f 1176/3878/2818 5023/3879/2819 5825/3880/2820 5026/3881/2821
f 5023/3879/2819 906/3882/2822 5024/3883/2823 5825/3880/2820
f 5825/3880/2820 5024/3883/2823 907/3884/2824 5025/3885/2825
f 5026/3881/2821 5825/3880/2820 5025/3885/2825 1175/3886/2826
f 1176/3878/2818 5026/3881/2821 5826/3887/2827 5028/3888/2828
f 5026/3881/2821 1175/3886/2826 5027/3889/2829 5826/3887/2827
f 5826/3887/2827 5027/3889/2829 787/3890/2794 5010/3891/2793
f 5028/3888/2828 5826/3887/2827 5010/3891/2793 799/3892/2792
f 1053/3893/2830 5029/3894/2831 5827/3895/2832 5032/3896/2833
f 5029/3894/2831 1081/3897/2834 5030/3898/2835 5827/3895/2832
f 5827/3895/2832 5030/3898/2835 1080/3899/2836 5031/3900/2837
f 5032/3896/2833 5827/3895/2832 5031/3900/2837 1052/3901/2838
f 1178/3902/2839 1704/3903/2840 5828/3904/2841 1707/3905/2842
f 1704/3903/2840 804/3906/2843 1705/3907/2844 5828/3904/2841
f 5828/3904/2841 1705/3907/2844 792/3908/2845 1706/3909/2846
f 1707/3905/2842 5828/3904/2841 1706/3909/2846 1177/3910/2847
f 1178/3902/2839 1707/3905/2842 5829/3911/2848 1710/3912/2849
f 1707/3905/2842 1177/3910/2847 1708/3913/2850 5829/3911/2848
f 5829/3911/2848 1708/3913/2850 918/3914/2851 1709/3915/2852
f 1710/3912/2849 5829/3911/2848 1709/3915/2852 919/3916/2853
f 1093/3917/2854 1711/3918/2855 5830/3919/2856 1714/3920/2857
f 1711/3918/2855 1035/3921/2858 1712/3922/2859 5830/3919/2856
f 5830/3919/2856 1712/3922/2859 1034/3923/2860 1713/3924/2861
f 1714/3920/2857 5830/3919/2856 1713/3924/2861 1092/3925/2862
f 786/3926/2863 1715/3927/2864 5831/3928/2865 1718/3929/2866
f 1715/3927/2864 993/3930/2867 1716/3931/2868 5831/3928/2865
f 5831/3928/2865 1716/3931/2868 994/3932/2869 1717/3933/2870
f 1718/3929/2866 5831/3928/2865 1717/3933/2870 798/3934/2871
f 1179/3935/2872 1719/3936/2873 5832/3937/2874 1722/3938/2875
f 1719/3936/2873 795/3939/2876 1720/3940/2877 5832/3937/2874
f 5832/3937/2874 1720/3940/2877 807/3941/2878 1721/3942/2879
f 1722/3938/2875 5832/3937/2874 1721/3942/2879 1180/3943/2880
f 986/3944/2881 1723/3945/2882 5833/3946/2883 1726/3947/2884
f 1723/3945/2882 985/3948/2885 1724/3949/2886 5833/3946/2883
f 5833/3946/2883 1724/3949/2886 790/3950/2887 1725/3951/2888
f 1726/3947/2884 5833/3946/2883 1725/3951/2888 802/3952/2889
f 1182/3953/2890 1727/3954/2891 5834/3955/2892 1730/3956/2893
f 1727/3954/2891 803/3957/2894 1728/3958/2895 5834/3955/2892
f 5834/3955/2892 1728/3958/2895 791/3959/2896 1729/3960/2897
f 1730/3956/2893 5834/3955/2892 1729/3960/2897 1181/3961/2898
f 1182/3953/2890 1730/3956/2893 5835/3962/2899 1733/3963/2900
f 1730/3956/2893 1181/3961/2898 1731/3964/2901 5835/3962/2899
f 5835/3962/2899 1731/3964/2901 1381/3965/2902 1732/3966/2903
f 1733/3963/2900 5835/3962/2899 1732/3966/2903 1382/3967/2904
f 1184/3968/2905 1734/3969/2906 5836/3970/2907 1737/3971/2908
f 1734/3969/2906 808/3972/2909 1735/3973/2910 5836/3970/2907
f 5836/3970/2907 1735/3973/2910 796/3974/2911 1736/3975/2912
f 1737/3971/2908 5836/3970/2907 1736/3975/2912 1183/3976/2913
f 1184/3968/2905 1737/3971/2908 5837/3977/2914 1740/3978/2915
f 1737/3971/2908 1183/3976/2913 1738/3979/2916 5837/3977/2914
f 5837/3977/2914 1738/3979/2916 983/3980/2917 1739/3981/2918
f 1740/3978/2915 5837/3977/2914 1739/3981/2918 984/3982/2919
f 1185/3983/2920 1741/3984/2921 5838/3985/2922 1744/3986/2923
f 1741/3984/2921 788/3987/2924 1742/3988/2925 5838/3985/2922
f 5838/3985/2922 1742/3988/2925 800/3989/2926 1743/3990/2927
f 1744/3986/2923 5838/3985/2922 1743/3990/2927 1186/3991/2928
f 1188/3992/2929 1745/3993/2930 5839/3994/2931 1747/3995/2932
f 1745/3993/2930 801/3996/2817 5021/3997/2816 5839/3994/2931
f 5839/3994/2931 5021/3997/2816 789/3998/2815 1746/3999/2933
f 1747/3995/2932 5839/3994/2931 1746/3999/2933 1187/4000/2934
f 1188/3992/2929 1747/3995/2932 5840/4001/2935 1750/4002/2936
f 1747/3995/2932 1187/4000/2934 1748/4003/2937 5840/4001/2935
f 5840/4001/2935 1748/4003/2937 904/4004/2938 1749/4005/2939
f 1750/4002/2936 5840/4001/2935 1749/4005/2939 905/4006/2940
f 763/4007/2528 1751/4008/2941 5841/4009/2942 4867/4010/2529
f 1751/4008/2941 1189/4011/2943 1752/4012/2944 5841/4009/2942
f 5841/4009/2942 1752/4012/2944 1409/4013/2945 1753/4014/2946
f 4867/4010/2529 5841/4009/2942 1753/4014/2946 1148/4015/2530
f 1189/4011/2943 1754/4016/2947 5842/4017/2948 1752/4012/2944
f 1754/4016/2947 901/4018/879 1755/4019/879 5842/4017/2948
f 5842/4017/2948 1755/4019/879 1190/4020/879 1756/4021/2949
f 1752/4012/2944 5842/4017/2948 1756/4021/2949 1409/4013/2945
f 1476/4022/2950 1757/4023/2951 5843/4024/2952 1759/4025/2953
f 1757/4023/2951 1409/4013/2945 1756/4021/2949 5843/4024/2952
f 5843/4024/2952 1756/4021/2949 1190/4020/879 1758/4026/2510
f 1759/4025/2953 5843/4024/2952 1758/4026/2510 1352/4027/2954
f 1353/4028/2536 4870/4029/2535 5844/4030/2955 1760/4031/2956
f 4870/4029/2535 1148/4015/2530 1753/4014/2946 5844/4030/2955
f 5844/4030/2955 1753/4014/2946 1409/4013/2945 1757/4023/2951
f 1760/4031/2956 5844/4030/2955 1757/4023/2951 1476/4022/2950
f 900/4032/2957 1761/4033/2958 5845/4034/2959 1764/4035/2960
f 1761/4033/2958 1191/4036/2961 1762/4037/2962 5845/4034/2959
f 5845/4034/2959 1762/4037/2962 1410/4038/2963 1763/4039/2964
f 1764/4035/2960 5845/4034/2959 1763/4039/2964 1192/4040/2965
f 1503/4041/2966 1765/4042/2967 5846/4043/2968 1767/4044/2969
f 1765/4042/2967 1410/4038/2963 1762/4037/2962 5846/4043/2968
f 5846/4043/2968 1762/4037/2962 1191/4036/2961 1766/4045/2428
f 1767/4044/2969 5846/4043/2968 1766/4045/2428 1390/4046/879
f 1391/4047/2449 4826/4048/2448 5847/4049/2970 1769/4050/2971
f 4826/4048/2448 1137/4051/2441 1768/4052/2972 5847/4049/2970
f 5847/4049/2970 1768/4052/2972 1410/4038/2963 1765/4042/2967
f 1769/4050/2971 5847/4049/2970 1765/4042/2967 1503/4041/2966
f 1192/4040/2965 1763/4039/2964 5848/4053/2973 1770/4054/2974
f 1763/4039/2964 1410/4038/2963 1768/4052/2972 5848/4053/2973
f 5848/4053/2973 1768/4052/2972 1137/4051/2441 4822/4055/2438
f 1770/4054/2974 5848/4053/2973 4822/4055/2438 756/3442/2437
f 1411/4056/2975 1771/4057/2976 5849/4058/2977 1773/4059/2978
f 1771/4057/2976 1193/4060/2494 1772/4061/2979 5849/4058/2977
f 5849/4058/2977 1772/4061/2979 900/4032/2957 1764/4035/2960
f 1773/4059/2978 5849/4058/2977 1764/4035/2960 1192/4040/2965
f 1138/3450/2445 1774/4062/2980 5850/4063/2981 4825/3445/2440
f 1774/4062/2980 1411/4056/2975 1773/4059/2978 5850/4063/2981
f 5850/4063/2981 1773/4059/2978 1192/4040/2965 1770/4054/2974
f 4825/3445/2440 5850/4063/2981 1770/4054/2974 756/3442/2437
f 898/4064/907 1775/4065/907 5851/4066/2982 1778/4067/2982
f 1775/4065/907 1194/4068/907 1776/4069/2982 5851/4066/2982
f 5851/4066/2982 1776/4069/2982 1412/4070/2983 1777/4071/2983
f 1778/4067/2982 5851/4066/2982 1777/4071/2983 1195/4072/2983
f 1412/4070/2983 1776/4069/2982 5852/4073/2982 1781/4074/2983
f 1776/4069/2982 1194/4068/907 1779/4075/907 5852/4073/2982
f 5852/4073/2982 1779/4075/907 974/4076/907 1780/4077/2982
f 1781/4074/2983 5852/4073/2982 1780/4077/2982 1521/4078/2983
f 976/4079/2452 1782/4080/2452 5853/4081/2984 1784/4082/2984
f 1782/4080/2452 1162/3748/2452 1783/4083/2985 5853/4081/2984
f 5853/4081/2984 1783/4083/2985 1412/4070/2983 1781/4074/2983
f 1784/4082/2984 5853/4081/2984 1781/4074/2983 1521/4078/2983
f 1195/4072/2983 1777/4071/2983 5854/4084/2985 1785/4085/2985
f 1777/4071/2983 1412/4070/2983 1783/4083/2985 5854/4084/2985
f 5854/4084/2985 1783/4083/2985 1162/3748/2452 4966/3751/2452
f 1785/4085/2985 5854/4084/2985 4966/3751/2452 766/3753/2699
f 1088/3657/2452 4924/3660/2637 5855/4086/2986 1788/4087/2985
f 4924/3660/2637 1039/3665/2641 1786/4088/2987 5855/4086/2986
f 5855/4086/2986 1786/4088/2987 1573/4089/2988 1787/4090/2989
f 1788/4087/2985 5855/4086/2986 1787/4090/2989 1607/4091/2983
f 1573/4089/2988 1789/4092/2990 5856/4093/2991 1787/4090/2989
f 1789/4092/2990 1040/4094/2591 1790/4095/2590 5856/4093/2991
f 5856/4093/2991 1790/4095/2590 1087/4096/907 1791/4097/2982
f 1787/4090/2989 5856/4093/2991 1791/4097/2982 1607/4091/2983
f 758/4098/2992 1792/4099/2993 5857/4100/2994 1795/4101/2995
f 1792/4099/2993 1196/4102/2996 1793/4103/2997 5857/4100/2994
f 5857/4100/2994 1793/4103/2997 1413/4104/2998 1794/4105/2999
f 1795/4101/2995 5857/4100/2994 1794/4105/2999 1198/4106/3000
f 1413/4104/2998 1793/4103/2997 5858/4107/3001 1798/4108/3002
f 1793/4103/2997 1196/4102/2996 1796/4109/3003 5858/4107/3001
f 5858/4107/3001 1796/4109/3003 950/4110/3004 1797/4111/3005
f 1798/4108/3002 5858/4107/3001 1797/4111/3005 1506/4112/3006
f 949/4113/1071 1799/4114/2471 5859/4115/3007 1801/4116/3008
f 1799/4114/2471 1197/4117/3009 1800/4118/3010 5859/4115/3007
f 5859/4115/3007 1800/4118/3010 1413/4104/2998 1798/4108/3002
f 1801/4116/3008 5859/4115/3007 1798/4108/3002 1506/4112/3006
f 1198/4106/3000 1794/4105/2999 5860/4119/3011 1803/4120/3012
f 1794/4105/2999 1413/4104/2998 1800/4118/3010 5860/4119/3011
f 5860/4119/3011 1800/4118/3010 1197/4117/3009 1802/4121/3013
f 1803/4120/3012 5860/4119/3011 1802/4121/3013 897/4122/3014
f 1481/4123/3015 1804/4124/3016 5861/4125/3017 1807/4126/3018
f 1804/4124/3016 1414/4127/3019 1805/4128/3020 5861/4125/3017
f 5861/4125/3017 1805/4128/3020 1201/4129/3021 1806/4130/3022
f 1807/4126/3018 5861/4125/3017 1806/4130/3022 1358/4131/3023
f 1357/4132/3024 1808/4133/2553 5862/4134/3025 1810/4135/3026
f 1808/4133/2553 1199/4136/1071 1809/4137/3027 5862/4134/3025
f 5862/4134/3025 1809/4137/3027 1414/4127/3019 1804/4124/3016
f 1810/4135/3026 5862/4134/3025 1804/4124/3016 1481/4123/3015
f 1414/4127/3019 1809/4137/3027 5863/4138/3028 1813/4139/3029
f 1809/4137/3027 1199/4136/1071 1811/4140/1071 5863/4138/3028
f 5863/4138/3028 1811/4140/1071 896/4141/1071 1812/4142/3030
f 1813/4139/3029 5863/4138/3028 1812/4142/3030 1200/4143/3031
f 1201/4129/3021 1805/4128/3020 5864/4144/3032 1815/4145/3033
f 1805/4128/3020 1414/4127/3019 1813/4139/3029 5864/4144/3032
f 5864/4144/3032 1813/4139/3029 1200/4143/3031 1814/4146/3034
f 1815/4145/3033 5864/4144/3032 1814/4146/3034 764/4147/3035
f 1203/4148/3036 1816/4149/3037 5865/4150/3038 1819/4151/3039
f 1816/4149/3037 892/4152/3040 1817/4153/3041 5865/4150/3038
f 5865/4150/3038 1817/4153/3041 893/4154/3042 1818/4155/3043
f 1819/4151/3039 5865/4150/3038 1818/4155/3043 1202/4156/3044
f 1203/4148/3036 1819/4151/3039 5866/4157/3045 1822/4158/3046
f 1819/4151/3039 1202/4156/3044 1820/4159/3047 5866/4157/3045
f 5866/4157/3045 1820/4159/3047 793/4160/3048 1821/4161/3049
f 1822/4158/3046 5866/4157/3045 1821/4161/3049 805/4162/3050
f 820/4163/3051 1823/4164/3052 5867/4165/3053 1826/4166/3054
f 1823/4164/3052 1204/4167/3055 1824/4168/3056 5867/4165/3053
f 5867/4165/3053 1824/4168/3056 1205/4169/3057 1825/4170/3058
f 1826/4166/3054 5867/4165/3053 1825/4170/3058 821/4171/3059
f 1204/4167/3055 1827/4172/3060 5868/4173/3061 1824/4168/3056
f 1827/4172/3060 823/4174/3062 1828/4175/3063 5868/4173/3061
f 5868/4173/3061 1828/4175/3063 822/4176/3064 1829/4177/3065
f 1824/4168/3056 5868/4173/3061 1829/4177/3065 1205/4169/3057
f 1483/4178/3066 1830/4179/3067 5869/4180/3068 1833/4181/3069
f 1830/4179/3067 1415/4182/1071 1831/4183/1071 5869/4180/3068
f 5869/4180/3068 1831/4183/1071 1208/4184/1071 1832/4185/3070
f 1833/4181/3069 5869/4180/3068 1832/4185/3070 1359/4186/3071
f 1361/4187/3072 1834/4188/3073 5870/4189/3074 1836/4190/3075
f 1834/4188/3073 1206/4191/1071 1835/4192/1071 5870/4189/3074
f 5870/4189/3074 1835/4192/1071 1415/4182/1071 1830/4179/3067
f 1836/4190/3075 5870/4189/3074 1830/4179/3067 1483/4178/3066
f 1415/4182/1071 1835/4192/1071 5871/4193/1071 1839/4194/1071
f 1835/4192/1071 1206/4191/1071 1837/4195/1071 5871/4193/1071
f 5871/4193/1071 1837/4195/1071 818/4196/1071 1838/4197/1071
f 1839/4194/1071 5871/4193/1071 1838/4197/1071 1207/4198/1071
f 1208/4184/1071 1831/4183/1071 5872/4199/1071 1841/4200/1071
f 1831/4183/1071 1415/4182/1071 1839/4194/1071 5872/4199/1071
f 5872/4199/1071 1839/4194/1071 1207/4198/1071 1840/4201/1071
f 1841/4200/1071 5872/4199/1071 1840/4201/1071 825/4202/1071
f 826/4203/3076 1842/4204/3077 5873/4205/3077 1845/4206/3076
f 1842/4204/3077 1209/4207/3078 1843/4208/3078 5873/4205/3077
f 5873/4205/3077 1843/4208/3078 1416/4209/3078 1844/4210/3077
f 1845/4206/3076 5873/4205/3077 1844/4210/3077 1211/4211/3076
f 1416/4209/3078 1843/4208/3078 5874/4212/2471 1848/4213/2471
f 1843/4208/3078 1209/4207/3078 1846/4214/2471 5874/4212/2471
f 5874/4212/2471 1846/4214/2471 952/4215/1071 1847/4216/1071
f 1848/4213/2471 5874/4212/2471 1847/4216/1071 1508/4217/1071
f 1210/4218/3078 1849/4219/3078 5875/4220/2471 1851/4221/2471
f 1849/4219/3078 1416/4209/3078 1848/4213/2471 5875/4220/2471
f 5875/4220/2471 1848/4213/2471 1508/4217/1071 1850/4222/1071
f 1851/4221/2471 5875/4220/2471 1850/4222/1071 953/4223/1071
f 1211/4211/3076 1844/4210/3077 5876/4224/3077 1853/4225/3076
f 1844/4210/3077 1416/4209/3078 1849/4219/3078 5876/4224/3077
f 5876/4224/3077 1849/4219/3078 1210/4218/3078 1852/4226/3077
f 1853/4225/3076 5876/4224/3077 1852/4226/3077 817/4227/3076
f 1043/4228/2591 1854/4229/2591 5877/4230/2590 1857/4231/2590
f 1854/4229/2591 1576/4232/2591 1855/4233/2590 5877/4230/2590
f 5877/4230/2590 1855/4233/2590 1635/4234/907 1856/4235/907
f 1857/4231/2590 5877/4230/2590 1856/4235/907 1131/4236/907
f 1576/4232/2591 1858/4237/2591 5878/4238/2590 1855/4233/2590
f 1858/4237/2591 1044/4239/2591 1859/4240/2590 5878/4238/2590
f 5878/4238/2590 1859/4240/2590 1130/4241/907 1860/4242/907
f 1855/4233/2590 5878/4238/2590 1860/4242/907 1635/4234/907
f 1417/4243/2494 1861/4244/2494 5879/4245/3079 1864/4246/3080
f 1861/4244/2494 1212/4247/2494 1862/4248/3080 5879/4245/3079
f 5879/4245/3079 1862/4248/3080 814/4249/3081 1863/4250/3081
f 1864/4246/3080 5879/4245/3079 1863/4250/3081 1213/4251/3081
f 1214/4252/2494 1865/4253/2494 5880/4254/3080 1867/4255/3080
f 1865/4253/2494 1417/4243/2494 1864/4246/3080 5880/4254/3080
f 5880/4254/3080 1864/4246/3080 1213/4251/3081 1866/4256/3082
f 1867/4255/3080 5880/4254/3080 1866/4256/3082 829/4257/3082
f 814/4249/3081 1868/4258/3083 5881/4259/3083 1863/4250/3081
f 1868/4258/3083 1215/4260/3084 1869/4261/3084 5881/4259/3083
f 5881/4259/3083 1869/4261/3084 1418/4262/3084 1870/4263/3083
f 1863/4250/3081 5881/4259/3083 1870/4263/3083 1213/4251/3081
f 1418/4262/3084 1869/4261/3084 5882/4264/2428 1873/4265/2428
f 1869/4261/3084 1215/4260/3084 1871/4266/2428 5882/4264/2428
f 5882/4264/2428 1871/4266/2428 1387/4267/879 1872/4268/879
f 1873/4265/2428 5882/4264/2428 1872/4268/879 1501/4269/879
f 1216/4270/3084 1874/4271/3084 5883/4272/2428 1876/4273/2428
f 1874/4271/3084 1418/4262/3084 1873/4265/2428 5883/4272/2428
f 5883/4272/2428 1873/4265/2428 1501/4269/879 1875/4274/879
f 1876/4273/2428 5883/4272/2428 1875/4274/879 1388/4275/879
f 1213/4251/3081 1870/4263/3083 5884/4276/3083 1866/4256/3082
f 1870/4263/3083 1418/4262/3084 1874/4271/3084 5884/4276/3083
f 5884/4276/3083 1874/4271/3084 1216/4270/3084 1877/4277/3083
f 1866/4256/3082 5884/4276/3083 1877/4277/3083 829/4257/3082
f 1474/4278/3085 1878/4279/3086 5885/4280/3087 1881/4281/3088
f 1878/4279/3086 1419/4282/879 1879/4283/879 5885/4280/3087
f 5885/4280/3087 1879/4283/879 1219/4284/879 1880/4285/3089
f 1881/4281/3088 5885/4280/3087 1880/4285/3089 1349/4286/3090
f 1350/4287/3091 1882/4288/3092 5886/4289/3093 1884/4290/3094
f 1882/4288/3092 1217/4291/879 1883/4292/879 5886/4289/3093
f 5886/4289/3093 1883/4292/879 1419/4282/879 1878/4279/3086
f 1884/4290/3094 5886/4289/3093 1878/4279/3086 1474/4278/3085
f 1419/4282/879 1883/4292/879 5887/4293/879 1887/4294/879
f 1883/4292/879 1217/4291/879 1885/4295/879 5887/4293/879
f 5887/4293/879 1885/4295/879 830/4296/879 1886/4297/879
f 1887/4294/879 5887/4293/879 1886/4297/879 1218/4298/879
f 1219/4284/879 1879/4283/879 5888/4299/879 1889/4300/879
f 1879/4283/879 1419/4282/879 1887/4294/879 5888/4299/879
f 5888/4299/879 1887/4294/879 1218/4298/879 1888/4301/879
f 1889/4300/879 5888/4299/879 1888/4301/879 813/4302/879
f 832/4303/3095 1890/4304/3096 5889/4305/3097 1893/4306/3098
f 1890/4304/3096 1220/4307/3099 1891/4308/3100 5889/4305/3097
f 5889/4305/3097 1891/4308/3100 1221/4309/3101 1892/4310/3102
f 1893/4306/3098 5889/4305/3097 1892/4310/3102 833/4311/3103
f 1220/4307/3099 1894/4312/3104 5890/4313/3105 1891/4308/3100
f 1894/4312/3104 811/4314/3106 1895/4315/3107 5890/4313/3105
f 5890/4313/3105 1895/4315/3107 810/4316/3108 1896/4317/3109
f 1891/4308/3100 5890/4313/3105 1896/4317/3109 1221/4309/3101
f 822/4176/3064 1828/4175/3063 5891/4318/3110 1899/4319/3111
f 1828/4175/3063 823/4174/3062 1897/4320/3112 5891/4318/3110
f 5891/4318/3110 1897/4320/3112 1222/4321/3113 1898/4322/3114
f 1899/4319/3111 5891/4318/3110 1898/4322/3114 1223/4323/3115
f 1222/4321/3113 1900/4324/3116 5892/4325/3117 1898/4322/3114
f 1900/4324/3116 835/4326/3118 1901/4327/3119 5892/4325/3117
f 5892/4325/3117 1901/4327/3119 834/4328/3120 1902/4329/3121
f 1898/4322/3114 5892/4325/3117 1902/4329/3121 1223/4323/3115
f 1482/4330/3122 1903/4331/3123 5893/4332/3124 1906/4333/3125
f 1903/4331/3123 1420/4334/1071 1904/4335/1071 5893/4332/3124
f 5893/4332/3124 1904/4335/1071 1225/4336/1071 1905/4337/3126
f 1906/4333/3125 5893/4332/3124 1905/4337/3126 1360/4338/3127
f 1208/4184/1071 1907/4339/1071 5894/4340/3128 1832/4185/3070
f 1907/4339/1071 1420/4334/1071 1903/4331/3123 5894/4340/3128
f 5894/4340/3128 1903/4331/3123 1482/4330/3122 1908/4341/3129
f 1832/4185/3070 5894/4340/3128 1908/4341/3129 1359/4186/3071
f 1420/4334/1071 1907/4339/1071 5895/4342/1071 1910/4343/1071
f 1907/4339/1071 1208/4184/1071 1841/4200/1071 5895/4342/1071
f 5895/4342/1071 1841/4200/1071 825/4202/1071 1909/4344/1071
f 1910/4343/1071 5895/4342/1071 1909/4344/1071 1224/4345/1071
f 1225/4336/1071 1904/4335/1071 5896/4346/1071 1912/4347/1071
f 1904/4335/1071 1420/4334/1071 1910/4343/1071 5896/4346/1071
f 5896/4346/1071 1910/4343/1071 1224/4345/1071 1911/4348/1071
f 1912/4347/1071 5896/4346/1071 1911/4348/1071 837/4349/1071
f 838/4350/3076 1913/4351/3077 5897/4352/3077 1916/4353/3076
f 1913/4351/3077 1226/4354/3078 1914/4355/3078 5897/4352/3077
f 5897/4352/3077 1914/4355/3078 1421/4356/3078 1915/4357/3077
f 1916/4353/3076 5897/4352/3077 1915/4357/3077 1227/4358/3076
f 1421/4356/3078 1914/4355/3078 5898/4359/2471 1919/4360/2471
f 1914/4355/3078 1226/4354/3078 1917/4361/2471 5898/4359/2471
f 5898/4359/2471 1917/4361/2471 951/4362/1071 1918/4363/1071
f 1919/4360/2471 5898/4359/2471 1918/4363/1071 1507/4364/1071
f 1209/4207/3078 1920/4365/3078 5899/4366/2471 1846/4214/2471
f 1920/4365/3078 1421/4356/3078 1919/4360/2471 5899/4366/2471
f 5899/4366/2471 1919/4360/2471 1507/4364/1071 1921/4367/1071
f 1846/4214/2471 5899/4366/2471 1921/4367/1071 952/4215/1071
f 1227/4358/3076 1915/4357/3077 5900/4368/3077 1922/4369/3076
f 1915/4357/3077 1421/4356/3078 1920/4365/3078 5900/4368/3077
f 5900/4368/3077 1920/4365/3078 1209/4207/3078 1842/4204/3077
f 1922/4369/3076 5900/4368/3077 1842/4204/3077 826/4203/3076
f 1041/4370/2591 1923/4371/2591 5901/4372/2590 1926/4373/2590
f 1923/4371/2591 1575/4374/2591 1924/4375/2590 5901/4372/2590
f 5901/4372/2590 1924/4375/2590 1636/4376/907 1925/4377/907
f 1926/4373/2590 5901/4372/2590 1925/4377/907 1132/4378/907
f 1575/4374/2591 1927/4379/2591 5902/4380/2590 1924/4375/2590
f 1927/4379/2591 1043/4228/2591 1857/4231/2590 5902/4380/2590
f 5902/4380/2590 1857/4231/2590 1131/4236/907 1928/4381/907
f 1924/4375/2590 5902/4380/2590 1928/4381/907 1636/4376/907
f 1422/4382/2494 1929/4383/2494 5903/4384/3080 1931/4385/3080
f 1929/4383/2494 1214/4252/2494 1867/4255/3080 5903/4384/3080
f 5903/4384/3080 1867/4255/3080 829/4257/3082 1930/4386/3081
f 1931/4385/3080 5903/4384/3080 1930/4386/3081 1228/4387/3081
f 1229/4388/2494 1932/4389/2494 5904/4390/3080 1934/4391/3080
f 1932/4389/2494 1422/4382/2494 1931/4385/3080 5904/4390/3080
f 5904/4390/3080 1931/4385/3080 1228/4387/3081 1933/4392/3081
f 1934/4391/3080 5904/4390/3080 1933/4392/3081 841/4393/3081
f 829/4257/3082 1877/4277/3083 5905/4394/3083 1930/4386/3081
f 1877/4277/3083 1216/4270/3084 1935/4395/3084 5905/4394/3083
f 5905/4394/3083 1935/4395/3084 1423/4396/3084 1936/4397/3083
f 1930/4386/3081 5905/4394/3083 1936/4397/3083 1228/4387/3081
f 1423/4396/3084 1935/4395/3084 5906/4398/2428 1938/4399/2428
f 1935/4395/3084 1216/4270/3084 1876/4273/2428 5906/4398/2428
f 5906/4398/2428 1876/4273/2428 1388/4275/879 1937/4400/879
f 1938/4399/2428 5906/4398/2428 1937/4400/879 1502/4401/879
f 1230/4402/3084 1939/4403/3084 5907/4404/2428 1941/4405/2428
f 1939/4403/3084 1423/4396/3084 1938/4399/2428 5907/4404/2428
f 5907/4404/2428 1938/4399/2428 1502/4401/879 1940/4406/879
f 1941/4405/2428 5907/4404/2428 1940/4406/879 1389/4407/879
f 1228/4387/3081 1936/4397/3083 5908/4408/3083 1933/4392/3081
f 1936/4397/3083 1423/4396/3084 1939/4403/3084 5908/4408/3083
f 5908/4408/3083 1939/4403/3084 1230/4402/3084 1942/4409/3083
f 1933/4392/3081 5908/4408/3083 1942/4409/3083 841/4393/3081
f 1475/4410/3130 1943/4411/3131 5909/4412/3132 1945/4413/3133
f 1943/4411/3131 1424/4414/879 1944/4415/879 5909/4412/3132
f 5909/4412/3132 1944/4415/879 1217/4291/879 1882/4288/3092
f 1945/4413/3133 5909/4412/3132 1882/4288/3092 1350/4287/3091
f 1351/4416/3134 1946/4417/3135 5910/4418/3136 1948/4419/3137
f 1946/4417/3135 1231/4420/879 1947/4421/879 5910/4418/3136
f 5910/4418/3136 1947/4421/879 1424/4414/879 1943/4411/3131
f 1948/4419/3137 5910/4418/3136 1943/4411/3131 1475/4410/3130
f 1424/4414/879 1947/4421/879 5911/4422/879 1951/4423/879
f 1947/4421/879 1231/4420/879 1949/4424/879 5911/4422/879
f 5911/4422/879 1949/4424/879 842/4425/879 1950/4426/879
f 1951/4423/879 5911/4422/879 1950/4426/879 1232/4427/879
f 1217/4291/879 1944/4415/879 5912/4428/879 1885/4295/879
f 1944/4415/879 1424/4414/879 1951/4423/879 5912/4428/879
f 5912/4428/879 1951/4423/879 1232/4427/879 1952/4429/879
f 1885/4295/879 5912/4428/879 1952/4429/879 830/4296/879
f 844/4430/3138 1953/4431/3139 5913/4432/3140 1956/4433/3141
f 1953/4431/3139 1233/4434/3142 1954/4435/3143 5913/4432/3140
f 5913/4432/3140 1954/4435/3143 1234/4436/3144 1955/4437/3145
f 1956/4433/3141 5913/4432/3140 1955/4437/3145 845/4438/3146
f 1233/4434/3142 1957/4439/3147 5914/4440/3148 1954/4435/3143
f 1957/4439/3147 832/4303/3095 1893/4306/3098 5914/4440/3148
f 5914/4440/3148 1893/4306/3098 833/4311/3103 1958/4441/3149
f 1954/4435/3143 5914/4440/3148 1958/4441/3149 1234/4436/3144
f 810/4316/3108 1895/4315/3107 5915/4442/3150 1961/4443/3151
f 1895/4315/3107 811/4314/3106 1959/4444/3152 5915/4442/3150
f 5915/4442/3150 1959/4444/3152 1235/4445/3153 1960/4446/3154
f 1961/4443/3151 5915/4442/3150 1960/4446/3154 1236/4447/3155
f 1235/4445/3153 1962/4448/3156 5916/4449/3157 1960/4446/3154
f 1962/4448/3156 847/4450/3158 1963/4451/3159 5916/4449/3157
f 5916/4449/3157 1963/4451/3159 846/4452/3160 1964/4453/3161
f 1960/4446/3154 5916/4449/3157 1964/4453/3161 1236/4447/3155
f 1473/4454/3162 1965/4455/3163 5917/4456/3164 1968/4457/3165
f 1965/4455/3163 1425/4458/879 1966/4459/879 5917/4456/3164
f 5917/4456/3164 1966/4459/879 1238/4460/879 1967/4461/3166
f 1968/4457/3165 5917/4456/3164 1967/4461/3166 1347/4462/3167
f 1219/4284/879 1969/4463/879 5918/4464/3168 1880/4285/3089
f 1969/4463/879 1425/4458/879 1965/4455/3163 5918/4464/3168
f 5918/4464/3168 1965/4455/3163 1473/4454/3162 1970/4465/3169
f 1880/4285/3089 5918/4464/3168 1970/4465/3169 1349/4286/3090
f 1425/4458/879 1969/4463/879 5919/4466/879 1972/4467/879
f 1969/4463/879 1219/4284/879 1889/4300/879 5919/4466/879
f 5919/4466/879 1889/4300/879 813/4302/879 1971/4468/879
f 1972/4467/879 5919/4466/879 1971/4468/879 1237/4469/879
f 1238/4460/879 1966/4459/879 5920/4470/879 1974/4471/879
f 1966/4459/879 1425/4458/879 1972/4467/879 5920/4470/879
f 5920/4470/879 1972/4467/879 1237/4469/879 1973/4472/879
f 1974/4471/879 5920/4470/879 1973/4472/879 849/4473/879
f 850/4474/3081 1975/4475/3083 5921/4476/3083 1978/4477/3081
f 1975/4475/3083 1239/4478/3084 1976/4479/3084 5921/4476/3083
f 5921/4476/3083 1976/4479/3084 1426/4480/3084 1977/4481/3083
f 1978/4477/3081 5921/4476/3083 1977/4481/3083 1240/4482/3081
f 1426/4480/3084 1976/4479/3084 5922/4483/2428 1981/4484/2428
f 1976/4479/3084 1239/4478/3084 1979/4485/2428 5922/4483/2428
f 5922/4483/2428 1979/4485/2428 1386/4486/879 1980/4487/879
f 1981/4484/2428 5922/4483/2428 1980/4487/879 1500/4488/879
f 1215/4260/3084 1982/4489/3084 5923/4490/2428 1871/4266/2428
f 1982/4489/3084 1426/4480/3084 1981/4484/2428 5923/4490/2428
f 5923/4490/2428 1981/4484/2428 1500/4488/879 1983/4491/879
f 1871/4266/2428 5923/4490/2428 1983/4491/879 1387/4267/879
f 1240/4482/3081 1977/4481/3083 5924/4492/3083 1984/4493/3082
f 1977/4481/3083 1426/4480/3084 1982/4489/3084 5924/4492/3083
f 5924/4492/3083 1982/4489/3084 1215/4260/3084 1868/4258/3083
f 1984/4493/3082 5924/4492/3083 1868/4258/3083 814/4249/3081
f 1427/4494/2494 1985/4495/2494 5925/4496/3170 1988/4497/3170
f 1985/4495/2494 1212/4247/2494 1986/4498/3170 5925/4496/3170
f 5925/4496/3170 1986/4498/3170 1100/4499/907 1987/4500/907
f 1988/4497/3170 5925/4496/3170 1987/4500/907 1617/4501/907
f 1427/4494/2494 1989/4502/2494 5926/4503/3079 1991/4504/3080
f 1989/4502/2494 1241/4505/2494 1990/4506/3079 5926/4503/3079
f 5926/4503/3079 1990/4506/3079 850/4474/3081 1978/4477/3081
f 1991/4504/3080 5926/4503/3079 1978/4477/3081 1240/4482/3081
f 1212/4247/2494 1985/4495/2494 5927/4507/3080 1862/4248/3080
f 1985/4495/2494 1427/4494/2494 1991/4504/3080 5927/4507/3080
f 5927/4507/3080 1991/4504/3080 1240/4482/3081 1984/4493/3082
f 1862/4248/3080 5927/4507/3080 1984/4493/3082 814/4249/3081
f 1129/4508/907 1992/4509/907 5928/4510/2590 1995/4511/2590
f 1992/4509/907 1634/4512/907 1993/4513/2590 5928/4510/2590
f 5928/4510/2590 1993/4513/2590 1577/4514/2591 1994/4515/2591
f 1995/4511/2590 5928/4510/2590 1994/4515/2591 1045/4516/2591
f 1634/4512/907 1996/4517/907 5929/4518/2590 1993/4513/2590
f 1996/4517/907 1130/4241/907 1859/4240/2590 5929/4518/2590
f 5929/4518/2590 1859/4240/2590 1044/4239/2591 1997/4519/2591
f 1993/4513/2590 5929/4518/2590 1997/4519/2591 1577/4514/2591
f 817/4227/3076 1852/4226/3077 5930/4520/3077 2000/4521/3076
f 1852/4226/3077 1210/4218/3078 1998/4522/3078 5930/4520/3077
f 5930/4520/3077 1998/4522/3078 1428/4523/3078 1999/4524/3077
f 2000/4521/3076 5930/4520/3077 1999/4524/3077 1243/4525/3076
f 1428/4523/3078 1998/4522/3078 5931/4526/2471 2002/4527/2471
f 1998/4522/3078 1210/4218/3078 1851/4221/2471 5931/4526/2471
f 5931/4526/2471 1851/4221/2471 953/4223/1071 2001/4528/1071
f 2002/4527/2471 5931/4526/2471 2001/4528/1071 1509/4529/1071
f 1242/4530/3078 2003/4531/3078 5932/4532/2471 2005/4533/2471
f 2003/4531/3078 1428/4523/3078 2002/4527/2471 5932/4532/2471
f 5932/4532/2471 2002/4527/2471 1509/4529/1071 2004/4534/1071
f 2005/4533/2471 5932/4532/2471 2004/4534/1071 954/4535/1071
f 1243/4525/3076 1999/4524/3077 5933/4536/3077 2007/4537/3076
f 1999/4524/3077 1428/4523/3078 2003/4531/3078 5933/4536/3077
f 5933/4536/3077 2003/4531/3078 1242/4530/3078 2006/4538/3077
f 2007/4537/3076 5933/4536/3077 2006/4538/3077 853/4539/3076
f 1484/4540/3171 2008/4541/3172 5934/4542/3173 2010/4543/3174
f 2008/4541/3172 1429/4544/1071 2009/4545/1071 5934/4542/3173
f 5934/4542/3173 2009/4545/1071 1206/4191/1071 1834/4188/3073
f 2010/4543/3174 5934/4542/3173 1834/4188/3073 1361/4187/3072
f 1362/4546/3175 2011/4547/3176 5935/4548/3177 2013/4549/3178
f 2011/4547/3176 1244/4550/1071 2012/4551/1071 5935/4548/3177
f 5935/4548/3177 2012/4551/1071 1429/4544/1071 2008/4541/3172
f 2013/4549/3178 5935/4548/3177 2008/4541/3172 1484/4540/3171
f 1429/4544/1071 2012/4551/1071 5936/4552/1071 2016/4553/1071
f 2012/4551/1071 1244/4550/1071 2014/4554/1071 5936/4552/1071
f 5936/4552/1071 2014/4554/1071 854/4555/1071 2015/4556/1071
f 2016/4553/1071 5936/4552/1071 2015/4556/1071 1245/4557/1071
f 1206/4191/1071 2009/4545/1071 5937/4558/1071 1837/4195/1071
f 2009/4545/1071 1429/4544/1071 2016/4553/1071 5937/4558/1071
f 5937/4558/1071 2016/4553/1071 1245/4557/1071 2017/4559/1071
f 1837/4195/1071 5937/4558/1071 2017/4559/1071 818/4196/1071
f 856/4560/3179 2018/4561/3180 5938/4562/3181 2021/4563/3182
f 2018/4561/3180 1246/4564/3183 2019/4565/3184 5938/4562/3181
f 5938/4562/3181 2019/4565/3184 1247/4566/3185 2020/4567/3186
f 2021/4563/3182 5938/4562/3181 2020/4567/3186 857/4568/3187
f 1246/4564/3183 2022/4569/3188 5939/4570/3189 2019/4565/3184
f 2022/4569/3188 820/4163/3051 1826/4166/3054 5939/4570/3189
f 5939/4570/3189 1826/4166/3054 821/4171/3059 2023/4571/3190
f 2019/4565/3184 5939/4570/3189 2023/4571/3190 1247/4566/3185
f 846/4452/3160 1963/4451/3159 5940/4572/3191 2026/4573/3192
f 1963/4451/3159 847/4450/3158 2024/4574/3193 5940/4572/3191
f 5940/4572/3191 2024/4574/3193 1248/4575/3194 2025/4576/3195
f 2026/4573/3192 5940/4572/3191 2025/4576/3195 1249/4577/3196
f 1248/4575/3194 2027/4578/3197 5941/4579/3198 2025/4576/3195
f 2027/4578/3197 859/4580/3199 2028/4581/3200 5941/4579/3198
f 5941/4579/3198 2028/4581/3200 858/4582/3201 2029/4583/3202
f 2025/4576/3195 5941/4579/3198 2029/4583/3202 1249/4577/3196
f 1472/4584/3203 2030/4585/3204 5942/4586/3205 2033/4587/3206
f 2030/4585/3204 1430/4588/879 2031/4589/879 5942/4586/3205
f 5942/4586/3205 2031/4589/879 1251/4590/879 2032/4591/3207
f 2033/4587/3206 5942/4586/3205 2032/4591/3207 1348/4592/3208
f 1238/4460/879 2034/4593/879 5943/4594/3209 1967/4461/3166
f 2034/4593/879 1430/4588/879 2030/4585/3204 5943/4594/3209
f 5943/4594/3209 2030/4585/3204 1472/4584/3203 2035/4595/3210
f 1967/4461/3166 5943/4594/3209 2035/4595/3210 1347/4462/3167
f 1430/4588/879 2034/4593/879 5944/4596/879 2037/4597/879
f 2034/4593/879 1238/4460/879 1974/4471/879 5944/4596/879
f 5944/4596/879 1974/4471/879 849/4473/879 2036/4598/879
f 2037/4597/879 5944/4596/879 2036/4598/879 1250/4599/879
f 1251/4590/879 2031/4589/879 5945/4600/879 2039/4601/879
f 2031/4589/879 1430/4588/879 2037/4597/879 5945/4600/879
f 5945/4600/879 2037/4597/879 1250/4599/879 2038/4602/879
f 2039/4601/879 5945/4600/879 2038/4602/879 861/4603/879
f 862/4604/3081 2040/4605/3083 5946/4606/3211 2043/4607/3081
f 2040/4605/3083 1252/4608/3084 2041/4609/3084 5946/4606/3211
f 5946/4606/3211 2041/4609/3084 1431/4610/3084 2042/4611/3083
f 2043/4607/3081 5946/4606/3211 2042/4611/3083 1253/4612/3081
f 1431/4610/3084 2041/4609/3084 5947/4613/2428 2046/4614/2428
f 2041/4609/3084 1252/4608/3084 2044/4615/2428 5947/4613/2428
f 5947/4613/2428 2044/4615/2428 1385/4616/879 2045/4617/879
f 2046/4614/2428 5947/4613/2428 2045/4617/879 1499/4618/879
f 1239/4478/3084 2047/4619/3084 5948/4620/2428 1979/4485/2428
f 2047/4619/3084 1431/4610/3084 2046/4614/2428 5948/4620/2428
f 5948/4620/2428 2046/4614/2428 1499/4618/879 2048/4621/879
f 1979/4485/2428 5948/4620/2428 2048/4621/879 1386/4486/879
f 1253/4612/3081 2042/4611/3083 5949/4622/3083 2049/4623/3081
f 2042/4611/3083 1431/4610/3084 2047/4619/3084 5949/4622/3083
f 5949/4622/3083 2047/4619/3084 1239/4478/3084 1975/4475/3083
f 2049/4623/3081 5949/4622/3083 1975/4475/3083 850/4474/3081
f 1432/4624/2494 2050/4625/2494 5950/4626/3170 2053/4627/3170
f 2050/4625/2494 1241/4505/2494 2051/4628/3170 5950/4626/3170
f 5950/4626/3170 2051/4628/3170 1102/4629/907 2052/4630/907
f 2053/4627/3170 5950/4626/3170 2052/4630/907 1618/4631/907
f 1432/4624/2494 2054/4632/2494 5951/4633/3079 2056/4634/3080
f 2054/4632/2494 1254/4635/2494 2055/4636/3080 5951/4633/3079
f 5951/4633/3079 2055/4636/3080 862/4604/3081 2043/4607/3081
f 2056/4634/3080 5951/4633/3079 2043/4607/3081 1253/4612/3081
f 1241/4505/2494 2050/4625/2494 5952/4637/3080 1990/4506/3079
f 2050/4625/2494 1432/4624/2494 2056/4634/3080 5952/4637/3080
f 5952/4637/3080 2056/4634/3080 1253/4612/3081 2049/4623/3081
f 1990/4506/3079 5952/4637/3080 2049/4623/3081 850/4474/3081
f 1128/4638/907 2057/4639/907 5953/4640/2590 2060/4641/2590
f 2057/4639/907 1633/4642/907 2058/4643/2590 5953/4640/2590
f 5953/4640/2590 2058/4643/2590 1578/4644/2591 2059/4645/2591
f 2060/4641/2590 5953/4640/2590 2059/4645/2591 1046/4646/2591
f 1633/4642/907 2061/4647/907 5954/4648/2590 2058/4643/2590
f 2061/4647/907 1129/4508/907 1995/4511/2590 5954/4648/2590
f 5954/4648/2590 1995/4511/2590 1045/4516/2591 2062/4649/2591
f 2058/4643/2590 5954/4648/2590 2062/4649/2591 1578/4644/2591
f 853/4539/3076 2006/4538/3077 5955/4650/3077 2065/4651/3076
f 2006/4538/3077 1242/4530/3078 2063/4652/3078 5955/4650/3077
f 5955/4650/3077 2063/4652/3078 1433/4653/3078 2064/4654/3077
f 2065/4651/3076 5955/4650/3077 2064/4654/3077 1256/4655/3076
f 1433/4653/3078 2063/4652/3078 5956/4656/2471 2067/4657/2471
f 2063/4652/3078 1242/4530/3078 2005/4533/2471 5956/4656/2471
f 5956/4656/2471 2005/4533/2471 954/4535/1071 2066/4658/1071
f 2067/4657/2471 5956/4656/2471 2066/4658/1071 1510/4659/1071
f 1255/4660/3078 2068/4661/3078 5957/4662/2471 2070/4663/2471
f 2068/4661/3078 1433/4653/3078 2067/4657/2471 5957/4662/2471
f 5957/4662/2471 2067/4657/2471 1510/4659/1071 2069/4664/1071
f 2070/4663/2471 5957/4662/2471 2069/4664/1071 955/4665/1071
f 1256/4655/3076 2064/4654/3077 5958/4666/3077 2072/4667/3076
f 2064/4654/3077 1433/4653/3078 2068/4661/3078 5958/4666/3077
f 5958/4666/3077 2068/4661/3078 1255/4660/3078 2071/4668/3077
f 2072/4667/3076 5958/4666/3077 2071/4668/3077 865/4669/3076
f 1485/4670/3212 2073/4671/3213 5959/4672/3214 2075/4673/3215
f 2073/4671/3213 1434/4674/1071 2074/4675/1071 5959/4672/3214
f 5959/4672/3214 2074/4675/1071 1244/4550/1071 2011/4547/3176
f 2075/4673/3215 5959/4672/3214 2011/4547/3176 1362/4546/3175
f 1363/4676/3216 2076/4677/3217 5960/4678/3218 2078/4679/3219
f 2076/4677/3217 1257/4680/1071 2077/4681/1071 5960/4678/3218
f 5960/4678/3218 2077/4681/1071 1434/4674/1071 2073/4671/3213
f 2078/4679/3219 5960/4678/3218 2073/4671/3213 1485/4670/3212
f 1434/4674/1071 2077/4681/1071 5961/4682/1071 2081/4683/1071
f 2077/4681/1071 1257/4680/1071 2079/4684/1071 5961/4682/1071
f 5961/4682/1071 2079/4684/1071 866/4685/1071 2080/4686/1071
f 2081/4683/1071 5961/4682/1071 2080/4686/1071 1258/4687/1071
f 1244/4550/1071 2074/4675/1071 5962/4688/1071 2014/4554/1071
f 2074/4675/1071 1434/4674/1071 2081/4683/1071 5962/4688/1071
f 5962/4688/1071 2081/4683/1071 1258/4687/1071 2082/4689/1071
f 2014/4554/1071 5962/4688/1071 2082/4689/1071 854/4555/1071
f 868/4690/3220 2083/4691/3221 5963/4692/3222 2086/4693/3223
f 2083/4691/3221 1259/4694/3224 2084/4695/3225 5963/4692/3222
f 5963/4692/3222 2084/4695/3225 1260/4696/3226 2085/4697/3227
f 2086/4693/3223 5963/4692/3222 2085/4697/3227 869/4698/3228
f 1259/4694/3224 2087/4699/3229 5964/4700/3230 2084/4695/3225
f 2087/4699/3229 856/4560/3179 2021/4563/3182 5964/4700/3230
f 5964/4700/3230 2021/4563/3182 857/4568/3187 2088/4701/3231
f 2084/4695/3225 5964/4700/3230 2088/4701/3231 1260/4696/3226
f 1435/4702/3232 2089/4703/3233 5965/4704/3234 2092/4705/3235
f 2089/4703/3233 1261/4706/3236 2090/4707/3237 5965/4704/3234
f 5965/4704/3234 2090/4707/3237 871/4708/3238 2091/4709/3239
f 2092/4705/3235 5965/4704/3234 2091/4709/3239 1262/4710/3240
f 1263/4711/3241 2093/4712/3242 5966/4713/3243 2095/4714/3244
f 2093/4712/3242 1435/4702/3232 2092/4705/3235 5966/4713/3243
f 5966/4713/3243 2092/4705/3235 1262/4710/3240 2094/4715/3245
f 2095/4714/3244 5966/4713/3243 2094/4715/3245 755/4716/3246
f 871/4717/3238 2096/4718/3247 5967/4719/3248 2091/4720/3239
f 2096/4718/3247 1264/4721/3249 2097/4722/3250 5967/4719/3248
f 5967/4719/3248 2097/4722/3250 1436/4723/3251 2098/4724/3252
f 2091/4720/3239 5967/4719/3248 2098/4724/3252 1262/4725/3240
f 1264/4721/3249 2099/4726/3253 5968/4727/3254 2097/4722/3250
f 2099/4726/3253 908/4728/3255 2100/4729/3256 5968/4727/3254
f 5968/4727/3254 2100/4729/3256 1265/4730/3257 2101/4731/3258
f 2097/4722/3250 5968/4727/3254 2101/4731/3258 1436/4723/3251
f 1436/4723/3251 2101/4731/3258 5969/4732/3259 2104/4733/3260
f 2101/4731/3258 1265/4730/3257 2102/4734/3261 5969/4732/3259
f 5969/4732/3259 2102/4734/3261 909/4735/3262 2103/4736/3263
f 2104/4733/3260 5969/4732/3259 2103/4736/3263 1266/4737/3264
f 1262/4725/3240 2098/4724/3252 5970/4738/3265 2094/4739/3245
f 2098/4724/3252 1436/4723/3251 2104/4733/3260 5970/4738/3265
f 5970/4738/3265 2104/4733/3260 1266/4737/3264 2105/4740/3266
f 2094/4739/3245 5970/4738/3265 2105/4740/3266 755/4741/3246
f 872/4742/3267 2106/4743/3268 5971/4744/3269 2109/4745/3270
f 2106/4743/3268 1267/4746/3271 2107/4747/3272 5971/4744/3269
f 5971/4744/3269 2107/4747/3272 1437/4748/3273 2108/4749/3274
f 2109/4745/3270 5971/4744/3269 2108/4749/3274 1270/4750/3275
f 1267/4746/3271 2110/4751/3276 5972/4752/3277 2107/4747/3272
f 2110/4751/3276 873/4753/2076 2111/4754/3278 5972/4752/3277
f 5972/4752/3277 2111/4754/3278 1268/4755/3279 2112/4756/3280
f 2107/4747/3272 5972/4752/3277 2112/4756/3280 1437/4748/3273
f 1437/4748/3273 2112/4756/3280 5973/4757/3281 2115/4758/3282
f 2112/4756/3280 1268/4755/3279 2113/4759/3283 5973/4757/3281
f 5973/4757/3281 2113/4759/3283 848/4760/3284 2114/4761/3285
f 2115/4758/3282 5973/4757/3281 2114/4761/3285 1269/4762/3286
f 1270/4750/3275 2108/4749/3274 5974/4763/3287 2117/4764/3288
f 2108/4749/3274 1437/4748/3273 2115/4758/3282 5974/4763/3287
f 5974/4763/3287 2115/4758/3282 1269/4762/3286 2116/4765/3289
f 2117/4764/3288 5974/4763/3287 2116/4765/3289 860/4766/3290
f 873/4753/2076 2118/4767/3291 5975/4768/3292 2111/4754/3278
f 2118/4767/3291 1271/4769/3293 2119/4770/3294 5975/4768/3292
f 5975/4768/3292 2119/4770/3294 1438/4771/3295 2120/4772/3296
f 2111/4754/3278 5975/4768/3292 2120/4772/3296 1268/4755/3279
f 1271/4769/3293 2121/4773/3297 5976/4774/3298 2119/4770/3294
f 2121/4773/3297 874/4775/900 2122/4776/3299 5976/4774/3298
f 5976/4774/3298 2122/4776/3299 1272/4777/3300 2123/4778/3301
f 2119/4770/3294 5976/4774/3298 2123/4778/3301 1438/4771/3295
f 1438/4771/3295 2123/4778/3301 5977/4779/3302 2126/4780/3303
f 2123/4778/3301 1272/4777/3300 2124/4781/3304 5977/4779/3302
f 5977/4779/3302 2124/4781/3304 812/4782/3305 2125/4783/3306
f 2126/4780/3303 5977/4779/3302 2125/4783/3306 1273/4784/3307
f 1268/4755/3279 2120/4772/3296 5978/4785/3308 2113/4759/3283
f 2120/4772/3296 1438/4771/3295 2126/4780/3303 5978/4785/3308
f 5978/4785/3308 2126/4780/3303 1273/4784/3307 2127/4786/3309
f 2113/4759/3283 5978/4785/3308 2127/4786/3309 848/4760/3284
f 812/4782/3305 2124/4781/3304 5979/4787/3310 2130/4788/3311
f 2124/4781/3304 1272/4777/3300 2128/4789/3312 5979/4787/3310
f 5979/4787/3310 2128/4789/3312 1439/4790/3313 2129/4791/3314
f 2130/4788/3311 5979/4787/3310 2129/4791/3314 1276/4792/3315
f 1272/4777/3300 2122/4776/3299 5980/4793/3316 2128/4789/3312
f 2122/4776/3299 874/4775/900 2131/4794/3317 5980/4793/3316
f 5980/4793/3316 2131/4794/3317 1274/4795/3318 2132/4796/3319
f 2128/4789/3312 5980/4793/3316 2132/4796/3319 1439/4790/3313
f 1439/4790/3313 2132/4796/3319 5981/4797/3320 2135/4798/3321
f 2132/4796/3319 1274/4795/3318 2133/4799/3322 5981/4797/3320
f 5981/4797/3320 2133/4799/3322 875/4800/3323 2134/4801/3324
f 2135/4798/3321 5981/4797/3320 2134/4801/3324 1275/4802/3325
f 1276/4792/3315 2129/4791/3314 5982/4803/3326 2137/4804/3327
f 2129/4791/3314 1439/4790/3313 2135/4798/3321 5982/4803/3326
f 5982/4803/3326 2135/4798/3321 1275/4802/3325 2136/4805/3328
f 2137/4804/3327 5982/4803/3326 2136/4805/3328 831/4806/3329
f 875/4800/3323 2138/4807/3330 5983/4808/3331 2134/4801/3324
f 2138/4807/3330 1277/4809/3332 2139/4810/3333 5983/4808/3331
f 5983/4808/3331 2139/4810/3333 1440/4811/3334 2140/4812/3335
f 2134/4801/3324 5983/4808/3331 2140/4812/3335 1275/4802/3325
f 1277/4809/3332 2141/4813/3336 5984/4814/3337 2139/4810/3333
f 2141/4813/3336 876/4815/3338 2142/4816/3339 5984/4814/3337
f 5984/4814/3337 2142/4816/3339 1278/4817/3340 2143/4818/3341
f 2139/4810/3333 5984/4814/3337 2143/4818/3341 1440/4811/3334
f 1440/4811/3334 2143/4818/3341 5985/4819/3342 2146/4820/3343
f 2143/4818/3341 1278/4817/3340 2144/4821/3344 5985/4819/3342
f 5985/4819/3342 2144/4821/3344 843/4822/3345 2145/4823/3346
f 2146/4820/3343 5985/4819/3342 2145/4823/3346 1279/4824/3347
f 1275/4802/3325 2140/4812/3335 5986/4825/3348 2136/4805/3328
f 2140/4812/3335 1440/4811/3334 2146/4820/3343 5986/4825/3348
f 5986/4825/3348 2146/4820/3343 1279/4824/3347 2147/4826/3349
f 2136/4805/3328 5986/4825/3348 2147/4826/3349 831/4806/3329
f 902/4827/3350 2148/4828/3351 5987/4829/3352 2151/4830/3353
f 2148/4828/3351 1280/4831/3354 2149/4832/3355 5987/4829/3352
f 5987/4829/3352 2149/4832/3355 1441/4833/3356 2150/4834/3357
f 2151/4830/3353 5987/4829/3352 2150/4834/3357 1283/4835/3358
f 1280/4831/3354 2152/4836/3359 5988/4837/3360 2149/4832/3355
f 2152/4836/3359 903/4838/3361 2153/4839/3362 5988/4837/3360
f 5988/4837/3360 2153/4839/3362 1281/4840/3363 2154/4841/3364
f 2149/4832/3355 5988/4837/3360 2154/4841/3364 1441/4833/3356
f 1441/4833/3356 2154/4841/3364 5989/4842/3365 2157/4843/3366
f 2154/4841/3364 1281/4840/3363 2155/4844/3367 5989/4842/3365
f 5989/4842/3365 2155/4844/3367 877/4845/3368 2156/4846/3369
f 2157/4843/3366 5989/4842/3365 2156/4846/3369 1282/4847/3370
f 1283/4835/3358 2150/4834/3357 5990/4848/3371 2159/4849/3372
f 2150/4834/3357 1441/4833/3356 2157/4843/3366 5990/4848/3371
f 5990/4848/3371 2157/4843/3366 1282/4847/3370 2158/4850/3373
f 2159/4849/3372 5990/4848/3371 2158/4850/3373 757/4851/3374
f 877/4852/3368 2160/4853/3375 5991/4854/3376 2156/4855/3369
f 2160/4853/3375 1284/4856/3377 2161/4857/3378 5991/4854/3376
f 5991/4854/3376 2161/4857/3378 1442/4858/3379 2162/4859/3380
f 2156/4855/3369 5991/4854/3376 2162/4859/3380 1282/4860/3370
f 1442/4858/3379 2161/4857/3378 5992/4861/3381 2165/4862/3382
f 2161/4857/3378 1284/4856/3377 2163/4863/900 5992/4861/3381
f 5992/4861/3381 2163/4863/900 1022/4864/900 2164/4865/3383
f 2165/4862/3382 5992/4861/3381 2164/4865/3383 1554/4866/3384
f 1023/4867/3385 2166/4868/3386 5993/4869/3387 2168/4870/3388
f 2166/4868/3386 1285/4871/3389 2167/4872/3390 5993/4869/3387
f 5993/4869/3387 2167/4872/3390 1442/4858/3379 2165/4862/3382
f 2168/4870/3388 5993/4869/3387 2165/4862/3382 1554/4866/3384
f 1282/4860/3370 2162/4859/3380 5994/4873/3391 2158/4874/3373
f 2162/4859/3380 1442/4858/3379 2167/4872/3390 5994/4873/3391
f 5994/4873/3391 2167/4872/3390 1285/4871/3389 2169/4875/3392
f 2158/4874/3373 5994/4873/3391 2169/4875/3392 757/4876/3374
f 878/4877/900 2170/4878/900 5995/4879/3393 2173/4880/3394
f 2170/4878/900 1286/4881/900 2171/4882/3395 5995/4879/3393
f 5995/4879/3393 2171/4882/3395 1443/4883/3396 2172/4884/3397
f 2173/4880/3394 5995/4879/3393 2172/4884/3397 1288/4885/3398
f 1443/4883/3396 2171/4882/3395 5996/4886/3399 2176/4887/3400
f 2171/4882/3395 1286/4881/900 2174/4888/900 5996/4886/3399
f 5996/4886/3399 2174/4888/900 1372/4889/900 2175/4890/3401
f 2176/4887/3400 5996/4886/3399 2175/4890/3401 1490/4891/3402
f 1374/4892/3403 2177/4893/3404 5997/4894/3405 2179/4895/3406
f 2177/4893/3404 1287/4896/3407 2178/4897/3408 5997/4894/3405
f 5997/4894/3405 2178/4897/3408 1443/4883/3396 2176/4887/3400
f 2179/4895/3406 5997/4894/3405 2176/4887/3400 1490/4891/3402
f 1288/4885/3398 2172/4884/3397 5998/4898/3409 2181/4899/3410
f 2172/4884/3397 1443/4883/3396 2178/4897/3408 5998/4898/3409
f 5998/4898/3409 2178/4897/3408 1287/4896/3407 2180/4900/3411
f 2181/4899/3410 5998/4898/3409 2180/4900/3411 776/4901/3412
f 1444/4902/3413 2182/4903/3414 5999/4904/3415 2185/4905/3416
f 2182/4903/3414 1289/4906/900 2183/4907/900 5999/4904/3415
f 5999/4904/3415 2183/4907/900 880/4908/900 2184/4909/3417
f 2185/4905/3416 5999/4904/3415 2184/4909/3417 1290/4910/3418
f 1291/4911/3419 2186/4912/3420 6000/4913/3421 2188/4914/3422
f 2186/4912/3420 1444/4902/3413 2185/4905/3416 6000/4913/3421
f 6000/4913/3421 2185/4905/3416 1290/4910/3418 2187/4915/3423
f 2188/4914/3422 6000/4913/3421 2187/4915/3423 785/4916/3424
f 1445/4917/3425 2189/4918/3426 6001/4919/3427 2192/4920/3428
f 2189/4918/3426 1292/4921/900 2190/4922/900 6001/4919/3427
f 6001/4919/3427 2190/4922/900 881/4923/900 2191/4924/3429
f 2192/4920/3428 6001/4919/3427 2191/4924/3429 1293/4925/3430
f 1294/4926/3431 2193/4927/3432 6002/4928/3433 2195/4929/3434
f 2193/4927/3432 1445/4917/3425 2192/4920/3428 6002/4928/3433
f 6002/4928/3433 2192/4920/3428 1293/4925/3430 2194/4930/3435
f 2195/4929/3434 6002/4928/3433 2194/4930/3435 770/4931/3436
f 1090/4932/3437 2196/4933/3438 6003/4934/3439 2199/4935/3440
f 2196/4933/3438 1612/4936/3441 2197/4937/3442 6003/4934/3439
f 6003/4934/3439 2197/4937/3442 1568/4938/3443 2198/4939/3444
f 2199/4935/3440 6003/4934/3439 2198/4939/3444 1037/4940/3445
f 1612/4936/3441 2200/4941/3446 6004/4942/3447 2197/4937/3442
f 2200/4941/3446 1091/4943/900 2201/4944/900 6004/4942/3447
f 6004/4942/3447 2201/4944/900 1036/4945/3448 2202/4946/3449
f 2197/4937/3442 6004/4942/3447 2202/4946/3449 1568/4938/3443
f 882/4947/3450 2203/4948/3451 6005/4949/3452 2206/4950/3453
f 2203/4948/3451 1295/4951/3454 2204/4952/3455 6005/4949/3452
f 6005/4949/3452 2204/4952/3455 1446/4953/3456 2205/4954/3457
f 2206/4950/3453 6005/4949/3452 2205/4954/3457 1298/4955/3458
f 1295/4951/3454 2207/4956/3459 6006/4957/3460 2204/4952/3455
f 2207/4956/3459 894/4958/3461 2208/4959/3462 6006/4957/3460
f 6006/4957/3460 2208/4959/3462 1296/4960/3463 2209/4961/3464
f 2204/4952/3455 6006/4957/3460 2209/4961/3464 1446/4953/3456
f 1446/4953/3456 2209/4961/3464 6007/4962/3465 2212/4963/3466
f 2209/4961/3464 1296/4960/3463 2210/4964/3467 6007/4962/3465
f 6007/4962/3465 2210/4964/3467 895/4965/3468 2211/4966/3469
f 2212/4963/3466 6007/4962/3465 2211/4966/3469 1297/4967/3470
f 1298/4955/3458 2205/4954/3457 6008/4968/3471 2214/4969/3472
f 2205/4954/3457 1446/4953/3456 2212/4963/3466 6008/4968/3471
f 6008/4968/3471 2212/4963/3466 1297/4967/3470 2213/4970/3473
f 2214/4969/3472 6008/4968/3471 2213/4970/3473 759/4971/3474
f 883/4972/3475 2215/4973/3476 6009/4974/3477 2218/4975/3478
f 2215/4973/3476 1299/4976/3479 2216/4977/3480 6009/4974/3477
f 6009/4974/3477 2216/4977/3480 1447/4978/3481 2217/4979/3482
f 2218/4975/3478 6009/4974/3477 2217/4979/3482 1302/4980/3483
f 1299/4976/3479 2219/4981/3484 6010/4982/3485 2216/4977/3480
f 2219/4981/3484 884/4983/3486 2220/4984/3487 6010/4982/3485
f 6010/4982/3485 2220/4984/3487 1300/4985/3488 2221/4986/3489
f 2216/4977/3480 6010/4982/3485 2221/4986/3489 1447/4978/3481
f 1447/4978/3481 2221/4986/3489 6011/4987/3490 2224/4988/3491
f 2221/4986/3489 1300/4985/3488 2222/4989/3492 6011/4987/3490
f 6011/4987/3490 2222/4989/3492 824/4990/3493 2223/4991/3494
f 2224/4988/3491 6011/4987/3490 2223/4991/3494 1301/4992/3495
f 1302/4980/3483 2217/4979/3482 6012/4993/3496 2226/4994/3497
f 2217/4979/3482 1447/4978/3481 2224/4988/3491 6012/4993/3496
f 6012/4993/3496 2224/4988/3491 1301/4992/3495 2225/4995/3498
f 2226/4994/3497 6012/4993/3496 2225/4995/3498 836/4996/3499
f 884/4983/3486 2227/4997/3500 6013/4998/3501 2220/4984/3487
f 2227/4997/3500 1303/4999/3502 2228/5000/3503 6013/4998/3501
f 6013/4998/3501 2228/5000/3503 1448/5001/3504 2229/5002/3505
f 2220/4984/3487 6013/4998/3501 2229/5002/3505 1300/4985/3488
f 1303/4999/3502 2230/5003/3506 6014/5004/3507 2228/5000/3503
f 2230/5003/3506 885/5005/900 2231/5006/3508 6014/5004/3507
f 6014/5004/3507 2231/5006/3508 1304/5007/3509 2232/5008/3510
f 2228/5000/3503 6014/5004/3507 2232/5008/3510 1448/5001/3504
f 1448/5001/3504 2232/5008/3510 6015/5009/3511 2235/5010/3512
f 2232/5008/3510 1304/5007/3509 2233/5011/3513 6015/5009/3511
f 6015/5009/3511 2233/5011/3513 819/5012/3514 2234/5013/3515
f 2235/5010/3512 6015/5009/3511 2234/5013/3515 1305/5014/3516
f 1300/4985/3488 2229/5002/3505 6016/5015/3517 2222/4989/3492
f 2229/5002/3505 1448/5001/3504 2235/5010/3512 6016/5015/3517
f 6016/5015/3517 2235/5010/3512 1305/5014/3516 2236/5016/3518
f 2222/4989/3492 6016/5015/3517 2236/5016/3518 824/4990/3493
f 885/5005/900 2237/5017/3297 6017/5018/3519 2231/5006/3508
f 2237/5017/3297 1306/5019/3293 2238/5020/3520 6017/5018/3519
f 6017/5018/3519 2238/5020/3520 1449/5021/3521 2239/5022/3522
f 2231/5006/3508 6017/5018/3519 2239/5022/3522 1304/5007/3509
f 1306/5019/3293 2240/5023/3523 6018/5024/3524 2238/5020/3520
f 2240/5023/3523 886/5025/2076 2241/5026/3525 6018/5024/3524
f 6018/5024/3524 2241/5026/3525 1307/5027/3526 2242/5028/3527
f 2238/5020/3520 6018/5024/3524 2242/5028/3527 1449/5021/3521
f 1449/5021/3521 2242/5028/3527 6019/5029/3528 2245/5030/3529
f 2242/5028/3527 1307/5027/3526 2243/5031/3530 6019/5029/3528
f 6019/5029/3528 2243/5031/3530 855/5032/3531 2244/5033/3532
f 2245/5030/3529 6019/5029/3528 2244/5033/3532 1308/5034/3533
f 1304/5007/3509 2239/5022/3522 6020/5035/3534 2233/5011/3513
f 2239/5022/3522 1449/5021/3521 2245/5030/3529 6020/5035/3534
f 6020/5035/3534 2245/5030/3529 1308/5034/3533 2246/5036/3535
f 2233/5011/3513 6020/5035/3534 2246/5036/3535 819/5012/3514
f 886/5025/2076 2247/5037/3536 6021/5038/3537 2241/5026/3525
f 2247/5037/3536 1309/5039/3538 2248/5040/3539 6021/5038/3537
f 6021/5038/3537 2248/5040/3539 1450/5041/3540 2249/5042/3541
f 2241/5026/3525 6021/5038/3537 2249/5042/3541 1307/5027/3526
f 1309/5039/3538 2250/5043/3542 6022/5044/3543 2248/5040/3539
f 2250/5043/3542 887/5045/3544 2251/5046/3545 6022/5044/3543
f 6022/5044/3543 2251/5046/3545 1310/5047/3546 2252/5048/3547
f 2248/5040/3539 6022/5044/3543 2252/5048/3547 1450/5041/3540
f 1450/5041/3540 2252/5048/3547 6023/5049/3548 2255/5050/3549
f 2252/5048/3547 1310/5047/3546 2253/5051/3550 6023/5049/3548
f 6023/5049/3548 2253/5051/3550 867/5052/3551 2254/5053/3552
f 2255/5050/3549 6023/5049/3548 2254/5053/3552 1311/5054/3553
f 1307/5027/3526 2249/5042/3541 6024/5055/3554 2243/5031/3530
f 2249/5042/3541 1450/5041/3540 2255/5050/3549 6024/5055/3554
f 6024/5055/3554 2255/5050/3549 1311/5054/3553 2256/5056/3555
f 2243/5031/3530 6024/5055/3554 2256/5056/3555 855/5032/3531
f 916/5057/3556 2257/5058/3557 6025/5059/3558 2260/5060/3559
f 2257/5058/3557 1312/5061/3560 2258/5062/3561 6025/5059/3558
f 6025/5059/3558 2258/5062/3561 1451/5063/3562 2259/5064/3563
f 2260/5060/3559 6025/5059/3558 2259/5064/3563 1315/5065/3564
f 1312/5061/3560 2261/5066/3565 6026/5067/3566 2258/5062/3561
f 2261/5066/3565 917/5068/3567 2262/5069/3568 6026/5067/3566
f 6026/5067/3566 2262/5069/3568 1313/5070/3569 2263/5071/3570
f 2258/5062/3561 6026/5067/3566 2263/5071/3570 1451/5063/3562
f 1451/5063/3562 2263/5071/3570 6027/5072/3571 2266/5073/3572
f 2263/5071/3570 1313/5070/3569 2264/5074/3573 6027/5072/3571
f 6027/5072/3571 2264/5074/3573 888/5075/3574 2265/5076/3575
f 2266/5073/3572 6027/5072/3571 2265/5076/3575 1314/5077/3576
f 1315/5065/3564 2259/5064/3563 6028/5078/3577 2268/5079/3578
f 2259/5064/3563 1451/5063/3562 2266/5073/3572 6028/5078/3577
f 6028/5078/3577 2266/5073/3572 1314/5077/3576 2267/5080/3579
f 2268/5079/3578 6028/5078/3577 2267/5080/3579 761/5081/3580
f 1050/5082/3581 2269/5083/3582 6029/5084/3583 2272/5085/3584
f 2269/5083/3582 1584/5086/3585 2270/5087/3586 6029/5084/3583
f 6029/5084/3583 2270/5087/3586 1601/5088/3587 2271/5089/3588
f 2272/5085/3584 6029/5084/3583 2271/5089/3588 1083/5090/3589
f 1584/5086/3585 2273/5091/3590 6030/5092/3591 2270/5087/3586
f 2273/5091/3590 1051/5093/3592 2274/5094/3593 6030/5092/3591
f 6030/5092/3591 2274/5094/3593 1082/5095/3594 2275/5096/3595
f 2270/5087/3586 6030/5092/3591 2275/5096/3595 1601/5088/3587
f 1316/5097/3596 2276/5098/3597 6031/5099/3598 2279/5100/3599
f 2276/5098/3597 889/5101/3600 2277/5102/3601 6031/5099/3598
f 6031/5099/3598 2277/5102/3601 987/5103/3602 2278/5104/3603
f 2279/5100/3599 6031/5099/3598 2278/5104/3603 1531/5105/3604
f 1316/5097/3596 2279/5100/3599 6032/5106/3605 2282/5107/3606
f 2279/5100/3599 1531/5105/3604 2280/5108/3607 6032/5106/3605
f 6032/5106/3605 2280/5108/3607 988/5109/3608 2281/5110/3609
f 2282/5107/3606 6032/5106/3605 2281/5110/3609 769/5111/3610
f 890/5112/3611 2283/5113/3612 6033/5114/3613 2286/5115/3614
f 2283/5113/3612 1317/5116/3615 2284/5117/3616 6033/5114/3613
f 6033/5114/3613 2284/5117/3616 1452/5118/3617 2285/5119/3618
f 2286/5115/3614 6033/5114/3613 2285/5119/3618 1319/5120/3619
f 1319/5120/3619 2285/5119/3618 6034/5121/3620 2289/5122/3621
f 2285/5119/3618 1452/5118/3617 2287/5123/3622 6034/5121/3620
f 6034/5121/3620 2287/5123/3622 1318/5124/3623 2288/5125/3624
f 2289/5122/3621 6034/5121/3620 2288/5125/3624 781/5126/3625
f 991/5127/3626 2290/5128/3627 6035/5129/3628 2293/5130/3629
f 2290/5128/3627 1538/5131/3630 2291/5132/3631 6035/5129/3628
f 6035/5129/3628 2291/5132/3631 1320/5133/3632 2292/5134/3633
f 2293/5130/3629 6035/5129/3628 2292/5134/3633 775/5135/3634
f 1538/5131/3630 2294/5136/3635 6036/5137/3636 2291/5132/3631
f 2294/5136/3635 992/5138/3637 2295/5139/3638 6036/5137/3636
f 6036/5137/3636 2295/5139/3638 870/5140/3639 2296/5141/3640
f 2291/5132/3631 6036/5137/3636 2296/5141/3640 1320/5133/3632
f 1453/5142/3641 2297/5143/3642 6037/5144/3643 2299/5145/3644
f 2297/5143/3642 1171/3856/2796 5011/3855/2795 6037/5144/3643
f 6037/5144/3643 5011/3855/2795 787/3854/2794 2298/5146/3645
f 2299/5145/3644 6037/5144/3643 2298/5146/3645 1321/5147/3646
f 1261/4706/3236 2300/5148/3647 6038/5149/3648 2090/4707/3237
f 2300/5148/3647 1453/5142/3641 2299/5145/3644 6038/5149/3648
f 6038/5149/3648 2299/5145/3644 1321/5147/3646 2301/5150/3649
f 2090/4707/3237 6038/5149/3648 2301/5150/3649 871/4708/3238
f 787/3890/2794 5027/3889/2829 6039/5151/3650 2298/5152/3645
f 5027/3889/2829 1175/3886/2826 2302/5153/3651 6039/5151/3650
f 6039/5151/3650 2302/5153/3651 1454/5154/3652 2303/5155/3653
f 2298/5152/3645 6039/5151/3650 2303/5155/3653 1321/5156/3646
f 1175/3886/2826 5025/3885/2825 6040/5157/3654 2302/5153/3651
f 5025/3885/2825 907/3884/2824 2304/5158/3655 6040/5157/3654
f 6040/5157/3654 2304/5158/3655 1322/5159/3656 2305/5160/3657
f 2302/5153/3651 6040/5157/3654 2305/5160/3657 1454/5154/3652
f 1454/5154/3652 2305/5160/3657 6041/5161/3658 2307/5162/3659
f 2305/5160/3657 1322/5159/3656 2306/5163/3660 6041/5161/3658
f 6041/5161/3658 2306/5163/3660 908/4728/3255 2099/4726/3253
f 2307/5162/3659 6041/5161/3658 2099/4726/3253 1264/4721/3249
f 1321/5156/3646 2303/5155/3653 6042/5164/3661 2301/5165/3649
f 2303/5155/3653 1454/5154/3652 2307/5162/3659 6042/5164/3661
f 6042/5164/3661 2307/5162/3659 1264/4721/3249 2096/4718/3247
f 2301/5165/3649 6042/5164/3661 2096/4718/3247 871/4717/3238
f 859/4580/3199 2027/4578/3197 6043/5166/3662 2310/5167/3663
f 2027/4578/3197 1248/4575/3194 2308/5168/3664 6043/5166/3662
f 6043/5166/3662 2308/5168/3664 1455/5169/3665 2309/5170/3666
f 2310/5167/3663 6043/5166/3662 2309/5170/3666 1324/5171/3667
f 1248/4575/3194 2024/4574/3193 6044/5172/3668 2308/5168/3664
f 2024/4574/3193 847/4450/3158 2311/5173/3669 6044/5172/3668
f 6044/5172/3668 2311/5173/3669 1323/5174/3670 2312/5175/3671
f 2308/5168/3664 6044/5172/3668 2312/5175/3671 1455/5169/3665
f 1455/5169/3665 2312/5175/3671 6045/5176/3672 2314/5177/3673
f 2312/5175/3671 1323/5174/3670 2313/5178/3674 6045/5176/3672
f 6045/5176/3672 2313/5178/3674 873/4753/2076 2110/4751/3276
f 2314/5177/3673 6045/5176/3672 2110/4751/3276 1267/4746/3271
f 1324/5171/3667 2309/5170/3666 6046/5179/3675 2315/5180/3676
f 2309/5170/3666 1455/5169/3665 2314/5177/3673 6046/5179/3675
f 6046/5179/3675 2314/5177/3673 1267/4746/3271 2106/4743/3268
f 2315/5180/3676 6046/5179/3675 2106/4743/3268 872/4742/3267
f 847/4450/3158 1962/4448/3156 6047/5181/3677 2311/5173/3669
f 1962/4448/3156 1235/4445/3153 2316/5182/3678 6047/5181/3677
f 6047/5181/3677 2316/5182/3678 1456/5183/3679 2317/5184/3680
f 2311/5173/3669 6047/5181/3677 2317/5184/3680 1323/5174/3670
f 1235/4445/3153 1959/4444/3152 6048/5185/3681 2316/5182/3678
f 1959/4444/3152 811/4314/3106 2318/5186/3682 6048/5185/3681
f 6048/5185/3681 2318/5186/3682 1325/5187/3683 2319/5188/3684
f 2316/5182/3678 6048/5185/3681 2319/5188/3684 1456/5183/3679
f 1456/5183/3679 2319/5188/3684 6049/5189/3685 2321/5190/3686
f 2319/5188/3684 1325/5187/3683 2320/5191/3687 6049/5189/3685
f 6049/5189/3685 2320/5191/3687 874/4775/900 2121/4773/3297
f 2321/5190/3686 6049/5189/3685 2121/4773/3297 1271/4769/3293
f 1323/5174/3670 2317/5184/3680 6050/5192/3688 2313/5178/3674
f 2317/5184/3680 1456/5183/3679 2321/5190/3686 6050/5192/3688
f 6050/5192/3688 2321/5190/3686 1271/4769/3293 2118/4767/3291
f 2313/5178/3674 6050/5192/3688 2118/4767/3291 873/4753/2076
f 875/4800/3323 2133/4799/3322 6051/5193/3689 2324/5194/3690
f 2133/4799/3322 1274/4795/3318 2322/5195/3691 6051/5193/3689
f 6051/5193/3689 2322/5195/3691 1457/5196/3692 2323/5197/3693
f 2324/5194/3690 6051/5193/3689 2323/5197/3693 1326/5198/3694
f 1274/4795/3318 2131/4794/3317 6052/5199/3695 2322/5195/3691
f 2131/4794/3317 874/4775/900 2320/5191/3687 6052/5199/3695
f 6052/5199/3695 2320/5191/3687 1325/5187/3683 2325/5200/3696
f 2322/5195/3691 6052/5199/3695 2325/5200/3696 1457/5196/3692
f 1457/5196/3692 2325/5200/3696 6053/5201/3697 2326/5202/3698
f 2325/5200/3696 1325/5187/3683 2318/5186/3682 6053/5201/3697
f 6053/5201/3697 2318/5186/3682 811/4314/3106 1894/4312/3104
f 2326/5202/3698 6053/5201/3697 1894/4312/3104 1220/4307/3099
f 1326/5198/3694 2323/5197/3693 6054/5203/3699 2327/5204/3700
f 2323/5197/3693 1457/5196/3692 2326/5202/3698 6054/5203/3699
f 6054/5203/3699 2326/5202/3698 1220/4307/3099 1890/4304/3096
f 2327/5204/3700 6054/5203/3699 1890/4304/3096 832/4303/3095
f 832/4303/3095 1957/4439/3147 6055/5205/3701 2327/5204/3700
f 1957/4439/3147 1233/4434/3142 2328/5206/3702 6055/5205/3701
f 6055/5205/3701 2328/5206/3702 1458/5207/3703 2329/5208/3704
f 2327/5204/3700 6055/5205/3701 2329/5208/3704 1326/5198/3694
f 1233/4434/3142 1953/4431/3139 6056/5209/3705 2328/5206/3702
f 1953/4431/3139 844/4430/3138 2330/5210/3706 6056/5209/3705
f 6056/5209/3705 2330/5210/3706 1327/5211/3707 2331/5212/3708
f 2328/5206/3702 6056/5209/3705 2331/5212/3708 1458/5207/3703
f 1458/5207/3703 2331/5212/3708 6057/5213/3709 2333/5214/3710
f 2331/5212/3708 1327/5211/3707 2332/5215/3711 6057/5213/3709
f 6057/5213/3709 2332/5215/3711 876/4815/3338 2141/4813/3336
f 2333/5214/3710 6057/5213/3709 2141/4813/3336 1277/4809/3332
f 1326/5198/3694 2329/5208/3704 6058/5216/3712 2324/5194/3690
f 2329/5208/3704 1458/5207/3703 2333/5214/3710 6058/5216/3712
f 6058/5216/3712 2333/5214/3710 1277/4809/3332 2138/4807/3330
f 2324/5194/3690 6058/5216/3712 2138/4807/3330 875/4800/3323
f 903/4838/3361 2334/5217/3713 6059/5218/3714 2153/4839/3362
f 2334/5217/3713 1328/5219/3715 2335/5220/3716 6059/5218/3714
f 6059/5218/3714 2335/5220/3716 1459/5221/3717 2336/5222/3718
f 2153/4839/3362 6059/5218/3714 2336/5222/3718 1281/4840/3363
f 1328/5219/3715 2337/5223/3719 6060/5224/3720 2335/5220/3716
f 2337/5223/3719 904/4004/2938 1748/4003/2937 6060/5224/3720
f 6060/5224/3720 1748/4003/2937 1187/4000/2934 2338/5225/3721
f 2335/5220/3716 6060/5224/3720 2338/5225/3721 1459/5221/3717
f 1459/5221/3717 2338/5225/3721 6061/5226/3722 2340/5227/3723
f 2338/5225/3721 1187/4000/2934 1746/3999/2933 6061/5226/3722
f 6061/5226/3722 1746/3999/2933 789/3998/2815 2339/5228/3724
f 2340/5227/3723 6061/5226/3722 2339/5228/3724 1329/5229/3725
f 1281/4840/3363 2336/5222/3718 6062/5230/3726 2155/4844/3367
f 2336/5222/3718 1459/5221/3717 2340/5227/3723 6062/5230/3726
f 6062/5230/3726 2340/5227/3723 1329/5229/3725 2341/5231/3727
f 2155/4844/3367 6062/5230/3726 2341/5231/3727 877/4845/3368
f 789/3875/2815 5020/3874/2814 6063/5232/3728 2339/5233/3724
f 5020/3874/2814 1173/3867/2807 2342/5234/3729 6063/5232/3728
f 6063/5232/3728 2342/5234/3729 1460/5235/3730 2343/5236/3731
f 2339/5233/3724 6063/5232/3728 2343/5236/3731 1329/5237/3725
f 1460/5235/3730 2342/5234/3729 6064/5238/3732 2345/5239/3733
f 2342/5234/3729 1173/3867/2807 5016/3864/2804 6064/5238/3732
f 6064/5238/3732 5016/3864/2804 1020/3863/2803 2344/5240/3734
f 2345/5239/3733 6064/5238/3732 2344/5240/3734 1553/5241/3735
f 1022/4864/900 2163/4863/900 6065/5242/3736 2347/5243/3737
f 2163/4863/900 1284/4856/3377 2346/5244/3738 6065/5242/3736
f 6065/5242/3736 2346/5244/3738 1460/5235/3730 2345/5239/3733
f 2347/5243/3737 6065/5242/3736 2345/5239/3733 1553/5241/3735
f 1329/5237/3725 2343/5236/3731 6066/5245/3739 2341/5246/3727
f 2343/5236/3731 1460/5235/3730 2346/5244/3738 6066/5245/3739
f 6066/5245/3739 2346/5244/3738 1284/4856/3377 2160/4853/3375
f 2341/5246/3727 6066/5245/3739 2160/4853/3375 877/4852/3368
f 788/3987/2924 1741/3984/2921 6067/5247/3740 2350/5248/3741
f 1741/3984/2921 1185/3983/2920 2348/5249/3742 6067/5247/3740
f 6067/5247/3740 2348/5249/3742 1461/5250/3743 2349/5251/3744
f 2350/5248/3741 6067/5247/3740 2349/5251/3744 1330/5252/3745
f 1461/5250/3743 2348/5249/3742 6068/5253/3746 2353/5254/3747
f 2348/5249/3742 1185/3983/2920 2351/5255/3748 6068/5253/3746
f 6068/5253/3746 2351/5255/3748 1369/5256/3749 2352/5257/3750
f 2353/5254/3747 6068/5253/3746 2352/5257/3750 1489/5258/3751
f 1372/4889/900 2174/4888/900 6069/5259/3752 2355/5260/3753
f 2174/4888/900 1286/4881/900 2354/5261/3754 6069/5259/3752
f 6069/5259/3752 2354/5261/3754 1461/5250/3743 2353/5254/3747
f 2355/5260/3753 6069/5259/3752 2353/5254/3747 1489/5258/3751
f 1330/5252/3745 2349/5251/3744 6070/5262/3755 2356/5263/3756
f 2349/5251/3744 1461/5250/3743 2354/5261/3754 6070/5262/3755
f 6070/5262/3755 2354/5261/3754 1286/4881/900 2170/4878/900
f 2356/5263/3756 6070/5262/3755 2170/4878/900 878/4877/900
f 1462/5264/3757 2357/5265/3758 6071/5266/3759 2359/5267/3760
f 2357/5265/3758 1183/3976/2913 1736/3975/2912 6071/5266/3759
f 6071/5266/3759 1736/3975/2912 796/3974/2911 2358/5268/3761
f 2359/5267/3760 6071/5266/3759 2358/5268/3761 1331/5269/3762
f 1289/4906/900 2360/5270/3763 6072/5271/3764 2183/4907/900
f 2360/5270/3763 1462/5264/3757 2359/5267/3760 6072/5271/3764
f 6072/5271/3764 2359/5267/3760 1331/5269/3762 2361/5272/3765
f 2183/4907/900 6072/5271/3764 2361/5272/3765 880/4908/900
f 1463/5273/3766 2362/5274/3767 6073/5275/3768 2364/5276/3769
f 2362/5274/3767 1181/3961/2898 1729/3960/2897 6073/5275/3768
f 6073/5275/3768 1729/3960/2897 791/3959/2896 2363/5277/3770
f 2364/5276/3769 6073/5275/3768 2363/5277/3770 1332/5278/3771
f 1292/4921/900 2365/5279/3772 6074/5280/3773 2190/4922/900
f 2365/5279/3772 1463/5273/3766 2364/5276/3769 6074/5280/3773
f 6074/5280/3773 2364/5276/3769 1332/5278/3771 2366/5281/3774
f 2190/4922/900 6074/5280/3773 2366/5281/3774 881/4923/900
f 1036/4945/3448 2201/4944/900 6075/5282/3775 2369/5283/3776
f 2201/4944/900 1091/4943/900 2367/5284/3777 6075/5282/3775
f 6075/5282/3775 2367/5284/3777 1613/5285/3778 2368/5286/3779
f 2369/5283/3776 6075/5282/3775 2368/5286/3779 1567/5287/3780
f 1613/5285/3778 2370/5288/3781 6076/5289/3782 2368/5286/3779
f 2370/5288/3781 1092/3925/2862 1713/3924/2861 6076/5289/3782
f 6076/5289/3782 1713/3924/2861 1034/3923/2860 2371/5290/3783
f 2368/5286/3779 6076/5289/3782 2371/5290/3783 1567/5287/3780
f 793/4160/3048 1820/4159/3047 6077/5291/3784 2374/5292/3785
f 1820/4159/3047 1202/4156/3044 2372/5293/3786 6077/5291/3784
f 6077/5291/3784 2372/5293/3786 1464/5294/3787 2373/5295/3788
f 2374/5292/3785 6077/5291/3784 2373/5295/3788 1334/5296/3789
f 1202/4156/3044 1818/4155/3043 6078/5297/3790 2372/5293/3786
f 1818/4155/3043 893/4154/3042 2375/5298/3791 6078/5297/3790
f 6078/5297/3790 2375/5298/3791 1333/5299/3792 2376/5300/3793
f 2372/5293/3786 6078/5297/3790 2376/5300/3793 1464/5294/3787
f 1464/5294/3787 2376/5300/3793 6079/5301/3794 2378/5302/3795
f 2376/5300/3793 1333/5299/3792 2377/5303/3796 6079/5301/3794
f 6079/5301/3794 2377/5303/3796 894/4958/3461 2207/4956/3459
f 2378/5302/3795 6079/5301/3794 2207/4956/3459 1295/4951/3454
f 1334/5296/3789 2373/5295/3788 6080/5304/3797 2379/5305/3798
f 2373/5295/3788 1464/5294/3787 2378/5302/3795 6080/5304/3797
f 6080/5304/3797 2378/5302/3795 1295/4951/3454 2203/4948/3451
f 2379/5305/3798 6080/5304/3797 2203/4948/3451 882/4947/3450
f 835/4326/3118 1900/4324/3116 6081/5306/3799 2382/5307/3800
f 1900/4324/3116 1222/4321/3113 2380/5308/3801 6081/5306/3799
f 6081/5306/3799 2380/5308/3801 1465/5309/3802 2381/5310/3803
f 2382/5307/3800 6081/5306/3799 2381/5310/3803 1336/5311/3804
f 1222/4321/3113 1897/4320/3112 6082/5312/3805 2380/5308/3801
f 1897/4320/3112 823/4174/3062 2383/5313/3806 6082/5312/3805
f 6082/5312/3805 2383/5313/3806 1335/5314/3807 2384/5315/3808
f 2380/5308/3801 6082/5312/3805 2384/5315/3808 1465/5309/3802
f 1465/5309/3802 2384/5315/3808 6083/5316/3809 2386/5317/3810
f 2384/5315/3808 1335/5314/3807 2385/5318/3811 6083/5316/3809
f 6083/5316/3809 2385/5318/3811 884/4983/3486 2219/4981/3484
f 2386/5317/3810 6083/5316/3809 2219/4981/3484 1299/4976/3479
f 1336/5311/3804 2381/5310/3803 6084/5319/3812 2387/5320/3813
f 2381/5310/3803 1465/5309/3802 2386/5317/3810 6084/5319/3812
f 6084/5319/3812 2386/5317/3810 1299/4976/3479 2215/4973/3476
f 2387/5320/3813 6084/5319/3812 2215/4973/3476 883/4972/3475
f 823/4174/3062 1827/4172/3060 6085/5321/3814 2383/5313/3806
f 1827/4172/3060 1204/4167/3055 2388/5322/3815 6085/5321/3814
f 6085/5321/3814 2388/5322/3815 1466/5323/3816 2389/5324/3817
f 2383/5313/3806 6085/5321/3814 2389/5324/3817 1335/5314/3807
f 1204/4167/3055 1823/4164/3052 6086/5325/3818 2388/5322/3815
f 1823/4164/3052 820/4163/3051 2390/5326/3819 6086/5325/3818
f 6086/5325/3818 2390/5326/3819 1337/5327/3820 2391/5328/3821
f 2388/5322/3815 6086/5325/3818 2391/5328/3821 1466/5323/3816
f 1466/5323/3816 2391/5328/3821 6087/5329/3822 2393/5330/3823
f 2391/5328/3821 1337/5327/3820 2392/5331/3824 6087/5329/3822
f 6087/5329/3822 2392/5331/3824 885/5005/900 2230/5003/3506
f 2393/5330/3823 6087/5329/3822 2230/5003/3506 1303/4999/3502
f 1335/5314/3807 2389/5324/3817 6088/5332/3825 2385/5318/3811
f 2389/5324/3817 1466/5323/3816 2393/5330/3823 6088/5332/3825
f 6088/5332/3825 2393/5330/3823 1303/4999/3502 2227/4997/3500
f 2385/5318/3811 6088/5332/3825 2227/4997/3500 884/4983/3486
f 820/4163/3051 2022/4569/3188 6089/5333/3826 2390/5326/3819
f 2022/4569/3188 1246/4564/3183 2394/5334/3827 6089/5333/3826
f 6089/5333/3826 2394/5334/3827 1467/5335/3828 2395/5336/3829
f 2390/5326/3819 6089/5333/3826 2395/5336/3829 1337/5327/3820
f 1246/4564/3183 2018/4561/3180 6090/5337/3830 2394/5334/3827
f 2018/4561/3180 856/4560/3179 2396/5338/3831 6090/5337/3830
f 6090/5337/3830 2396/5338/3831 1338/5339/3832 2397/5340/3833
f 2394/5334/3827 6090/5337/3830 2397/5340/3833 1467/5335/3828
f 1467/5335/3828 2397/5340/3833 6091/5341/3834 2399/5342/3835
f 2397/5340/3833 1338/5339/3832 2398/5343/3836 6091/5341/3834
f 6091/5341/3834 2398/5343/3836 886/5025/2076 2240/5023/3523
f 2399/5342/3835 6091/5341/3834 2240/5023/3523 1306/5019/3293
f 1337/5327/3820 2395/5336/3829 6092/5344/3837 2392/5331/3824
f 2395/5336/3829 1467/5335/3828 2399/5342/3835 6092/5344/3837
f 6092/5344/3837 2399/5342/3835 1306/5019/3293 2237/5017/3297
f 2392/5331/3824 6092/5344/3837 2237/5017/3297 885/5005/900
f 856/4560/3179 2087/4699/3229 6093/5345/3838 2396/5338/3831
f 2087/4699/3229 1259/4694/3224 2400/5346/3839 6093/5345/3838
f 6093/5345/3838 2400/5346/3839 1468/5347/3840 2401/5348/3841
f 2396/5338/3831 6093/5345/3838 2401/5348/3841 1338/5339/3832
f 1259/4694/3224 2083/4691/3221 6094/5349/3842 2400/5346/3839
f 2083/4691/3221 868/4690/3220 2402/5350/3843 6094/5349/3842
f 6094/5349/3842 2402/5350/3843 1339/5351/3844 2403/5352/3845
f 2400/5346/3839 6094/5349/3842 2403/5352/3845 1468/5347/3840
f 1468/5347/3840 2403/5352/3845 6095/5353/3846 2405/5354/3847
f 2403/5352/3845 1339/5351/3844 2404/5355/3848 6095/5353/3846
f 6095/5353/3846 2404/5355/3848 887/5045/3544 2250/5043/3542
f 2405/5354/3847 6095/5353/3846 2250/5043/3542 1309/5039/3538
f 1338/5339/3832 2401/5348/3841 6096/5356/3849 2398/5343/3836
f 2401/5348/3841 1468/5347/3840 2405/5354/3847 6096/5356/3849
f 6096/5356/3849 2405/5354/3847 1309/5039/3538 2247/5037/3536
f 2398/5343/3836 6096/5356/3849 2247/5037/3536 886/5025/2076
f 917/5068/3567 2406/5357/3850 6097/5358/3851 2262/5069/3568
f 2406/5357/3850 1340/5359/3852 2407/5360/3853 6097/5358/3851
f 6097/5358/3851 2407/5360/3853 1469/5361/3854 2408/5362/3855
f 2262/5069/3568 6097/5358/3851 2408/5362/3855 1313/5070/3569
f 1340/5359/3852 2409/5363/3856 6098/5364/3857 2407/5360/3853
f 2409/5363/3856 918/3914/2851 1708/3913/2850 6098/5364/3857
f 6098/5364/3857 1708/3913/2850 1177/3910/2847 2410/5365/3858
f 2407/5360/3853 6098/5364/3857 2410/5365/3858 1469/5361/3854
f 1469/5361/3854 2410/5365/3858 6099/5366/3859 2412/5367/3860
f 2410/5365/3858 1177/3910/2847 1706/3909/2846 6099/5366/3859
f 6099/5366/3859 1706/3909/2846 792/3908/2845 2411/5368/3861
f 2412/5367/3860 6099/5366/3859 2411/5368/3861 1341/5369/3862
f 1313/5070/3569 2408/5362/3855 6100/5370/3863 2264/5074/3573
f 2408/5362/3855 1469/5361/3854 2412/5367/3860 6100/5370/3863
f 6100/5370/3863 2412/5367/3860 1341/5369/3862 2413/5371/3864
f 2264/5074/3573 6100/5370/3863 2413/5371/3864 888/5075/3574
f 1082/5095/3594 2274/5094/3593 6101/5372/3865 2416/5373/3866
f 2274/5094/3593 1051/5093/3592 2414/5374/3867 6101/5372/3865
f 6101/5372/3865 2414/5374/3867 1585/5375/3868 2415/5376/3869
f 2416/5373/3866 6101/5372/3865 2415/5376/3869 1600/5377/3870
f 1585/5375/3868 2417/5378/3871 6102/5379/3872 2415/5376/3869
f 2417/5378/3871 1052/3901/2838 5031/3900/2837 6102/5379/3872
f 6102/5379/3872 5031/3900/2837 1080/3899/2836 2418/5380/3873
f 2415/5376/3869 6102/5379/3872 2418/5380/3873 1600/5377/3870
f 1342/5381/3874 2419/5382/3875 6103/5383/3876 2421/5384/3877
f 2419/5382/3875 790/3950/2887 1724/3949/2886 6103/5383/3876
f 6103/5383/3876 1724/3949/2886 985/3948/2885 2420/5385/3878
f 2421/5384/3877 6103/5383/3876 2420/5385/3878 1530/5386/3879
f 1342/5381/3874 2421/5384/3877 6104/5387/3880 2423/5388/3881
f 2421/5384/3877 1530/5386/3879 2422/5389/3882 6104/5387/3880
f 6104/5387/3880 2422/5389/3882 987/5103/3602 2277/5102/3601
f 2423/5388/3881 6104/5387/3880 2277/5102/3601 889/5101/3600
f 795/3939/2876 1719/3936/2873 6105/5390/3883 2426/5391/3884
f 1719/3936/2873 1179/3935/2872 2424/5392/3885 6105/5390/3883
f 6105/5390/3883 2424/5392/3885 1470/5393/3886 2425/5394/3887
f 2426/5391/3884 6105/5390/3883 2425/5394/3887 1343/5395/3888
f 1343/5395/3888 2425/5394/3887 6106/5396/3889 2428/5397/3890
f 2425/5394/3887 1470/5393/3886 2427/5398/3891 6106/5396/3889
f 6106/5396/3889 2427/5398/3891 1317/5116/3615 2283/5113/3612
f 2428/5397/3890 6106/5396/3889 2283/5113/3612 890/5112/3611
f 870/5140/3639 2295/5139/3638 6107/5399/3892 2431/5400/3893
f 2295/5139/3638 992/5138/3637 2429/5401/3894 6107/5399/3892
f 6107/5399/3892 2429/5401/3894 1539/5402/3895 2430/5403/3896
f 2431/5400/3893 6107/5399/3892 2430/5403/3896 1344/5404/3897
f 1539/5402/3895 2432/5405/3898 6108/5406/3899 2430/5403/3896
f 2432/5405/3898 993/3930/2867 1715/3927/2864 6108/5406/3899
f 6108/5406/3899 1715/3927/2864 786/3926/2863 2433/5407/3900
f 2430/5403/3896 6108/5406/3899 2433/5407/3900 1344/5404/3897
f 909/4735/3262 2434/5408/3901 6109/5409/3902 2103/4736/3263
f 2434/5408/3901 1345/3519/2509 4859/3522/2512 6109/5409/3902
f 6109/5409/3902 4859/3522/2512 1471/3510/2500 2435/5410/3903
f 2103/4736/3263 6109/5409/3902 2435/5410/3903 1266/4737/3264
f 1266/4737/3264 2435/5410/3903 6110/5411/3904 2105/4740/3266
f 2435/5410/3903 1471/3510/2500 4856/3513/2503 6110/5411/3904
f 6110/5411/3904 4856/3513/2503 1346/3518/2508 2436/5412/3905
f 2105/4740/3266 6110/5411/3904 2436/5412/3905 755/4741/3246
f 848/4760/3284 2437/5413/3906 6111/5414/3907 2114/4761/3285
f 2437/5413/3906 1347/4462/3167 2035/4595/3210 6111/5414/3907
f 6111/5414/3907 2035/4595/3210 1472/4584/3203 2438/5415/3908
f 2114/4761/3285 6111/5414/3907 2438/5415/3908 1269/4762/3286
f 1269/4762/3286 2438/5415/3908 6112/5416/3909 2116/4765/3289
f 2438/5415/3908 1472/4584/3203 2033/4587/3206 6112/5416/3909
f 6112/5416/3909 2033/4587/3206 1348/4592/3208 2439/5417/3910
f 2116/4765/3289 6112/5416/3909 2439/5417/3910 860/4766/3290
f 812/4782/3305 2440/5418/3911 6113/5419/3912 2125/4783/3306
f 2440/5418/3911 1349/4286/3090 1970/4465/3169 6113/5419/3912
f 6113/5419/3912 1970/4465/3169 1473/4454/3162 2441/5420/3913
f 2125/4783/3306 6113/5419/3912 2441/5420/3913 1273/4784/3307
f 1273/4784/3307 2441/5420/3913 6114/5421/3914 2127/4786/3309
f 2441/5420/3913 1473/4454/3162 1968/4457/3165 6114/5421/3914
f 6114/5421/3914 1968/4457/3165 1347/4462/3167 2437/5413/3906
f 2127/4786/3309 6114/5421/3914 2437/5413/3906 848/4760/3284
f 831/4806/3329 2442/5422/3915 6115/5423/3916 2137/4804/3327
f 2442/5422/3915 1350/4287/3091 1884/4290/3094 6115/5423/3916
f 6115/5423/3916 1884/4290/3094 1474/4278/3085 2443/5424/3917
f 2137/4804/3327 6115/5423/3916 2443/5424/3917 1276/4792/3315
f 1276/4792/3315 2443/5424/3917 6116/5425/3918 2130/4788/3311
f 2443/5424/3917 1474/4278/3085 1881/4281/3088 6116/5425/3918
f 6116/5425/3918 1881/4281/3088 1349/4286/3090 2440/5418/3911
f 2130/4788/3311 6116/5425/3918 2440/5418/3911 812/4782/3305
f 843/4822/3345 2444/5426/3919 6117/5427/3920 2145/4823/3346
f 2444/5426/3919 1351/4416/3134 1948/4419/3137 6117/5427/3920
f 6117/5427/3920 1948/4419/3137 1475/4410/3130 2445/5428/3921
f 2145/4823/3346 6117/5427/3920 2445/5428/3921 1279/4824/3347
f 1279/4824/3347 2445/5428/3921 6118/5429/3922 2147/4826/3349
f 2445/5428/3921 1475/4410/3130 1945/4413/3133 6118/5429/3922
f 6118/5429/3922 1945/4413/3133 1350/4287/3091 2442/5422/3915
f 2147/4826/3349 6118/5429/3922 2442/5422/3915 831/4806/3329
f 1476/4022/2950 1759/4025/2953 6119/5430/3923 2447/5431/3924
f 1759/4025/2953 1352/4027/2954 2446/5432/3925 6119/5430/3923
f 6119/5430/3923 2446/5432/3925 902/4827/3350 2151/4830/3353
f 2447/5431/3924 6119/5430/3923 2151/4830/3353 1283/4835/3358
f 1353/4028/2536 1760/4031/2956 6120/5433/3926 2448/5434/3927
f 1760/4031/2956 1476/4022/2950 2447/5431/3924 6120/5433/3926
f 6120/5433/3926 2447/5431/3924 1283/4835/3358 2159/4849/3372
f 2448/5434/3927 6120/5433/3926 2159/4849/3372 757/4851/3374
f 1285/4871/3389 2449/5435/3928 6121/5436/3929 2169/4875/3392
f 2449/5435/3928 1477/3544/2531 4871/3547/2534 6121/5436/3929
f 6121/5436/3929 4871/3547/2534 1353/3549/2536 2448/5437/3927
f 2169/4875/3392 6121/5436/3929 2448/5437/3927 757/4876/3374
f 1287/4896/3407 2450/5438/3930 6122/5439/3931 2180/4900/3411
f 2450/5438/3930 1478/3817/2760 4997/3820/2763 6122/5439/3931
f 6122/5439/3931 4997/3820/2763 1354/3822/2765 2451/5440/3932
f 2180/4900/3411 6122/5439/3931 2451/5440/3932 776/4901/3412
f 1355/3733/2687 4959/3736/2690 6123/5441/3933 2453/5442/3934
f 4959/3736/2690 1479/3738/2692 2452/5443/3935 6123/5441/3933
f 6123/5441/3933 2452/5443/3935 1291/4911/3419 2188/4914/3422
f 2453/5442/3934 6123/5441/3933 2188/4914/3422 785/4916/3424
f 770/4931/3436 2454/5444/3936 6124/5445/3937 2195/4929/3434
f 2454/5444/3936 1356/3833/2776 5006/3836/2779 6124/5445/3937
f 6124/5445/3937 5006/3836/2779 1480/3841/2784 2455/5446/3938
f 2195/4929/3434 6124/5445/3937 2455/5446/3938 1294/4926/3431
f 1379/5447/3939 2456/5448/3940 6125/5449/3941 2458/5450/3942
f 2456/5448/3940 1294/4926/3431 2455/5446/3938 6125/5449/3941
f 6125/5449/3941 2455/5446/3938 1480/3841/2784 2457/5451/3943
f 2458/5450/3942 6125/5449/3941 2457/5451/3943 1495/5452/3944
f 1090/4932/3437 2199/4935/3440 6126/5453/3945 2460/5454/3946
f 2199/4935/3440 1037/4940/3445 2459/5455/3947 6126/5453/3945
f 6126/5453/3945 2459/5455/3947 1569/3642/2620 4917/3645/2623
f 2460/5454/3946 6126/5453/3945 4917/3645/2623 1611/3650/2628
f 895/4965/3468 2461/5456/3948 6127/5457/3949 2211/4966/3469
f 2461/5456/3948 1357/4132/3024 1810/4135/3026 6127/5457/3949
f 6127/5457/3949 1810/4135/3026 1481/4123/3015 2462/5458/3950
f 2211/4966/3469 6127/5457/3949 2462/5458/3950 1297/4967/3470
f 1297/4967/3470 2462/5458/3950 6128/5459/3951 2213/4970/3473
f 2462/5458/3950 1481/4123/3015 1807/4126/3018 6128/5459/3951
f 6128/5459/3951 1807/4126/3018 1358/4131/3023 2463/5460/3952
f 2213/4970/3473 6128/5459/3951 2463/5460/3952 759/4971/3474
f 824/4990/3493 2464/5461/3953 6129/5462/3954 2223/4991/3494
f 2464/5461/3953 1359/4186/3071 1908/4341/3129 6129/5462/3954
f 6129/5462/3954 1908/4341/3129 1482/4330/3122 2465/5463/3955
f 2223/4991/3494 6129/5462/3954 2465/5463/3955 1301/4992/3495
f 1301/4992/3495 2465/5463/3955 6130/5464/3956 2225/4995/3498
f 2465/5463/3955 1482/4330/3122 1906/4333/3125 6130/5464/3956
f 6130/5464/3956 1906/4333/3125 1360/4338/3127 2466/5465/3957
f 2225/4995/3498 6130/5464/3956 2466/5465/3957 836/4996/3499
f 819/5012/3514 2467/5466/3958 6131/5467/3959 2234/5013/3515
f 2467/5466/3958 1361/4187/3072 1836/4190/3075 6131/5467/3959
f 6131/5467/3959 1836/4190/3075 1483/4178/3066 2468/5468/3960
f 2234/5013/3515 6131/5467/3959 2468/5468/3960 1305/5014/3516
f 1305/5014/3516 2468/5468/3960 6132/5469/3961 2236/5016/3518
f 2468/5468/3960 1483/4178/3066 1833/4181/3069 6132/5469/3961
f 6132/5469/3961 1833/4181/3069 1359/4186/3071 2464/5461/3953
f 2236/5016/3518 6132/5469/3961 2464/5461/3953 824/4990/3493
f 855/5032/3531 2469/5470/3962 6133/5471/3963 2244/5033/3532
f 2469/5470/3962 1362/4546/3175 2013/4549/3178 6133/5471/3963
f 6133/5471/3963 2013/4549/3178 1484/4540/3171 2470/5472/3964
f 2244/5033/3532 6133/5471/3963 2470/5472/3964 1308/5034/3533
f 1308/5034/3533 2470/5472/3964 6134/5473/3965 2246/5036/3535
f 2470/5472/3964 1484/4540/3171 2010/4543/3174 6134/5473/3965
f 6134/5473/3965 2010/4543/3174 1361/4187/3072 2467/5466/3958
f 2246/5036/3535 6134/5473/3965 2467/5466/3958 819/5012/3514
f 867/5052/3551 2471/5474/3966 6135/5475/3967 2254/5053/3552
f 2471/5474/3966 1363/4676/3216 2078/4679/3219 6135/5475/3967
f 6135/5475/3967 2078/4679/3219 1485/4670/3212 2472/5476/3968
f 2254/5053/3552 6135/5475/3967 2472/5476/3968 1311/5054/3553
f 1311/5054/3553 2472/5476/3968 6136/5477/3969 2256/5056/3555
f 2472/5476/3968 1485/4670/3212 2075/4673/3215 6136/5477/3969
f 6136/5477/3969 2075/4673/3215 1362/4546/3175 2469/5470/3962
f 2256/5056/3555 6136/5477/3969 2469/5470/3962 855/5032/3531
f 1486/3565/2549 4881/3568/2552 6137/5478/3970 2474/5479/3971
f 4881/3568/2552 1364/3570/2554 2473/5480/3972 6137/5478/3970
f 6137/5478/3970 2473/5480/3972 916/5057/3556 2260/5060/3559
f 2474/5479/3971 6137/5478/3970 2260/5060/3559 1315/5065/3564
f 1365/3571/2555 4883/3574/2558 6138/5481/3973 2475/5482/3974
f 4883/3574/2558 1486/3565/2549 2474/5479/3971 6138/5481/3973
f 6138/5481/3973 2474/5479/3971 1315/5065/3564 2268/5079/3578
f 2475/5482/3974 6138/5481/3973 2268/5079/3578 761/5081/3580
f 1050/5082/3581 2272/5085/3584 6139/5483/3975 2477/5484/3976
f 2272/5085/3584 1083/5090/3589 2476/5485/3977 6139/5483/3975
f 6139/5483/3975 2476/5485/3977 1602/3636/2614 4913/3639/2617
f 2477/5484/3976 6139/5483/3975 4913/3639/2617 1583/3641/2619
f 769/5111/3610 2281/5110/3609 6140/5486/3978 2479/5487/3979
f 2281/5110/3609 988/5109/3608 2478/5488/3980 6140/5486/3978
f 6140/5486/3978 2478/5488/3980 1532/3787/2730 4983/3790/2733
f 2479/5487/3979 6140/5486/3978 4983/3790/2733 1366/3792/2735
f 1318/5124/3623 2480/5489/3981 6141/5490/3982 2288/5125/3624
f 2480/5489/3981 1487/3709/2663 4949/3712/2666 6141/5490/3982
f 6141/5490/3982 4949/3712/2666 1367/3717/2671 2481/5491/3983
f 2288/5125/3624 6141/5490/3982 2481/5491/3983 781/5126/3625
f 991/5127/3626 2293/5130/3629 6142/5492/3984 2483/5493/3985
f 2293/5130/3629 775/5135/3634 2482/5494/3986 6142/5492/3984
f 6142/5492/3984 2482/5494/3986 1368/3763/2709 4973/3766/2712
f 2483/5493/3985 6142/5492/3984 4973/3766/2712 1537/3768/2714
f 1030/5495/3987 2484/5496/3988 6143/5497/3989 2486/5498/3990
f 2484/5496/3988 1263/4711/3241 2485/5499/3991 6143/5497/3989
f 6143/5497/3989 2485/5499/3991 1488/3590/2571 4892/3593/2574
f 2486/5498/3990 6143/5497/3989 4892/3593/2574 1564/3595/2576
f 1346/3596/2508 4893/3599/2578 6144/5500/3992 2436/5501/3905
f 4893/3599/2578 1488/3590/2571 2485/5499/3991 6144/5500/3992
f 6144/5500/3992 2485/5499/3991 1263/4711/3241 2095/4714/3244
f 2436/5501/3905 6144/5500/3992 2095/4714/3244 755/4716/3246
f 1370/5502/3993 2487/5503/3994 6145/5504/3995 2490/5505/3996
f 2487/5503/3994 809/5506/3997 2488/5507/3998 6145/5504/3995
f 6145/5504/3995 2488/5507/3998 797/5508/3999 2489/5509/4000
f 2490/5505/3996 6145/5504/3995 2489/5509/4000 1369/5256/3749
f 1370/5502/3993 2490/5505/3996 6146/5510/4001 2491/5511/4002
f 2490/5505/3996 1369/5256/3749 2351/5255/3748 6146/5510/4001
f 6146/5510/4001 2351/5255/3748 1185/3983/2920 1744/3986/2923
f 2491/5511/4002 6146/5510/4001 1744/3986/2923 1186/3991/2928
f 1489/5258/3751 2352/5257/3750 6147/5512/4003 2493/5513/4004
f 2352/5257/3750 1369/5256/3749 2489/5509/4000 6147/5512/4003
f 6147/5512/4003 2489/5509/4000 797/5508/3999 2492/5514/4005
f 2493/5513/4004 6147/5512/4003 2492/5514/4005 1371/5515/4006
f 1372/4889/900 2355/5260/3753 6148/5516/4007 2495/5517/900
f 2355/5260/3753 1489/5258/3751 2493/5513/4004 6148/5516/4007
f 6148/5516/4007 2493/5513/4004 1371/5515/4006 2494/5518/4008
f 2495/5517/900 6148/5516/4007 2494/5518/4008 879/5519/900
f 1490/4891/3402 2175/4890/3401 6149/5520/4009 2497/5521/4010
f 2175/4890/3401 1372/4889/900 2495/5517/900 6149/5520/4009
f 6149/5520/4009 2495/5517/900 879/5519/900 2496/5522/4011
f 2497/5521/4010 6149/5520/4009 2496/5522/4011 1373/5523/4012
f 1374/4892/3403 2179/4895/3406 6150/5524/4013 2499/5525/4014
f 2179/4895/3406 1490/4891/3402 2497/5521/4010 6150/5524/4013
f 6150/5524/4013 2497/5521/4010 1373/5523/4012 2498/5526/4015
f 2499/5525/4014 6150/5524/4013 2498/5526/4015 784/5527/4016
f 1374/4892/3403 2500/5528/4017 6151/5529/4018 2177/4893/3404
f 2500/5528/4017 1491/3823/2766 5000/3826/2769 6151/5529/4018
f 6151/5529/4018 5000/3826/2769 1478/3817/2760 2450/5438/3930
f 2177/4893/3404 6151/5529/4018 2450/5438/3930 1287/4896/3407
f 1375/5530/4019 2501/5531/4020 6152/5532/4021 2502/5533/4022
f 2501/5531/4020 1491/3823/2766 2500/5528/4017 6152/5532/4021
f 6152/5532/4021 2500/5528/4017 1374/4892/3403 2499/5525/4014
f 2502/5533/4022 6152/5532/4021 2499/5525/4014 784/5527/4016
f 1375/5530/4019 2503/5534/4023 6153/5535/4024 2501/5531/4020
f 2503/5534/4023 1376/5536/4025 2504/5537/4026 6153/5535/4024
f 6153/5535/4024 2504/5537/4026 1492/3827/2770 4998/3824/2767
f 2501/5531/4020 6153/5535/4024 4998/3824/2767 1491/3823/2766
f 1377/3829/2772 5002/3832/2775 6154/5538/4027 2506/5539/4028
f 5002/3832/2775 1492/3827/2770 2504/5537/4026 6154/5538/4027
f 6154/5538/4027 2504/5537/4026 1376/5536/4025 2505/5540/4029
f 2506/5539/4028 6154/5538/4027 2505/5540/4029 782/5541/4030
f 980/5542/4031 2507/5543/4032 6155/5544/4033 2510/5545/4034
f 2507/5543/4032 1159/3728/2682 2508/5546/4035 6155/5544/4033
f 6155/5544/4033 2508/5546/4035 1493/3807/2750 2509/5547/4036
f 2510/5545/4034 6155/5544/4033 2509/5547/4036 1525/5548/4037
f 1378/3802/2745 4990/3805/2748 6156/5549/4038 2511/5550/4039
f 4990/3805/2748 1493/3807/2750 2508/5546/4035 6156/5549/4038
f 6156/5549/4038 2508/5546/4035 1159/3728/2682 4953/3725/2679
f 2511/5550/4039 6156/5549/4038 4953/3725/2679 783/3724/2678
f 1495/5452/3944 2512/5551/4040 6157/5552/4041 2514/5553/4042
f 2512/5551/4040 1494/5554/4043 2513/5555/4044 6157/5552/4041
f 6157/5552/4041 2513/5555/4044 1160/3732/2686 4957/3734/2688
f 2514/5553/4042 6157/5552/4041 4957/3734/2688 1355/3733/2687
f 1480/3841/2784 5005/3840/2783 6158/5556/4045 2457/5451/3943
f 5005/3840/2783 1408/3839/2782 2515/5557/4046 6158/5556/4045
f 6158/5556/4045 2515/5557/4046 1494/5554/4043 2512/5551/4040
f 2457/5451/3943 6158/5556/4045 2512/5551/4040 1495/5452/3944
f 1378/5558/2745 2516/5559/4047 6159/5560/4048 4988/5561/2746
f 2516/5559/4047 1494/5554/4043 2515/5557/4046 6159/5560/4048
f 6159/5560/4048 2515/5557/4046 1408/3839/2782 5007/3843/2785
f 4988/5561/2746 6159/5560/4048 5007/3843/2785 1167/3842/2744
f 1160/3732/2686 2513/5555/4044 6160/5562/4049 4956/3727/2681
f 2513/5555/4044 1494/5554/4043 2516/5559/4047 6160/5562/4049
f 6160/5562/4049 2516/5559/4047 1378/5558/2745 2511/5563/4039
f 4956/3727/2681 6160/5562/4049 2511/5563/4039 783/3724/2678
f 1379/5447/3939 2458/5450/3942 6161/5564/4050 2517/5565/4051
f 2458/5450/3942 1495/5452/3944 2514/5553/4042 6161/5564/4050
f 6161/5564/4050 2514/5553/4042 1355/3733/2687 2453/5442/3934
f 2517/5565/4051 6161/5564/4050 2453/5442/3934 785/4916/3424
f 880/5566/900 2518/5567/900 6162/5568/4052 2184/5569/3417
f 2518/5567/900 1380/5570/900 2519/5571/4053 6162/5568/4052
f 6162/5568/4052 2519/5571/4053 1496/5572/4054 2520/5573/4055
f 2184/5569/3417 6162/5568/4052 2520/5573/4055 1290/5574/3418
f 1496/5572/4054 2519/5571/4053 6163/5575/4056 2522/5576/4057
f 2519/5571/4053 1380/5570/900 2521/5577/900 6163/5575/4056
f 6163/5575/4056 2521/5577/900 1292/4921/900 2189/4918/3426
f 2522/5576/4057 6163/5575/4056 2189/4918/3426 1445/4917/3425
f 1379/5447/3939 2523/5578/4058 6164/5579/4059 2456/5448/3940
f 2523/5578/4058 1496/5572/4054 2522/5576/4057 6164/5579/4059
f 6164/5579/4059 2522/5576/4057 1445/4917/3425 2193/4927/3432
f 2456/5448/3940 6164/5579/4059 2193/4927/3432 1294/4926/3431
f 1290/5574/3418 2520/5573/4055 6165/5580/4060 2187/5581/3423
f 2520/5573/4055 1496/5572/4054 2523/5578/4058 6165/5580/4060
f 6165/5580/4060 2523/5578/4058 1379/5447/3939 2517/5565/4051
f 2187/5581/3423 6165/5580/4060 2517/5565/4051 785/4916/3424
f 796/5582/2911 2524/5583/4061 6166/5584/4062 2358/5585/3761
f 2524/5583/4061 1381/3965/2902 2525/5586/4063 6166/5584/4062
f 6166/5584/4062 2525/5586/4063 1497/5587/4064 2526/5588/4065
f 2358/5585/3761 6166/5584/4062 2526/5588/4065 1331/5589/3762
f 1497/5587/4064 2525/5586/4063 6167/5590/4066 2527/5591/4067
f 2525/5586/4063 1381/3965/2902 1731/3964/2901 6167/5590/4066
f 6167/5590/4066 1731/3964/2901 1181/3961/2898 2362/5274/3767
f 2527/5591/4067 6167/5590/4066 2362/5274/3767 1463/5273/3766
f 1380/5570/900 2528/5592/4068 6168/5593/4069 2521/5577/900
f 2528/5592/4068 1497/5587/4064 2527/5591/4067 6168/5593/4069
f 6168/5593/4069 2527/5591/4067 1463/5273/3766 2365/5279/3772
f 2521/5577/900 6168/5593/4069 2365/5279/3772 1292/4921/900
f 1331/5589/3762 2526/5588/4065 6169/5594/4070 2361/5595/3765
f 2526/5588/4065 1497/5587/4064 2528/5592/4068 6169/5594/4070
f 6169/5594/4070 2528/5592/4068 1380/5570/900 2518/5567/900
f 2361/5595/3765 6169/5594/4070 2518/5567/900 880/5566/900
f 1381/3965/2902 2524/5583/4061 6170/5596/4071 1732/3966/2903
f 2524/5583/4061 796/5582/2911 1735/5597/2910 6170/5596/4071
f 6170/5596/4071 1735/5597/2910 808/5598/2909 2529/5599/4072
f 1732/3966/2903 6170/5596/4071 2529/5599/4072 1382/3967/2904
f 910/3528/879 2530/5600/879 6171/5601/2430 4861/3529/2516
f 2530/5600/879 1383/3432/879 4819/3435/2430 6171/5601/2430
f 6171/5601/2430 4819/3435/2430 1498/3431/2427 2531/5602/4073
f 4861/3529/2516 6171/5601/2430 2531/5602/4073 1145/3530/2517
f 1145/3530/2517 2531/5602/4073 6172/5603/4074 4863/3533/2520
f 2531/5602/4073 1498/3431/2427 4815/3430/2426 6172/5603/4074
f 6172/5603/4074 4815/3430/2426 1384/3429/2425 2532/5604/4075
f 4863/3533/2520 6172/5603/4074 2532/5604/4075 762/3534/2521
f 1499/4618/879 2045/4617/879 6173/5605/879 2534/5606/879
f 2045/4617/879 1385/4616/879 2533/5607/879 6173/5605/879
f 6173/5605/879 2533/5607/879 861/4603/879 2038/4602/879
f 2534/5606/879 6173/5605/879 2038/4602/879 1250/4599/879
f 1386/4486/879 2048/4621/879 6174/5608/879 2535/5609/879
f 2048/4621/879 1499/4618/879 2534/5606/879 6174/5608/879
f 6174/5608/879 2534/5606/879 1250/4599/879 2036/4598/879
f 2535/5609/879 6174/5608/879 2036/4598/879 849/4473/879
f 1500/4488/879 1980/4487/879 6175/5610/879 2536/5611/879
f 1980/4487/879 1386/4486/879 2535/5609/879 6175/5610/879
f 6175/5610/879 2535/5609/879 849/4473/879 1973/4472/879
f 2536/5611/879 6175/5610/879 1973/4472/879 1237/4469/879
f 1387/4267/879 1983/4491/879 6176/5612/879 2537/5613/879
f 1983/4491/879 1500/4488/879 2536/5611/879 6176/5612/879
f 6176/5612/879 2536/5611/879 1237/4469/879 1971/4468/879
f 2537/5613/879 6176/5612/879 1971/4468/879 813/4302/879
f 1501/4269/879 1872/4268/879 6177/5614/879 2538/5615/879
f 1872/4268/879 1387/4267/879 2537/5613/879 6177/5614/879
f 6177/5614/879 2537/5613/879 813/4302/879 1888/4301/879
f 2538/5615/879 6177/5614/879 1888/4301/879 1218/4298/879
f 1388/4275/879 1875/4274/879 6178/5616/879 2539/5617/879
f 1875/4274/879 1501/4269/879 2538/5615/879 6178/5616/879
f 6178/5616/879 2538/5615/879 1218/4298/879 1886/4297/879
f 2539/5617/879 6178/5616/879 1886/4297/879 830/4296/879
f 1502/4401/879 1937/4400/879 6179/5618/879 2540/5619/879
f 1937/4400/879 1388/4275/879 2539/5617/879 6179/5618/879
f 6179/5618/879 2539/5617/879 830/4296/879 1952/4429/879
f 2540/5619/879 6179/5618/879 1952/4429/879 1232/4427/879
f 1389/4407/879 1940/4406/879 6180/5620/879 2541/5621/879
f 1940/4406/879 1502/4401/879 2540/5619/879 6180/5620/879
f 6180/5620/879 2540/5619/879 1232/4427/879 1950/4426/879
f 2541/5621/879 6180/5620/879 1950/4426/879 842/4425/879
f 1503/4041/2966 1767/4044/2969 6181/5622/2969 2543/5623/4076
f 1767/4044/2969 1390/4046/879 2542/5624/879 6181/5622/2969
f 6181/5622/2969 2542/5624/879 901/4018/879 1754/4016/2947
f 2543/5623/4076 6181/5622/2969 1754/4016/2947 1189/4011/2943
f 1391/4047/2449 1769/4050/2971 6182/5625/4077 2544/5626/4078
f 1769/4050/2971 1503/4041/2966 2543/5623/4076 6182/5625/4077
f 6182/5625/4077 2543/5623/4076 1189/4011/2943 1751/4008/2941
f 2544/5626/4078 6182/5625/4077 1751/4008/2941 763/4007/2528
f 1147/3539/2526 2545/5627/4079 6183/5628/4080 4866/3540/2527
f 2545/5627/4079 1504/3456/2451 4827/3455/2450 6183/5628/4080
f 6183/5628/4080 4827/3455/2450 1391/3454/2449 2544/5629/4078
f 4866/3540/2527 6183/5628/4080 2544/5629/4078 763/3541/2528
f 948/3747/2698 4962/3746/2697 6184/5630/4081 2547/5631/4082
f 4962/3746/2697 1505/3745/2696 2546/5632/4083 6184/5630/4081
f 6184/5630/4081 2546/5632/4083 1166/5633/2740 4984/5634/2737
f 2547/5631/4082 6184/5630/4081 4984/5634/2737 771/5635/2736
f 1089/3655/2633 4919/3654/2632 6185/5636/4084 2549/5637/4085
f 4919/3654/2632 1038/3653/2631 2548/5638/4086 6185/5636/4084
f 6185/5636/4084 2548/5638/4086 1571/3670/2646 4925/3667/2643
f 2549/5637/4085 6185/5636/4084 4925/3667/2643 1609/3666/2642
f 896/4141/1071 2550/5639/1071 6186/5640/3008 1812/4142/3030
f 2550/5639/1071 949/4113/1071 1801/4116/3008 6186/5640/3008
f 6186/5640/3008 1801/4116/3008 1506/4112/3006 2551/5641/4087
f 1812/4142/3030 6186/5640/3008 2551/5641/4087 1200/4143/3031
f 1200/4143/3031 2551/5641/4087 6187/5642/4088 1814/4146/3034
f 2551/5641/4087 1506/4112/3006 1797/4111/3005 6187/5642/4088
f 6187/5642/4088 1797/4111/3005 950/4110/3004 2552/5643/4089
f 1814/4146/3034 6187/5642/4088 2552/5643/4089 764/4147/3035
f 1507/4364/1071 1918/4363/1071 6188/5644/1071 2554/5645/1071
f 1918/4363/1071 951/4362/1071 2553/5646/1071 6188/5644/1071
f 6188/5644/1071 2553/5646/1071 837/4349/1071 1911/4348/1071
f 2554/5645/1071 6188/5644/1071 1911/4348/1071 1224/4345/1071
f 952/4215/1071 1921/4367/1071 6189/5647/1071 2555/5648/1071
f 1921/4367/1071 1507/4364/1071 2554/5645/1071 6189/5647/1071
f 6189/5647/1071 2554/5645/1071 1224/4345/1071 1909/4344/1071
f 2555/5648/1071 6189/5647/1071 1909/4344/1071 825/4202/1071
f 1508/4217/1071 1847/4216/1071 6190/5649/1071 2556/5650/1071
f 1847/4216/1071 952/4215/1071 2555/5648/1071 6190/5649/1071
f 6190/5649/1071 2555/5648/1071 825/4202/1071 1840/4201/1071
f 2556/5650/1071 6190/5649/1071 1840/4201/1071 1207/4198/1071
f 953/4223/1071 1850/4222/1071 6191/5651/1071 2557/5652/1071
f 1850/4222/1071 1508/4217/1071 2556/5650/1071 6191/5651/1071
f 6191/5651/1071 2556/5650/1071 1207/4198/1071 1838/4197/1071
f 2557/5652/1071 6191/5651/1071 1838/4197/1071 818/4196/1071
f 1509/4529/1071 2001/4528/1071 6192/5653/1071 2558/5654/1071
f 2001/4528/1071 953/4223/1071 2557/5652/1071 6192/5653/1071
f 6192/5653/1071 2557/5652/1071 818/4196/1071 2017/4559/1071
f 2558/5654/1071 6192/5653/1071 2017/4559/1071 1245/4557/1071
f 954/4535/1071 2004/4534/1071 6193/5655/1071 2559/5656/1071
f 2004/4534/1071 1509/4529/1071 2558/5654/1071 6193/5655/1071
f 6193/5655/1071 2558/5654/1071 1245/4557/1071 2015/4556/1071
f 2559/5656/1071 6193/5655/1071 2015/4556/1071 854/4555/1071
f 1510/4659/1071 2066/4658/1071 6194/5657/1071 2560/5658/1071
f 2066/4658/1071 954/4535/1071 2559/5656/1071 6194/5657/1071
f 6194/5657/1071 2559/5656/1071 854/4555/1071 2082/4689/1071
f 2560/5658/1071 6194/5657/1071 2082/4689/1071 1258/4687/1071
f 955/4665/1071 2069/4664/1071 6195/5659/1071 2561/5660/1071
f 2069/4664/1071 1510/4659/1071 2560/5658/1071 6195/5659/1071
f 6195/5659/1071 2560/5658/1071 1258/4687/1071 2080/4686/1071
f 2561/5660/1071 6195/5659/1071 2080/4686/1071 866/4685/1071
f 1511/3472/2467 4838/3475/2470 6196/5661/4090 2563/5662/4091
f 4838/3475/2470 956/3477/1071 2562/5663/1071 6196/5661/4090
f 6196/5661/4090 2562/5663/1071 915/3561/1071 4876/3559/2546
f 2563/5662/4091 6196/5661/4090 4876/3559/2546 1149/3554/2541
f 957/3478/2472 4841/3481/2475 6197/5664/4092 2564/5665/4093
f 4841/3481/2475 1511/3472/2467 2563/5662/4091 6197/5664/4092
f 6197/5664/4092 2563/5662/4091 1149/3554/2541 4872/3551/2538
f 2564/5665/4093 6197/5664/4092 4872/3551/2538 765/3550/2537
f 1049/3627/2605 4910/3630/2608 6198/5666/4094 2566/5667/4095
f 4910/3630/2608 1084/3635/2613 2565/5668/4096 6198/5666/4094
f 6198/5666/4094 2565/5668/4096 1604/3625/2603 4904/3622/2600
f 2566/5667/4095 6198/5666/4094 4904/3622/2600 1581/3621/2599
f 1164/5669/2721 2567/5670/4097 6199/5671/4098 4976/5672/2722
f 2567/5670/4097 1512/3698/2656 4939/3697/2655 6199/5671/4098
f 6199/5671/4098 4939/3697/2655 958/3696/2654 2568/5673/4099
f 4976/5672/2722 6199/5671/4098 2568/5673/4099 768/5674/2723
f 1029/3587/2568 4887/3586/2567 6200/5675/4100 2571/5676/4101
f 4887/3586/2567 1152/3579/2561 2569/5677/4102 6200/5675/4100
f 6200/5675/4100 2569/5677/4102 1513/3496/2487 2570/5678/4103
f 2571/5676/4101 6200/5675/4100 2570/5678/4103 1562/5679/4104
f 1384/3488/2425 4846/3491/2483 6201/5680/4105 2532/5681/4075
f 4846/3491/2483 1513/3496/2487 2569/5677/4102 6201/5680/4105
f 6201/5680/4105 2569/5677/4102 1152/3579/2561 4884/3576/2559
f 2532/5681/4075 6201/5680/4105 4884/3576/2559 762/3575/2521
f 960/5682/4106 2572/5683/4107 6202/5684/4108 2575/5685/4109
f 2572/5683/4107 806/5686/4110 2573/5687/4111 6202/5684/4108
f 6202/5684/4108 2573/5687/4111 794/5688/4112 2574/5689/4113
f 2575/5685/4109 6202/5684/4108 2574/5689/4113 959/5690/4114
f 960/5682/4106 2575/5685/4109 6203/5691/4115 2577/5692/4116
f 2575/5685/4109 959/5690/4114 2576/5693/4117 6203/5691/4115
f 6203/5691/4115 2576/5693/4117 1179/3935/2872 1722/3938/2875
f 2577/5692/4116 6203/5691/4115 1722/3938/2875 1180/3943/2880
f 1514/5694/4118 2578/5695/4119 6204/5696/4120 2580/5697/4121
f 2578/5695/4119 962/5698/4122 2579/5699/4123 6204/5696/4120
f 6204/5696/4120 2579/5699/4123 1317/5116/3615 2427/5398/3891
f 2580/5697/4121 6204/5696/4120 2427/5398/3891 1470/5393/3886
f 959/5690/4114 2581/5700/4124 6205/5701/4125 2576/5693/4117
f 2581/5700/4124 1514/5694/4118 2580/5697/4121 6205/5701/4125
f 6205/5701/4125 2580/5697/4121 1470/5393/3886 2424/5392/3885
f 2576/5693/4117 6205/5701/4125 2424/5392/3885 1179/3935/2872
f 1514/5694/4118 2581/5700/4124 6206/5702/4126 2583/5703/4127
f 2581/5700/4124 959/5690/4114 2574/5689/4113 6206/5702/4126
f 6206/5702/4126 2574/5689/4113 794/5688/4112 2582/5704/4128
f 2583/5703/4127 6206/5702/4126 2582/5704/4128 961/5705/4129
f 962/5698/4122 2578/5695/4119 6207/5706/4130 2585/5707/4131
f 2578/5695/4119 1514/5694/4118 2583/5703/4127 6207/5706/4130
f 6207/5706/4130 2583/5703/4127 961/5705/4129 2584/5708/4132
f 2585/5707/4131 6207/5706/4130 2584/5708/4132 891/5709/4133
f 1515/5710/4134 2586/5711/4135 6208/5712/4136 2588/5713/4137
f 2586/5711/4135 964/5714/4138 2587/5715/4139 6208/5712/4136
f 6208/5712/4136 2587/5715/4139 1318/5124/3623 2287/5123/3622
f 2588/5713/4137 6208/5712/4136 2287/5123/3622 1452/5118/3617
f 962/5698/4122 2589/5716/4140 6209/5717/4141 2579/5699/4123
f 2589/5716/4140 1515/5710/4134 2588/5713/4137 6209/5717/4141
f 6209/5717/4141 2588/5713/4137 1452/5118/3617 2284/5117/3616
f 2579/5699/4123 6209/5717/4141 2284/5117/3616 1317/5116/3615
f 1515/5710/4134 2589/5716/4140 6210/5718/4142 2591/5719/4143
f 2589/5716/4140 962/5698/4122 2585/5707/4131 6210/5718/4142
f 6210/5718/4142 2585/5707/4131 891/5709/4133 2590/5720/4144
f 2591/5719/4143 6210/5718/4142 2590/5720/4144 963/5721/4145
f 964/5714/4138 2586/5711/4135 6211/5722/4146 2593/5723/4147
f 2586/5711/4135 1515/5710/4134 2591/5719/4143 6211/5722/4146
f 6211/5722/4146 2591/5719/4143 963/5721/4145 2592/5724/4148
f 2593/5723/4147 6211/5722/4146 2592/5724/4148 779/5725/4149
f 779/5725/4149 2594/5726/4150 6212/5727/4151 2593/5723/4147
f 2594/5726/4150 965/5728/4152 2595/5729/4153 6212/5727/4151
f 6212/5727/4151 2595/5729/4153 1516/5730/4154 2596/5731/4155
f 2593/5723/4147 6212/5727/4151 2596/5731/4155 964/5714/4138
f 964/5714/4138 2596/5731/4155 6213/5732/4156 2587/5715/4139
f 2596/5731/4155 1516/5730/4154 2597/5733/4157 6213/5732/4156
f 6213/5732/4156 2597/5733/4157 1487/3709/2663 2480/5489/3981
f 2587/5715/4139 6213/5732/4156 2480/5489/3981 1318/5124/3623
f 1517/5734/4158 2598/5735/4159 6214/5736/4160 2600/5737/4161
f 2598/5735/4159 967/5738/4162 2599/5739/4163 6214/5736/4160
f 6214/5736/4160 2599/5739/4163 1157/3721/2675 4950/3720/2674
f 2600/5737/4161 6214/5736/4160 4950/3720/2674 1403/3713/2667
f 1516/5730/4154 2601/5740/4164 6215/5741/4165 2597/5733/4157
f 2601/5740/4164 1517/5734/4158 2600/5737/4161 6215/5741/4165
f 6215/5741/4165 2600/5737/4161 1403/3713/2667 4946/3710/2664
f 2597/5733/4157 6215/5741/4165 4946/3710/2664 1487/3709/2663
f 965/5728/4152 2602/5742/4166 6216/5743/4167 2595/5729/4153
f 2602/5742/4166 966/5744/4168 2603/5745/4169 6216/5743/4167
f 6216/5743/4167 2603/5745/4169 1517/5734/4158 2601/5740/4164
f 2595/5729/4153 6216/5743/4167 2601/5740/4164 1516/5730/4154
f 967/5738/4162 2598/5735/4159 6217/5746/4170 2605/5747/4171
f 2598/5735/4159 1517/5734/4158 2603/5745/4169 6217/5746/4170
f 6217/5746/4170 2603/5745/4169 966/5744/4168 2604/5748/4172
f 2605/5747/4171 6217/5746/4170 2604/5748/4172 778/5749/4173
f 990/5750/2700 4970/5751/2703 6218/5752/4174 2608/5753/4175
f 4970/5751/2703 774/5754/2708 2606/5755/4176 6218/5752/4174
f 6218/5752/4174 2606/5755/4176 968/5756/4177 2607/5757/4178
f 2608/5753/4175 6218/5752/4174 2607/5757/4178 1535/5758/4179
f 1534/3773/2719 2609/5759/4180 6219/5760/4181 4975/3774/2720
f 2609/5759/4180 1535/5758/4179 2607/5757/4178 6219/5760/4181
f 6219/5760/4181 2607/5757/4178 968/5756/4177 2610/5761/4182
f 4975/3774/2720 6219/5760/4181 2610/5761/4182 1164/3775/2721
f 968/5762/4177 2611/5763/4183 6220/5764/4184 2610/5765/4182
f 2611/5763/4183 1518/3704/2660 4942/3703/2659 6220/5764/4184
f 6220/5764/4184 4942/3703/2659 1512/3698/2656 2567/5670/4097
f 2610/5765/4182 6220/5764/4184 2567/5670/4097 1164/5669/2721
f 969/5766/4185 2612/5767/4186 6221/5768/4187 2613/5769/4188
f 2612/5767/4186 1518/3704/2660 2611/5763/4183 6221/5768/4187
f 6221/5768/4187 2611/5763/4183 968/5762/4177 2606/5770/4176
f 2613/5769/4188 6221/5768/4187 2606/5770/4176 774/5771/2708
f 970/5772/2598 2614/5773/2598 6222/5774/4189 2615/5775/4190
f 2614/5773/2598 1519/3699/2598 4943/3702/2658 6222/5774/4189
f 6222/5774/4189 4943/3702/2658 1518/3704/2660 2612/5767/4186
f 2615/5775/4190 6222/5774/4189 2612/5767/4186 969/5766/4185
f 971/3708/2662 4944/3707/2650 6223/5776/2650 2617/5777/2579
f 4944/3707/2650 1519/3699/2598 2614/5773/2598 6223/5776/2650
f 6223/5776/2650 2614/5773/2598 970/5772/2598 2616/5778/2650
f 2617/5777/2579 6223/5776/2650 2616/5778/2650 773/5779/2648
f 912/5780/907 2618/5781/907 6224/5782/2588 2621/5783/4191
f 2618/5781/907 972/5784/907 2619/5785/2588 6224/5782/2588
f 6224/5782/2588 2619/5785/2588 1520/5786/2583 2620/5787/2583
f 2621/5783/4191 6224/5782/2588 2620/5787/2583 973/5788/2583
f 1520/5786/2583 2619/5785/2588 6225/5789/2588 2623/5790/2583
f 2619/5785/2588 972/5784/907 2622/5791/907 6225/5789/2588
f 6225/5789/2588 2622/5791/907 1154/3684/907 4932/3683/2588
f 2623/5790/2583 6225/5789/2588 4932/3683/2588 1401/3678/2583
f 1153/3676/2648 4945/3706/2648 6226/5792/2649 4929/3677/2649
f 4945/3706/2648 971/3708/2662 2624/5793/2580 6226/5792/2649
f 6226/5792/2649 2624/5793/2580 1520/5786/2583 2623/5790/2583
f 4929/3677/2649 6226/5792/2649 2623/5790/2583 1401/3678/2583
f 973/5788/2583 2620/5787/2583 6227/5794/2580 2625/5795/2580
f 2620/5787/2583 1520/5786/2583 2624/5793/2580 6227/5794/2580
f 6227/5794/2580 2624/5793/2580 971/3708/2662 2617/5777/2579
f 2625/5795/2580 6227/5794/2580 2617/5777/2579 773/5779/2648
f 1108/5796/907 2626/5797/907 6228/5798/907 2629/5799/907
f 2626/5797/907 1621/5800/907 2627/5801/907 6228/5798/907
f 6228/5798/907 2627/5801/907 1630/5802/907 2628/5803/907
f 2629/5799/907 6228/5798/907 2628/5803/907 1124/5804/907
f 1621/5800/907 2630/5805/907 6229/5806/907 2627/5801/907
f 2630/5805/907 1109/5807/907 2631/5808/907 6229/5806/907
f 6229/5806/907 2631/5808/907 1122/5809/907 2632/5810/907
f 2627/5801/907 6229/5806/907 2632/5810/907 1630/5802/907
f 1109/5807/907 2633/5811/907 6230/5812/907 2631/5808/907
f 2633/5811/907 1622/5813/907 2634/5814/907 6230/5812/907
f 6230/5812/907 2634/5814/907 1629/5815/907 2635/5816/907
f 2631/5808/907 6230/5812/907 2635/5816/907 1122/5809/907
f 1622/5813/907 2636/5817/907 6231/5818/907 2634/5814/907
f 2636/5817/907 1110/5819/907 2637/5820/907 6231/5818/907
f 6231/5818/907 2637/5820/907 1120/5821/907 2638/5822/907
f 2634/5814/907 6231/5818/907 2638/5822/907 1629/5815/907
f 1110/5819/907 2639/5823/907 6232/5824/907 2637/5820/907
f 2639/5823/907 1623/5825/907 2640/5826/907 6232/5824/907
f 6232/5824/907 2640/5826/907 1628/5827/907 2641/5828/907
f 2637/5820/907 6232/5824/907 2641/5828/907 1120/5821/907
f 1623/5825/907 2642/5829/907 6233/5830/907 2640/5826/907
f 2642/5829/907 1111/5831/907 2643/5832/907 6233/5830/907
f 6233/5830/907 2643/5832/907 1117/5833/907 2644/5834/907
f 2640/5826/907 6233/5830/907 2644/5834/907 1628/5827/907
f 1624/5835/907 2645/5836/907 6234/5837/907 2648/5838/907
f 2645/5836/907 1112/5839/907 2646/5840/907 6234/5837/907
f 6234/5837/907 2646/5840/907 1115/5841/907 2647/5842/907
f 2648/5838/907 6234/5837/907 2647/5842/907 1627/5843/907
f 1111/5831/907 2649/5844/907 6235/5845/907 2643/5832/907
f 2649/5844/907 1624/5835/907 2648/5838/907 6235/5845/907
f 6235/5845/907 2648/5838/907 1627/5843/907 2650/5846/907
f 2643/5832/907 6235/5845/907 2650/5846/907 1117/5833/907
f 1521/4078/2983 1780/4077/2982 6236/5847/2982 2653/5848/2983
f 1780/4077/2982 974/4076/907 2651/5849/907 6236/5847/2982
f 6236/5847/2982 2651/5849/907 899/5850/907 2652/5851/2982
f 2653/5848/2983 6236/5847/2982 2652/5851/2982 975/5852/2983
f 976/4079/2452 1784/4082/2984 6237/5853/2984 2655/5854/2452
f 1784/4082/2984 1521/4078/2983 2653/5848/2983 6237/5853/2984
f 6237/5853/2984 2653/5848/2983 975/5852/2983 2654/5855/2985
f 2655/5854/2452 6237/5853/2984 2654/5855/2985 772/5856/2452
f 772/5856/2452 2656/5857/2635 6238/5858/2455 2655/5854/2452
f 2656/5857/2635 977/5859/2457 2657/5860/2457 6238/5858/2455
f 6238/5858/2455 2657/5860/2457 1522/5861/2457 2658/5862/2635
f 2655/5854/2452 6238/5858/2455 2658/5862/2635 976/4079/2452
f 1522/5861/2457 2657/5860/2457 6239/5863/4192 2661/5864/2695
f 2657/5860/2457 977/5859/2457 2659/5865/4193 6239/5863/4192
f 6239/5863/4192 2659/5865/4193 978/5866/4194 2660/5867/4195
f 2661/5864/2695 6239/5863/4192 2660/5867/4195 1523/5868/4196
f 1405/3743/2457 2662/5869/2457 6240/5870/2695 4961/3744/2695
f 2662/5869/2457 1522/5861/2457 2661/5864/2695 6240/5870/2695
f 6240/5870/2695 2661/5864/2695 1523/5868/4196 2663/5871/4197
f 4961/3744/2695 6240/5870/2695 2663/5871/4197 1505/3745/2696
f 976/4079/2452 2658/5862/2635 6241/5872/2635 1782/4080/2452
f 2658/5862/2635 1522/5861/2457 2662/5869/2457 6241/5872/2635
f 6241/5872/2635 2662/5869/2457 1405/3743/2457 4964/3749/2635
f 1782/4080/2452 6241/5872/2635 4964/3749/2635 1162/3748/2452
f 1523/5868/4196 2664/5873/4198 6242/5874/4199 2663/5871/4197
f 2664/5873/4198 979/5875/4200 2665/5876/4201 6242/5874/4199
f 6242/5874/4199 2665/5876/4201 1166/5633/2740 2546/5632/4083
f 2663/5871/4197 6242/5874/4199 2546/5632/4083 1505/3745/2696
f 979/5875/4200 2664/5873/4198 6243/5877/4202 2667/5878/4203
f 2664/5873/4198 1523/5868/4196 2660/5867/4195 6243/5877/4202
f 6243/5877/4202 2660/5867/4195 978/5866/4194 2666/5879/4204
f 2667/5878/4203 6243/5877/4202 2666/5879/4204 777/5880/2751
f 979/5881/4200 2668/5882/4205 6244/5883/4206 2665/5884/4201
f 2668/5882/4205 1524/5885/4207 2669/5886/4208 6244/5883/4206
f 6244/5883/4206 2669/5886/4208 1406/3799/2742 4985/3798/2741
f 2665/5884/4201 6244/5883/4206 4985/3798/2741 1166/3797/2740
f 1524/5885/4207 2668/5882/4205 6245/5887/4209 2670/5888/4210
f 2668/5882/4205 979/5881/4200 2667/5889/4203 6245/5887/4209
f 6245/5887/4209 2667/5889/4203 777/5890/2751 4994/5891/2754
f 2670/5888/4210 6245/5887/4209 4994/5891/2754 1169/5892/2759
f 1524/5885/4207 2671/5893/4211 6246/5894/4212 2669/5886/4208
f 2671/5893/4211 1525/5548/4037 2509/5547/4036 6246/5894/4212
f 6246/5894/4212 2509/5547/4036 1493/3807/2750 4989/3806/2749
f 2669/5886/4208 6246/5894/4212 4989/3806/2749 1406/3799/2742
f 1377/5895/2772 2672/5896/4213 6247/5897/4214 5001/5898/2773
f 2672/5896/4213 1525/5548/4037 2671/5893/4211 6247/5897/4214
f 6247/5897/4214 2671/5893/4211 1524/5885/4207 2670/5888/4210
f 5001/5898/2773 6247/5897/4214 2670/5888/4210 1169/5892/2759
f 980/5542/4031 2510/5545/4034 6248/5899/4215 2673/5900/4216
f 2510/5545/4034 1525/5548/4037 2672/5896/4213 6248/5899/4215
f 6248/5899/4215 2672/5896/4213 1377/5895/2772 2506/5901/4028
f 2673/5900/4216 6248/5899/4215 2506/5901/4028 782/5541/4030
f 1479/3738/2692 4958/3737/2691 6249/5902/4217 2676/5903/4218
f 4958/3737/2691 1404/3730/2684 2674/5904/4219 6249/5902/4217
f 6249/5902/4217 2674/5904/4219 1526/5905/4220 2675/5906/4221
f 2676/5903/4218 6249/5902/4217 2675/5906/4221 1527/5907/4222
f 980/5542/4031 2677/5908/4223 6250/5909/4224 2507/5543/4032
f 2677/5908/4223 1526/5905/4220 2674/5904/4219 6250/5909/4224
f 6250/5909/4224 2674/5904/4219 1404/3730/2684 4954/3729/2683
f 2507/5543/4032 6250/5909/4224 4954/3729/2683 1159/3728/2682
f 1526/5905/4220 2677/5908/4223 6251/5910/4225 2678/5911/4226
f 2677/5908/4223 980/5542/4031 2673/5900/4216 6251/5910/4225
f 6251/5910/4225 2673/5900/4216 782/5541/4030 2505/5540/4029
f 2678/5911/4226 6251/5910/4225 2505/5540/4029 1376/5536/4025
f 1526/5905/4220 2678/5911/4226 6252/5912/4227 2675/5906/4221
f 2678/5911/4226 1376/5536/4025 2503/5534/4023 6252/5912/4227
f 6252/5912/4227 2503/5534/4023 1375/5530/4019 2679/5913/4228
f 2675/5906/4221 6252/5912/4227 2679/5913/4228 1527/5907/4222
f 1527/5907/4222 2680/5914/4229 6253/5915/4230 2676/5903/4218
f 2680/5914/4229 981/5916/4231 2681/5917/4232 6253/5915/4230
f 6253/5915/4230 2681/5917/4232 1291/4911/3419 2452/5443/3935
f 2676/5903/4218 6253/5915/4230 2452/5443/3935 1479/3738/2692
f 981/5916/4231 2680/5914/4229 6254/5918/4233 2682/5919/4234
f 2680/5914/4229 1527/5907/4222 2679/5913/4228 6254/5918/4233
f 6254/5918/4233 2679/5913/4228 1375/5530/4019 2502/5533/4022
f 2682/5919/4234 6254/5918/4233 2502/5533/4022 784/5527/4016
f 879/5920/900 2683/5921/900 6255/5922/4235 2496/5923/4011
f 2683/5921/900 982/5924/900 2684/5925/4236 6255/5922/4235
f 6255/5922/4235 2684/5925/4236 1528/5926/4237 2685/5927/4238
f 2496/5923/4011 6255/5922/4235 2685/5927/4238 1373/5928/4012
f 1528/5926/4237 2684/5925/4236 6256/5929/4239 2687/5930/4240
f 2684/5925/4236 982/5924/900 2686/5931/900 6256/5929/4239
f 6256/5929/4239 2686/5931/900 1289/4906/900 2182/4903/3414
f 2687/5930/4240 6256/5929/4239 2182/4903/3414 1444/4902/3413
f 981/5916/4231 2688/5932/4241 6257/5933/4242 2681/5917/4232
f 2688/5932/4241 1528/5926/4237 2687/5930/4240 6257/5933/4242
f 6257/5933/4242 2687/5930/4240 1444/4902/3413 2186/4912/3420
f 2681/5917/4232 6257/5933/4242 2186/4912/3420 1291/4911/3419
f 1373/5928/4012 2685/5927/4238 6258/5934/4243 2498/5935/4015
f 2685/5927/4238 1528/5926/4237 2688/5932/4241 6258/5934/4243
f 6258/5934/4243 2688/5932/4241 981/5916/4231 2682/5919/4234
f 2498/5935/4015 6258/5934/4243 2682/5919/4234 784/5527/4016
f 797/5936/3999 2689/5937/4244 6259/5938/4245 2492/5939/4005
f 2689/5937/4244 983/3980/2917 2690/5940/4246 6259/5938/4245
f 6259/5938/4245 2690/5940/4246 1529/5941/4247 2691/5942/4248
f 2492/5939/4005 6259/5938/4245 2691/5942/4248 1371/5943/4006
f 1529/5941/4247 2690/5940/4246 6260/5944/4249 2692/5945/4250
f 2690/5940/4246 983/3980/2917 1738/3979/2916 6260/5944/4249
f 6260/5944/4249 1738/3979/2916 1183/3976/2913 2357/5265/3758
f 2692/5945/4250 6260/5944/4249 2357/5265/3758 1462/5264/3757
f 982/5924/900 2693/5946/4251 6261/5947/4252 2686/5931/900
f 2693/5946/4251 1529/5941/4247 2692/5945/4250 6261/5947/4252
f 6261/5947/4252 2692/5945/4250 1462/5264/3757 2360/5270/3763
f 2686/5931/900 6261/5947/4252 2360/5270/3763 1289/4906/900
f 1371/5943/4006 2691/5942/4248 6262/5948/4253 2494/5949/4008
f 2691/5942/4248 1529/5941/4247 2693/5946/4251 6262/5948/4253
f 6262/5948/4253 2693/5946/4251 982/5924/900 2683/5921/900
f 2494/5949/4008 6262/5948/4253 2683/5921/900 879/5920/900
f 983/3980/2917 2689/5937/4244 6263/5950/4254 1739/3981/2918
f 2689/5937/4244 797/5936/3999 2488/5951/3998 6263/5950/4254
f 6263/5950/4254 2488/5951/3998 809/5952/3997 2694/5953/4255
f 1739/3981/2918 6263/5950/4254 2694/5953/4255 984/3982/2919
f 986/3944/2881 2695/5954/4256 6264/5955/4257 1723/3945/2882
f 2695/5954/4256 807/5956/2878 1720/5957/2877 6264/5955/4257
f 6264/5955/4257 1720/5957/2877 795/5958/2876 2696/5959/4258
f 1723/3945/2882 6264/5955/4257 2696/5959/4258 985/3948/2885
f 1530/5386/3879 2420/5385/3878 6265/5960/4259 2697/5961/4260
f 2420/5385/3878 985/3948/2885 2696/5959/4258 6265/5960/4259
f 6265/5960/4259 2696/5959/4258 795/5958/2876 2426/5962/3884
f 2697/5961/4260 6265/5960/4259 2426/5962/3884 1343/5963/3888
f 987/5103/3602 2422/5389/3882 6266/5964/4261 2698/5965/4262
f 2422/5389/3882 1530/5386/3879 2697/5961/4260 6266/5964/4261
f 6266/5964/4261 2697/5961/4260 1343/5963/3888 2428/5966/3890
f 2698/5965/4262 6266/5964/4261 2428/5966/3890 890/5967/3611
f 1531/5105/3604 2278/5104/3603 6267/5968/4263 2699/5969/4264
f 2278/5104/3603 987/5103/3602 2698/5965/4262 6267/5968/4263
f 6267/5968/4263 2698/5965/4262 890/5967/3611 2286/5970/3614
f 2699/5969/4264 6267/5968/4263 2286/5970/3614 1319/5971/3619
f 988/5109/3608 2280/5108/3607 6268/5972/4265 2700/5973/4266
f 2280/5108/3607 1531/5105/3604 2699/5969/4264 6268/5972/4265
f 6268/5972/4265 2699/5969/4264 1319/5971/3619 2289/5974/3621
f 2700/5973/4266 6268/5972/4265 2289/5974/3621 781/5126/3625
f 1367/3717/2671 2701/5975/4267 6269/5976/4268 2481/5491/3983
f 2701/5975/4267 1532/3787/2730 2478/5488/3980 6269/5976/4268
f 6269/5976/4268 2478/5488/3980 988/5109/3608 2700/5973/4266
f 2481/5491/3983 6269/5976/4268 2700/5973/4266 781/5126/3625
f 1367/3717/2671 4948/3716/2670 6270/5977/4269 2701/5975/4267
f 4948/3716/2670 1158/3715/2669 2702/5978/4270 6270/5977/4269
f 6270/5977/4269 2702/5978/4270 1533/3786/2729 4981/3788/2731
f 2701/5975/4267 6270/5977/4269 4981/3788/2731 1532/3787/2730
f 989/3778/2715 4980/3781/2725 6271/5979/4271 2703/5980/4272
f 4980/3781/2725 1533/3786/2729 2702/5978/4270 6271/5979/4271
f 6271/5979/4271 2702/5978/4270 1158/3715/2669 4952/3719/2673
f 2703/5980/4272 6271/5979/4271 4952/3719/2673 780/3723/2677
f 1157/3721/2675 2704/5981/4273 6272/5982/4274 4951/3722/2676
f 2704/5981/4273 1534/3773/2719 4974/3770/2716 6272/5982/4274
f 6272/5982/4274 4974/3770/2716 989/3769/2715 2703/5983/4272
f 4951/3722/2676 6272/5982/4274 2703/5983/4272 780/3723/2677
f 1157/3721/2675 2599/5739/4163 6273/5984/4275 2704/5981/4273
f 2599/5739/4163 967/5738/4162 2705/5985/4276 6273/5984/4275
f 6273/5984/4275 2705/5985/4276 1535/5758/4179 2609/5759/4180
f 2704/5981/4273 6273/5984/4275 2609/5759/4180 1534/3773/2719
f 990/5750/2700 2608/5753/4175 6274/5986/4277 2706/5987/4278
f 2608/5753/4175 1535/5758/4179 2705/5985/4276 6274/5986/4277
f 6274/5986/4277 2705/5985/4276 967/5738/4162 2605/5747/4171
f 2706/5987/4278 6274/5986/4277 2605/5747/4171 778/5749/4173
f 1536/3758/2704 2707/5988/4279 6275/5989/4280 4972/3767/2713
f 2707/5988/4279 966/5744/4168 2602/5742/4166 6275/5989/4280
f 6275/5989/4280 2602/5742/4166 965/5728/4152 2708/5990/4281
f 4972/3767/2713 6275/5989/4280 2708/5990/4281 1537/3768/2714
f 966/5744/4168 2707/5988/4279 6276/5991/4282 2604/5748/4172
f 2707/5988/4279 1536/3758/2704 4967/3755/2701 6276/5991/4282
f 6276/5991/4282 4967/3755/2701 990/3754/2700 2706/5992/4278
f 2604/5748/4172 6276/5991/4282 2706/5992/4278 778/5749/4173
f 991/5127/3626 2483/5493/3985 6277/5993/4283 2709/5994/4284
f 2483/5493/3985 1537/3768/2714 2708/5990/4281 6277/5993/4283
f 6277/5993/4283 2708/5990/4281 965/5728/4152 2594/5726/4150
f 2709/5994/4284 6277/5993/4283 2594/5726/4150 779/5725/4149
f 891/5995/4133 2710/5996/4285 6278/5997/4286 2590/5998/4144
f 2710/5996/4285 992/5138/3637 2294/5136/3635 6278/5997/4286
f 6278/5997/4286 2294/5136/3635 1538/5131/3630 2711/5999/4287
f 2590/5998/4144 6278/5997/4286 2711/5999/4287 963/6000/4145
f 963/6000/4145 2711/5999/4287 6279/6001/4288 2592/6002/4148
f 2711/5999/4287 1538/5131/3630 2290/5128/3627 6279/6001/4288
f 6279/6001/4288 2290/5128/3627 991/5127/3626 2709/5994/4284
f 2592/6002/4148 6279/6001/4288 2709/5994/4284 779/5725/4149
f 794/6003/4112 2712/6004/4289 6280/6005/4290 2582/6006/4128
f 2712/6004/4289 993/3930/2867 2432/5405/3898 6280/6005/4290
f 6280/6005/4290 2432/5405/3898 1539/5402/3895 2713/6007/4291
f 2582/6006/4128 6280/6005/4290 2713/6007/4291 961/6008/4129
f 961/6008/4129 2713/6007/4291 6281/6009/4292 2584/6010/4132
f 2713/6007/4291 1539/5402/3895 2429/5401/3894 6281/6009/4292
f 6281/6009/4292 2429/5401/3894 992/5138/3637 2710/5996/4285
f 2584/6010/4132 6281/6009/4292 2710/5996/4285 891/5995/4133
f 993/3930/2867 2712/6004/4289 6282/6011/4293 1716/3931/2868
f 2712/6004/4289 794/6003/4112 2573/6012/4111 6282/6011/4293
f 6282/6011/4293 2573/6012/4111 806/6013/4110 2714/6014/4294
f 1716/3931/2868 6282/6011/4293 2714/6014/4294 994/3932/2869
f 996/6015/4295 2715/6016/4296 6283/6017/4297 2717/6018/4298
f 2715/6016/4296 834/4328/3120 1901/4327/3119 6283/6017/4297
f 6283/6017/4297 1901/4327/3119 835/4326/3118 2716/6019/4299
f 2717/6018/4298 6283/6017/4297 2716/6019/4299 995/6020/4300
f 996/6015/4295 2717/6018/4298 6284/6021/4301 2720/6022/4302
f 2717/6018/4298 995/6020/4300 2718/6023/4303 6284/6021/4301
f 6284/6021/4301 2718/6023/4303 932/6024/4304 2719/6025/4305
f 2720/6022/4302 6284/6021/4301 2719/6025/4305 933/6026/4306
f 931/6027/4307 2721/6028/4308 6285/6029/4309 2724/6030/4310
f 2721/6028/4308 997/6031/4311 2722/6032/4312 6285/6029/4309
f 6285/6029/4309 2722/6032/4312 1540/6033/4313 2723/6034/4314
f 2724/6030/4310 6285/6029/4309 2723/6034/4314 998/6035/4315
f 997/6031/4311 2725/6036/4316 6286/6037/4317 2722/6032/4312
f 2725/6036/4316 932/6024/4304 2718/6023/4303 6286/6037/4317
f 6286/6037/4317 2718/6023/4303 995/6020/4300 2726/6038/4318
f 2722/6032/4312 6286/6037/4317 2726/6038/4318 1540/6033/4313
f 1540/6033/4313 2726/6038/4318 6287/6039/4319 2727/6040/4320
f 2726/6038/4318 995/6020/4300 2716/6019/4299 6287/6039/4319
f 6287/6039/4319 2716/6019/4299 835/4326/3118 2382/5307/3800
f 2727/6040/4320 6287/6039/4319 2382/5307/3800 1336/5311/3804
f 998/6035/4315 2723/6034/4314 6288/6041/4321 2728/6042/4322
f 2723/6034/4314 1540/6033/4313 2727/6040/4320 6288/6041/4321
f 6288/6041/4321 2727/6040/4320 1336/5311/3804 2387/5320/3813
f 2728/6042/4322 6288/6041/4321 2387/5320/3813 883/4972/3475
f 930/6043/4323 2729/6044/4324 6289/6045/4325 2732/6046/4326
f 2729/6044/4324 999/6047/4327 2730/6048/4328 6289/6045/4325
f 6289/6045/4325 2730/6048/4328 1541/6049/4329 2731/6050/4330
f 2732/6046/4326 6289/6045/4325 2731/6050/4330 1000/6051/4331
f 999/6047/4327 2733/6052/4332 6290/6053/4333 2730/6048/4328
f 2733/6052/4332 931/6027/4307 2724/6030/4310 6290/6053/4333
f 6290/6053/4333 2724/6030/4310 998/6035/4315 2734/6054/4334
f 2730/6048/4328 6290/6053/4333 2734/6054/4334 1541/6049/4329
f 1541/6049/4329 2734/6054/4334 6291/6055/4335 2735/6056/4336
f 2734/6054/4334 998/6035/4315 2728/6042/4322 6291/6055/4335
f 6291/6055/4335 2728/6042/4322 883/4972/3475 2218/4975/3478
f 2735/6056/4336 6291/6055/4335 2218/4975/3478 1302/4980/3483
f 1000/6051/4331 2731/6050/4330 6292/6057/4337 2736/6058/4338
f 2731/6050/4330 1541/6049/4329 2735/6056/4336 6292/6057/4337
f 6292/6057/4337 2735/6056/4336 1302/4980/3483 2226/4994/3497
f 2736/6058/4338 6292/6057/4337 2226/4994/3497 836/4996/3499
f 836/4996/3499 2466/5465/3957 6293/6059/4339 2736/6058/4338
f 2466/5465/3957 1360/4338/3127 2737/6060/4340 6293/6059/4339
f 6293/6059/4339 2737/6060/4340 1542/6061/4341 2738/6062/4342
f 2736/6058/4338 6293/6059/4339 2738/6062/4342 1000/6051/4331
f 1000/6051/4331 2738/6062/4342 6294/6063/4343 2732/6046/4326
f 2738/6062/4342 1542/6061/4341 2739/6064/4344 6294/6063/4343
f 6294/6063/4343 2739/6064/4344 1001/6065/3024 2740/6066/4345
f 2732/6046/4326 6294/6063/4343 2740/6066/4345 930/6043/4323
f 929/6067/1071 2741/6068/1071 6295/6069/1071 2744/6070/1071
f 2741/6068/1071 1002/6071/1071 2742/6072/1071 6295/6069/1071
f 6295/6069/1071 2742/6072/1071 1543/6073/1071 2743/6074/1071
f 2744/6070/1071 6295/6069/1071 2743/6074/1071 1003/6075/1071
f 1542/6061/4341 2745/6076/4346 6296/6077/4347 2739/6064/4344
f 2745/6076/4346 1543/6073/1071 2742/6072/1071 6296/6077/4347
f 6296/6077/4347 2742/6072/1071 1002/6071/1071 2746/6078/2553
f 2739/6064/4344 6296/6077/4347 2746/6078/2553 1001/6065/3024
f 1360/4338/3127 1905/4337/3126 6297/6079/4348 2737/6060/4340
f 1905/4337/3126 1225/4336/1071 2747/6080/1071 6297/6079/4348
f 6297/6079/4348 2747/6080/1071 1543/6073/1071 2745/6076/4346
f 2737/6060/4340 6297/6079/4348 2745/6076/4346 1542/6061/4341
f 1003/6075/1071 2743/6074/1071 6298/6081/1071 2748/6082/1071
f 2743/6074/1071 1543/6073/1071 2747/6080/1071 6298/6081/1071
f 6298/6081/1071 2747/6080/1071 1225/4336/1071 1912/4347/1071
f 2748/6082/1071 6298/6081/1071 1912/4347/1071 837/4349/1071
f 1544/6083/1071 2749/6084/1071 6299/6085/1071 2751/6086/1071
f 2749/6084/1071 1004/6087/1071 2750/6088/1071 6299/6085/1071
f 6299/6085/1071 2750/6088/1071 929/6067/1071 2744/6070/1071
f 2751/6086/1071 6299/6085/1071 2744/6070/1071 1003/6075/1071
f 951/4362/1071 2752/6089/1071 6300/6090/1071 2553/5646/1071
f 2752/6089/1071 1544/6083/1071 2751/6086/1071 6300/6090/1071
f 6300/6090/1071 2751/6086/1071 1003/6075/1071 2748/6082/1071
f 2553/5646/1071 6300/6090/1071 2748/6082/1071 837/4349/1071
f 928/6091/4349 2753/6092/4350 6301/6093/3077 2756/6094/4351
f 2753/6092/4350 1005/6095/2462 2754/6096/2462 6301/6093/3077
f 6301/6093/3077 2754/6096/2462 1545/6097/2462 2755/6098/4352
f 2756/6094/4351 6301/6093/3077 2755/6098/4352 1006/6099/3076
f 1544/6083/1071 2757/6100/2471 6302/6101/2471 2749/6084/1071
f 2757/6100/2471 1545/6097/2462 2754/6096/2462 6302/6101/2471
f 6302/6101/2471 2754/6096/2462 1005/6095/2462 2758/6102/2471
f 2749/6084/1071 6302/6101/2471 2758/6102/2471 1004/6087/1071
f 951/4362/1071 1917/4361/2471 6303/6103/2471 2752/6089/1071
f 1917/4361/2471 1226/4354/3078 2759/6104/3078 6303/6103/2471
f 6303/6103/2471 2759/6104/3078 1545/6097/2462 2757/6100/2471
f 2752/6089/1071 6303/6103/2471 2757/6100/2471 1544/6083/1071
f 1006/6099/3076 2755/6098/4352 6304/6105/4352 2760/6106/3076
f 2755/6098/4352 1545/6097/2462 2759/6104/3078 6304/6105/4352
f 6304/6105/4352 2759/6104/3078 1226/4354/3078 1913/4351/3077
f 2760/6106/3076 6304/6105/4352 1913/4351/3077 838/4350/3076
f 1041/4370/2591 1926/4373/2590 6305/6107/2590 2763/6108/2591
f 1926/4373/2590 1132/4378/907 2761/6109/907 6305/6107/2590
f 6305/6107/2590 2761/6109/907 1637/6110/907 2762/6111/2590
f 2763/6108/2591 6305/6107/2590 2762/6111/2590 1574/6112/2591
f 1637/6110/907 2764/6113/907 6306/6114/2590 2762/6111/2590
f 2764/6113/907 1133/6115/907 2765/6116/2590 6306/6114/2590
f 6306/6114/2590 2765/6116/2590 1042/6117/2591 2766/6118/2591
f 2762/6111/2590 6306/6114/2590 2766/6118/2591 1574/6112/2591
f 1625/6119/907 2767/6120/907 6307/6121/907 2770/6122/907
f 2767/6120/907 1113/6123/907 2768/6124/907 6307/6121/907
f 6307/6121/907 2768/6124/907 1114/6125/907 2769/6126/907
f 2770/6122/907 6307/6121/907 2769/6126/907 1626/6127/907
f 1112/5839/907 2771/6128/907 6308/6129/907 2646/5840/907
f 2771/6128/907 1625/6119/907 2770/6122/907 6308/6129/907
f 6308/6129/907 2770/6122/907 1626/6127/907 2772/6130/907
f 2646/5840/907 6308/6129/907 2772/6130/907 1115/5841/907
f 925/6131/4353 2773/6132/4354 6309/6133/3079 2776/6134/4355
f 2773/6132/4354 1007/6135/2494 2774/6136/2494 6309/6133/3079
f 6309/6133/3079 2774/6136/2494 1546/6137/2494 2775/6138/3080
f 2776/6134/4355 6309/6133/3079 2775/6138/3080 1008/6139/3081
f 1546/6137/2494 2774/6136/2494 6310/6140/3170 2779/6141/3170
f 2774/6136/2494 1007/6135/2494 2777/6142/3170 6310/6140/3170
f 6310/6140/3170 2777/6142/3170 1094/6143/907 2778/6144/907
f 2779/6141/3170 6310/6140/3170 2778/6144/907 1614/6145/907
f 1008/6139/3081 2775/6138/3080 6311/6146/3080 2781/6147/3081
f 2775/6138/3080 1546/6137/2494 2780/6148/2494 6311/6146/3080
f 6311/6146/3080 2780/6148/2494 1229/4388/2494 1934/4391/3080
f 2781/6147/3081 6311/6146/3080 1934/4391/3080 841/4393/3081
f 841/4393/3081 1942/4409/3083 6312/6149/4356 2781/6147/3081
f 1942/4409/3083 1230/4402/3084 2782/6150/3084 6312/6149/4356
f 6312/6149/4356 2782/6150/3084 1547/6151/2431 2783/6152/4356
f 2781/6147/3081 6312/6149/4356 2783/6152/4356 1008/6139/3081
f 1547/6151/2431 2782/6150/3084 6313/6153/2428 2785/6154/2428
f 2782/6150/3084 1230/4402/3084 1941/4405/2428 6313/6153/2428
f 6313/6153/2428 1941/4405/2428 1389/4407/879 2784/6155/879
f 2785/6154/2428 6313/6153/2428 2784/6155/879 1548/6156/879
f 1010/6157/879 2786/6158/2428 6314/6159/2428 2788/6160/879
f 2786/6158/2428 1009/6161/2431 2787/6162/2431 6314/6159/2428
f 6314/6159/2428 2787/6162/2431 1547/6151/2431 2785/6154/2428
f 2788/6160/879 6314/6159/2428 2785/6154/2428 1548/6156/879
f 1008/6139/3081 2783/6152/4356 6315/6163/3083 2776/6134/4355
f 2783/6152/4356 1547/6151/2431 2787/6162/2431 6315/6163/3083
f 6315/6163/3083 2787/6162/2431 1009/6161/2431 2789/6164/4357
f 2776/6134/4355 6315/6163/3083 2789/6164/4357 925/6131/4353
f 924/6165/879 2790/6166/879 6316/6167/879 2792/6168/879
f 2790/6166/879 1010/6157/879 2788/6160/879 6316/6167/879
f 6316/6167/879 2788/6160/879 1548/6156/879 2791/6169/879
f 2792/6168/879 6316/6167/879 2791/6169/879 1011/6170/879
f 1011/6170/879 2791/6169/879 6317/6171/879 2793/6172/879
f 2791/6169/879 1548/6156/879 2784/6155/879 6317/6171/879
f 6317/6171/879 2784/6155/879 1389/4407/879 2541/5621/879
f 2793/6172/879 6317/6171/879 2541/5621/879 842/4425/879
f 1013/6173/4358 2794/6174/2510 6318/6175/4359 2797/6176/4360
f 2794/6174/2510 1012/6177/879 2795/6178/879 6318/6175/4359
f 6318/6175/4359 2795/6178/879 1549/6179/879 2796/6180/4361
f 2797/6176/4360 6318/6175/4359 2796/6180/4361 1550/6181/4362
f 1012/6177/879 2798/6182/879 6319/6183/879 2795/6178/879
f 2798/6182/879 924/6165/879 2792/6168/879 6319/6183/879
f 6319/6183/879 2792/6168/879 1011/6170/879 2799/6184/879
f 2795/6178/879 6319/6183/879 2799/6184/879 1549/6179/879
f 1549/6179/879 2799/6184/879 6320/6185/879 2800/6186/879
f 2799/6184/879 1011/6170/879 2793/6172/879 6320/6185/879
f 6320/6185/879 2793/6172/879 842/4425/879 1949/4424/879
f 2800/6186/879 6320/6185/879 1949/4424/879 1231/4420/879
f 1549/6179/879 2800/6186/879 6321/6187/4363 2796/6180/4361
f 2800/6186/879 1231/4420/879 1946/4417/3135 6321/6187/4363
f 6321/6187/4363 1946/4417/3135 1351/4416/3134 2801/6188/4364
f 2796/6180/4361 6321/6187/4363 2801/6188/4364 1550/6181/4362
f 923/6189/4365 2802/6190/4366 6322/6191/4367 2804/6192/4368
f 2802/6190/4366 1013/6173/4358 2797/6176/4360 6322/6191/4367
f 6322/6191/4367 2797/6176/4360 1550/6181/4362 2803/6193/4369
f 2804/6192/4368 6322/6191/4367 2803/6193/4369 1014/6194/4370
f 1014/6194/4370 2803/6193/4369 6323/6195/4371 2805/6196/4372
f 2803/6193/4369 1550/6181/4362 2801/6188/4364 6323/6195/4371
f 6323/6195/4371 2801/6188/4364 1351/4416/3134 2444/5426/3919
f 2805/6196/4372 6323/6195/4371 2444/5426/3919 843/4822/3345
f 876/4815/3338 2806/6197/4373 6324/6198/4374 2142/4816/3339
f 2806/6197/4373 1015/6199/4375 2807/6200/4376 6324/6198/4374
f 6324/6198/4374 2807/6200/4376 1551/6201/4377 2808/6202/4378
f 2142/4816/3339 6324/6198/4374 2808/6202/4378 1278/4817/3340
f 1015/6199/4375 2809/6203/4379 6325/6204/4380 2807/6200/4376
f 2809/6203/4379 922/6205/4381 2810/6206/4382 6325/6204/4380
f 6325/6204/4380 2810/6206/4382 1016/6207/4383 2811/6208/4384
f 2807/6200/4376 6325/6204/4380 2811/6208/4384 1551/6201/4377
f 1551/6201/4377 2811/6208/4384 6326/6209/4385 2813/6210/4386
f 2811/6208/4384 1016/6207/4383 2812/6211/4387 6326/6209/4385
f 6326/6209/4385 2812/6211/4387 923/6189/4365 2804/6192/4368
f 2813/6210/4386 6326/6209/4385 2804/6192/4368 1014/6194/4370
f 1278/4817/3340 2808/6202/4378 6327/6212/4388 2144/4821/3344
f 2808/6202/4378 1551/6201/4377 2813/6210/4386 6327/6212/4388
f 6327/6212/4388 2813/6210/4386 1014/6194/4370 2805/6196/4372
f 2144/4821/3344 6327/6212/4388 2805/6196/4372 843/4822/3345
f 844/4430/3138 2814/6213/4389 6328/6214/4390 2330/5210/3706
f 2814/6213/4389 1017/6215/4391 2815/6216/4392 6328/6214/4390
f 6328/6214/4390 2815/6216/4392 1552/6217/4393 2816/6218/4394
f 2330/5210/3706 6328/6214/4390 2816/6218/4394 1327/5211/3707
f 1017/6215/4391 2817/6219/4395 6329/6220/4396 2815/6216/4392
f 2817/6219/4395 921/6221/4397 2818/6222/4398 6329/6220/4396
f 6329/6220/4396 2818/6222/4398 1018/6223/4399 2819/6224/4400
f 2815/6216/4392 6329/6220/4396 2819/6224/4400 1552/6217/4393
f 1552/6217/4393 2819/6224/4400 6330/6225/4401 2821/6226/4402
f 2819/6224/4400 1018/6223/4399 2820/6227/4403 6330/6225/4401
f 6330/6225/4401 2820/6227/4403 922/6205/4381 2809/6203/4379
f 2821/6226/4402 6330/6225/4401 2809/6203/4379 1015/6199/4375
f 1327/5211/3707 2816/6218/4394 6331/6228/4404 2332/5215/3711
f 2816/6218/4394 1552/6217/4393 2821/6226/4402 6331/6228/4404
f 6331/6228/4404 2821/6226/4402 1015/6199/4375 2806/6197/4373
f 2332/5215/3711 6331/6228/4404 2806/6197/4373 876/4815/3338
f 1019/6229/4405 2822/6230/4406 6332/6231/4407 2824/6232/4408
f 2822/6230/4406 920/6233/4409 2823/6234/4410 6332/6231/4407
f 6332/6231/4407 2823/6234/4410 921/6221/4397 2817/6219/4395
f 2824/6232/4408 6332/6231/4407 2817/6219/4395 1017/6215/4391
f 1019/6229/4405 2824/6232/4408 6333/6235/4411 2825/6236/4412
f 2824/6232/4408 1017/6215/4391 2814/6213/4389 6333/6235/4411
f 6333/6235/4411 2814/6213/4389 844/4430/3138 1956/4433/3141
f 2825/6236/4412 6333/6235/4411 1956/4433/3141 845/4438/3146
f 1021/3871/2811 2826/6237/4413 6334/6238/4414 5019/3866/2806
f 2826/6237/4413 800/6239/2926 1742/6240/2925 6334/6238/4414
f 6334/6238/4414 1742/6240/2925 788/6241/2924 2827/6242/4415
f 5019/3866/2806 6334/6238/4414 2827/6242/4415 1020/3863/2803
f 1553/5241/3735 2344/5240/3734 6335/6243/4416 2828/6244/4417
f 2344/5240/3734 1020/3863/2803 2827/6242/4415 6335/6243/4416
f 6335/6243/4416 2827/6242/4415 788/6241/2924 2350/6245/3741
f 2828/6244/4417 6335/6243/4416 2350/6245/3741 1330/6246/3745
f 1022/4864/900 2347/5243/3737 6336/6247/4418 2829/6248/900
f 2347/5243/3737 1553/5241/3735 2828/6244/4417 6336/6247/4418
f 6336/6247/4418 2828/6244/4417 1330/6246/3745 2356/6249/3756
f 2829/6248/900 6336/6247/4418 2356/6249/3756 878/6250/900
f 1554/4866/3384 2164/4865/3383 6337/6251/4419 2830/6252/4420
f 2164/4865/3383 1022/4864/900 2829/6248/900 6337/6251/4419
f 6337/6251/4419 2829/6248/900 878/6250/900 2173/6253/3394
f 2830/6252/4420 6337/6251/4419 2173/6253/3394 1288/6254/3398
f 1023/4867/3385 2168/4870/3388 6338/6255/4421 2831/6256/4422
f 2168/4870/3388 1554/4866/3384 2830/6252/4420 6338/6255/4421
f 6338/6255/4421 2830/6252/4420 1288/6254/3398 2181/6257/3410
f 2831/6256/4422 6338/6255/4421 2181/6257/3410 776/6258/3412
f 1023/4867/3385 2832/6259/4423 6339/6260/4424 2166/4868/3386
f 2832/6259/4423 1555/6261/4425 2833/6262/4426 6339/6260/4424
f 6339/6260/4424 2833/6262/4426 1477/3544/2531 2449/5435/3928
f 2166/4868/3386 6339/6260/4424 2449/5435/3928 1285/4871/3389
f 1354/6263/2765 2834/6264/4427 6340/6265/4428 2451/6266/3932
f 2834/6264/4427 1555/6261/4425 2832/6259/4423 6340/6265/4428
f 6340/6265/4428 2832/6259/4423 1023/4867/3385 2831/6256/4422
f 2451/6266/3932 6340/6265/4428 2831/6256/4422 776/6258/3412
f 777/5880/2751 2835/6267/4429 6341/6268/4430 4991/6269/2752
f 2835/6267/4429 1024/6270/4431 2836/6271/4432 6341/6268/4430
f 6341/6268/4430 2836/6271/4432 1556/6272/4433 2837/6273/4434
f 4991/6269/2752 6341/6268/4430 2837/6273/4434 1168/6274/2755
f 1556/6272/4433 2836/6271/4432 6342/6275/4435 2839/6276/4436
f 2836/6271/4432 1024/6270/4431 2838/6277/4437 6342/6275/4435
f 6342/6275/4435 2838/6277/4437 1147/3539/2526 4865/3536/2523
f 2839/6276/4436 6342/6275/4435 4865/3536/2523 1398/3535/2522
f 1555/6261/4425 2840/6278/4438 6343/6279/4439 2833/6262/4426
f 2840/6278/4438 1556/6272/4433 2839/6276/4436 6343/6279/4439
f 6343/6279/4439 2839/6276/4436 1398/3535/2522 4869/3545/2532
f 2833/6262/4426 6343/6279/4439 4869/3545/2532 1477/3544/2531
f 1354/6263/2765 4996/6280/2764 6344/6281/4440 2834/6264/4427
f 4996/6280/2764 1168/6274/2755 2837/6273/4434 6344/6281/4440
f 6344/6281/4440 2837/6273/4434 1556/6272/4433 2840/6278/4438
f 2834/6264/4427 6344/6281/4440 2840/6278/4438 1555/6261/4425
f 1024/6270/4431 2841/6282/4441 6345/6283/4442 2838/6277/4437
f 2841/6282/4441 1557/6284/4443 2842/6285/4444 6345/6283/4442
f 6345/6283/4442 2842/6285/4444 1504/3456/2451 2545/5627/4079
f 2838/6277/4437 6345/6283/4442 2545/5627/4079 1147/3539/2526
f 978/5866/4194 2843/6286/4445 6346/6287/4446 2666/5879/4204
f 2843/6286/4445 1557/6284/4443 2841/6282/4441 6346/6287/4446
f 6346/6287/4446 2841/6282/4441 1024/6270/4431 2835/6267/4429
f 2666/5879/4204 6346/6287/4446 2835/6267/4429 777/5880/2751
f 1557/6284/4443 2844/6288/4447 6347/6289/4448 2842/6285/4444
f 2844/6288/4447 1558/3462/2457 4830/3461/2456 6347/6289/4448
f 6347/6289/4448 4830/3461/2456 1393/3448/2443 4828/3452/2447
f 2842/6285/4444 6347/6289/4448 4828/3452/2447 1504/3456/2451
f 978/5866/4194 2659/5865/4193 6348/6290/4449 2843/6286/4445
f 2659/5865/4193 977/5859/2457 2845/6291/2457 6348/6290/4449
f 6348/6290/4449 2845/6291/2457 1558/3462/2457 2844/6288/4447
f 2843/6286/4445 6348/6290/4449 2844/6288/4447 1557/6284/4443
f 1025/3457/2452 4831/3460/2455 6349/6292/2635 2846/6293/2452
f 4831/3460/2455 1558/3462/2457 2845/6291/2457 6349/6292/2635
f 6349/6292/2635 2845/6291/2457 977/5859/2457 2656/5857/2635
f 2846/6293/2452 6349/6292/2635 2656/5857/2635 772/5856/2452
f 899/5850/907 2847/6294/907 6350/6295/2982 2652/5851/2982
f 2847/6294/907 1026/6296/907 2848/6297/2982 6350/6295/2982
f 6350/6295/2982 2848/6297/2982 1559/6298/2983 2849/6299/2983
f 2652/5851/2982 6350/6295/2982 2849/6299/2983 975/5852/2983
f 1559/6298/2983 2848/6297/2982 6351/6300/4450 2851/6301/4451
f 2848/6297/2982 1026/6296/907 2850/6302/3170 6351/6300/4450
f 6351/6300/4450 2850/6302/3170 1193/4060/2494 1771/4057/2976
f 2851/6301/4451 6351/6300/4450 1771/4057/2976 1411/4056/2975
f 1025/3457/2452 2852/6303/2985 6352/6304/4452 4829/3458/2453
f 2852/6303/2985 1559/6298/2983 2851/6301/4451 6352/6304/4452
f 6352/6304/4452 2851/6301/4451 1411/4056/2975 1774/4062/2980
f 4829/3458/2453 6352/6304/4452 1774/4062/2980 1138/3450/2445
f 975/5852/2983 2849/6299/2983 6353/6305/2985 2654/5855/2985
f 2849/6299/2983 1559/6298/2983 2852/6303/2985 6353/6305/2985
f 6353/6305/2985 2852/6303/2985 1025/3457/2452 2846/6293/2452
f 2654/5855/2985 6353/6305/2985 2846/6293/2452 772/5856/2452
f 1546/6137/2494 2779/6141/3170 6354/6306/3170 2780/6148/2494
f 2779/6141/3170 1614/6145/907 2853/6307/907 6354/6306/3170
f 6354/6306/3170 2853/6307/907 1096/6308/907 2854/6309/3170
f 2780/6148/2494 6354/6306/3170 2854/6309/3170 1229/4388/2494
f 1229/4388/2494 2854/6309/3170 6355/6310/3170 1932/4389/2494
f 2854/6309/3170 1096/6308/907 2855/6311/907 6355/6310/3170
f 6355/6310/3170 2855/6311/907 1615/6312/907 2856/6313/3170
f 1932/4389/2494 6355/6310/3170 2856/6313/3170 1422/4382/2494
f 1615/6312/907 2857/6314/907 6356/6315/3170 2856/6313/3170
f 2857/6314/907 1098/6316/907 2858/6317/3170 6356/6315/3170
f 6356/6315/3170 2858/6317/3170 1214/4252/2494 1929/4383/2494
f 2856/6313/3170 6356/6315/3170 1929/4383/2494 1422/4382/2494
f 1214/4252/2494 2858/6317/3170 6357/6318/3170 1865/4253/2494
f 2858/6317/3170 1098/6316/907 2859/6319/907 6357/6318/3170
f 6357/6318/3170 2859/6319/907 1616/6320/907 2860/6321/3170
f 1865/4253/2494 6357/6318/3170 2860/6321/3170 1417/4243/2494
f 1616/6320/907 2861/6322/907 6358/6323/3170 2860/6321/3170
f 2861/6322/907 1100/4499/907 1986/4498/3170 6358/6323/3170
f 6358/6323/3170 1986/4498/3170 1212/4247/2494 1861/4244/2494
f 2860/6321/3170 6358/6323/3170 1861/4244/2494 1417/4243/2494
f 1427/4494/2494 1988/4497/3170 6359/6324/3170 1989/4502/2494
f 1988/4497/3170 1617/4501/907 2862/6325/907 6359/6324/3170
f 6359/6324/3170 2862/6325/907 1102/4629/907 2051/4628/3170
f 1989/4502/2494 6359/6324/3170 2051/4628/3170 1241/4505/2494
f 1432/4624/2494 2053/4627/3170 6360/6326/3170 2054/4632/2494
f 2053/4627/3170 1618/4631/907 2863/6327/907 6360/6326/3170
f 6360/6326/3170 2863/6327/907 1104/6328/907 2864/6329/3170
f 2054/4632/2494 6360/6326/3170 2864/6329/3170 1254/4635/2494
f 773/5779/2648 2865/6330/2579 6361/6331/2580 2625/5795/2580
f 2865/6330/2579 1027/6332/2662 2866/6333/4453 6361/6331/2580
f 6361/6331/2580 2866/6333/4453 1560/6334/2583 2867/6335/2583
f 2625/5795/2580 6361/6331/2580 2867/6335/2583 973/5788/2583
f 1560/6334/2583 2866/6333/4453 6362/6336/4454 2869/6337/4455
f 2866/6333/4453 1027/6332/2662 2868/6338/4456 6362/6336/4454
f 6362/6336/4454 2868/6338/4456 1142/3497/2488 4852/3509/2499
f 2869/6337/4455 6362/6336/4454 4852/3509/2499 1396/3506/2496
f 1028/6339/907 2870/6340/2588 6363/6341/4457 2871/6342/3170
f 2870/6340/2588 1560/6334/2583 2869/6337/4455 6363/6341/4457
f 6363/6341/4457 2869/6337/4455 1396/3506/2496 4850/3505/2495
f 2871/6342/3170 6363/6341/4457 4850/3505/2495 1143/3504/2494
f 973/5788/2583 2867/6335/2583 6364/6343/2588 2621/5783/4191
f 2867/6335/2583 1560/6334/2583 2870/6340/2588 6364/6343/2588
f 6364/6343/2588 2870/6340/2588 1028/6339/907 2872/6344/907
f 2621/5783/4191 6364/6343/2588 2872/6344/907 912/5780/907
f 773/5779/2648 2616/5778/2650 6365/6345/2650 2865/6330/2579
f 2616/5778/2650 970/5772/2598 2873/6346/2598 6365/6345/2650
f 6365/6345/2650 2873/6346/2598 1561/6347/2598 2874/6348/2650
f 2865/6330/2579 6365/6345/2650 2874/6348/2650 1027/6332/2662
f 1561/6347/2598 2873/6346/2598 6366/6349/4458 2876/6350/4459
f 2873/6346/2598 970/5772/2598 2615/5775/4190 6366/6349/4458
f 6366/6349/4458 2615/5775/4190 969/5766/4185 2875/6351/4460
f 2876/6350/4459 6366/6349/4458 2875/6351/4460 1562/5679/4104
f 1561/6347/2598 2876/6350/4459 6367/6352/4461 2877/6353/4462
f 2876/6350/4459 1562/5679/4104 2570/5678/4103 6367/6352/4461
f 6367/6352/4461 2570/5678/4103 1513/3496/2487 4845/3495/2486
f 2877/6353/4462 6367/6352/4461 4845/3495/2486 1395/3494/2485
f 1027/6332/2662 2874/6348/2650 6368/6354/4463 2868/6338/4456
f 2874/6348/2650 1561/6347/2598 2877/6353/4462 6368/6354/4463
f 6368/6354/4463 2877/6353/4462 1395/3494/2485 4847/3498/2489
f 2868/6338/4456 6368/6354/4463 4847/3498/2489 1142/3497/2488
f 1029/3587/2568 2571/5676/4101 6369/6355/4464 2878/6356/4465
f 2571/5676/4101 1562/5679/4104 2875/6351/4460 6369/6355/4464
f 6369/6355/4464 2875/6351/4460 969/5766/4185 2613/5769/4188
f 2878/6356/4465 6369/6355/4464 2613/5769/4188 774/5771/2708
f 1563/3589/2570 4888/3588/2569 6370/6357/4466 2879/6358/4467
f 4888/3588/2569 1029/3587/2568 2878/6356/4465 6370/6357/4466
f 6370/6357/4466 2878/6356/4465 774/5771/2708 4969/6359/2707
f 2879/6358/4467 6370/6357/4466 4969/6359/2707 1163/6360/2706
f 1563/3589/2570 2879/6358/4467 6371/6361/4468 4891/3594/2575
f 2879/6358/4467 1163/6360/2706 4971/6362/2710 6371/6361/4468
f 6371/6361/4468 4971/6362/2710 1368/6363/2709 2880/6364/4469
f 4891/3594/2575 6371/6361/4468 2880/6364/4469 1564/3595/2576
f 1030/5495/3987 2486/5498/3990 6372/6365/4470 2881/6366/4471
f 2486/5498/3990 1564/3595/2576 2880/6364/4469 6372/6365/4470
f 6372/6365/4470 2880/6364/4469 1368/6363/2709 2482/6367/3986
f 2881/6366/4471 6372/6365/4470 2482/6367/3986 775/6368/3634
f 870/6369/3639 2882/6370/4472 6373/6371/4473 2296/6372/3640
f 2882/6370/4472 1031/6373/4474 2883/6374/4475 6373/6371/4473
f 6373/6371/4473 2883/6374/4475 1565/6375/4476 2884/6376/4477
f 2296/6372/3640 6373/6371/4473 2884/6376/4477 1320/6377/3632
f 1565/6375/4476 2883/6374/4475 6374/6378/4478 2886/6379/4479
f 2883/6374/4475 1031/6373/4474 2885/6380/4480 6374/6378/4478
f 6374/6378/4478 2885/6380/4480 1261/4706/3236 2089/4703/3233
f 2886/6379/4479 6374/6378/4478 2089/4703/3233 1435/4702/3232
f 1030/5495/3987 2887/6381/4481 6375/6382/4482 2484/5496/3988
f 2887/6381/4481 1565/6375/4476 2886/6379/4479 6375/6382/4482
f 6375/6382/4482 2886/6379/4479 1435/4702/3232 2093/4712/3242
f 2484/5496/3988 6375/6382/4482 2093/4712/3242 1263/4711/3241
f 1320/6377/3632 2884/6376/4477 6376/6383/4483 2292/6384/3633
f 2884/6376/4477 1565/6375/4476 2887/6381/4481 6376/6383/4483
f 6376/6383/4483 2887/6381/4481 1030/5495/3987 2881/6366/4471
f 2292/6384/3633 6376/6383/4483 2881/6366/4471 775/6368/3634
f 786/6385/2863 2888/6386/4484 6377/6387/4485 2433/6388/3900
f 2888/6386/4484 1032/3862/2802 2889/6389/4486 6377/6387/4485
f 6377/6387/4485 2889/6389/4486 1566/6390/4487 2890/6391/4488
f 2433/6388/3900 6377/6387/4485 2890/6391/4488 1344/6392/3897
f 1566/6390/4487 2889/6389/4486 6378/6393/4489 2891/6394/4490
f 2889/6389/4486 1032/3862/2802 5014/3861/2801 6378/6393/4489
f 6378/6393/4489 5014/3861/2801 1171/3856/2796 2297/5143/3642
f 2891/6394/4490 6378/6393/4489 2297/5143/3642 1453/5142/3641
f 1031/6373/4474 2892/6395/4491 6379/6396/4492 2885/6380/4480
f 2892/6395/4491 1566/6390/4487 2891/6394/4490 6379/6396/4492
f 6379/6396/4492 2891/6394/4490 1453/5142/3641 2300/5148/3647
f 2885/6380/4480 6379/6396/4492 2300/5148/3647 1261/4706/3236
f 1344/6392/3897 2890/6391/4488 6380/6397/4493 2431/6398/3893
f 2890/6391/4488 1566/6390/4487 2892/6395/4491 6380/6397/4493
f 6380/6397/4493 2892/6395/4491 1031/6373/4474 2882/6370/4472
f 2431/6398/3893 6380/6397/4493 2882/6370/4472 870/6369/3639
f 1033/3857/2797 5015/3860/2800 6381/6399/4494 2893/6400/4495
f 5015/3860/2800 1032/3862/2802 2888/6386/4484 6381/6399/4494
f 6381/6399/4494 2888/6386/4484 786/6385/2863 1718/6401/2866
f 2893/6400/4495 6381/6399/4494 1718/6401/2866 798/6402/2871
f 1035/3921/2858 2894/6403/4496 6382/6404/4497 1712/3922/2859
f 2894/6403/4496 805/6405/3050 1821/6406/3049 6382/6404/4497
f 6382/6404/4497 1821/6406/3049 793/6407/3048 2895/6408/4498
f 1712/3922/2859 6382/6404/4497 2895/6408/4498 1034/3923/2860
f 1567/5287/3780 2371/5290/3783 6383/6409/4499 2896/6410/4500
f 2371/5290/3783 1034/3923/2860 2895/6408/4498 6383/6409/4499
f 6383/6409/4499 2895/6408/4498 793/6407/3048 2374/6411/3785
f 2896/6410/4500 6383/6409/4499 2374/6411/3785 1334/6412/3789
f 1036/4945/3448 2369/5283/3776 6384/6413/4501 2897/6414/4502
f 2369/5283/3776 1567/5287/3780 2896/6410/4500 6384/6413/4501
f 6384/6413/4501 2896/6410/4500 1334/6412/3789 2379/6415/3798
f 2897/6414/4502 6384/6413/4501 2379/6415/3798 882/6416/3450
f 1568/4938/3443 2202/4946/3449 6385/6417/4503 2898/6418/4504
f 2202/4946/3449 1036/4945/3448 2897/6414/4502 6385/6417/4503
f 6385/6417/4503 2897/6414/4502 882/6416/3450 2206/6419/3453
f 2898/6418/4504 6385/6417/4503 2206/6419/3453 1298/6420/3458
f 1037/4940/3445 2198/4939/3444 6386/6421/4505 2899/6422/4506
f 2198/4939/3444 1568/4938/3443 2898/6418/4504 6386/6421/4505
f 6386/6421/4505 2898/6418/4504 1298/6420/3458 2214/6423/3472
f 2899/6422/4506 6386/6421/4505 2214/6423/3472 759/6424/3474
f 1358/6425/3023 2900/6426/4507 6387/6427/4508 2463/6428/3952
f 2900/6426/4507 1569/3642/2620 2459/5455/3947 6387/6427/4508
f 6387/6427/4508 2459/5455/3947 1037/4940/3445 2899/6422/4506
f 2463/6428/3952 6387/6427/4508 2899/6422/4506 759/6424/3474
f 764/6429/3035 2901/6430/4509 6388/6431/4510 1815/6432/3033
f 2901/6430/4509 1038/3653/2631 4918/3651/2629 6388/6431/4510
f 6388/6431/4510 4918/3651/2629 1570/3646/2624 2902/6433/4511
f 1815/6432/3033 6388/6431/4510 2902/6433/4511 1201/6434/3021
f 1358/6425/3023 1806/6435/3022 6389/6436/4512 2900/6426/4507
f 1806/6435/3022 1201/6434/3021 2902/6433/4511 6389/6436/4512
f 6389/6436/4512 2902/6433/4511 1570/3646/2624 4914/3643/2621
f 2900/6426/4507 6389/6436/4512 4914/3643/2621 1569/3642/2620
f 950/6437/3004 2903/6438/4513 6390/6439/4514 2552/6440/4089
f 2903/6438/4513 1571/3670/2646 2548/5638/4086 6390/6439/4514
f 6390/6439/4514 2548/5638/4086 1038/3653/2631 2901/6430/4509
f 2552/6440/4089 6390/6439/4514 2901/6430/4509 764/6429/3035
f 950/6437/3004 1796/6441/3003 6391/6442/4515 2903/6438/4513
f 1796/6441/3003 1196/6443/2996 2904/6444/4516 6391/6442/4515
f 6391/6442/4515 2904/6444/4516 1572/3663/2639 4926/3671/2647
f 2903/6438/4513 6391/6442/4515 4926/3671/2647 1571/3670/2646
f 1039/3665/2641 4923/3664/2640 6392/6445/4517 2905/6446/4518
f 4923/3664/2640 1572/3663/2639 2904/6444/4516 6392/6445/4517
f 6392/6445/4517 2904/6444/4516 1196/6443/2996 1792/6447/2993
f 2905/6446/4518 6392/6445/4517 1792/6447/2993 758/4098/2992
f 897/4122/3014 2906/6448/4519 6393/6449/4520 1803/4120/3012
f 2906/6448/4519 1040/4094/2591 1789/4092/2990 6393/6449/4520
f 6393/6449/4520 1789/4092/2990 1573/4089/2988 2907/6450/4521
f 1803/4120/3012 6393/6449/4520 2907/6450/4521 1198/4106/3000
f 1198/4106/3000 2907/6450/4521 6394/6451/4522 1795/4101/2995
f 2907/6450/4521 1573/4089/2988 1786/4088/2987 6394/6451/4522
f 6394/6451/4522 1786/4088/2987 1039/3665/2641 2905/6446/4518
f 1795/4101/2995 6394/6451/4522 2905/6446/4518 758/4098/2992
f 838/4350/3076 2908/6452/4523 6395/6453/4524 2760/6106/3076
f 2908/6452/4523 1041/4370/2591 2763/6108/2591 6395/6453/4524
f 6395/6453/4524 2763/6108/2591 1574/6112/2591 2909/6454/4524
f 2760/6106/3076 6395/6453/4524 2909/6454/4524 1006/6099/3076
f 1006/6099/3076 2909/6454/4524 6396/6455/4523 2756/6094/4351
f 2909/6454/4524 1574/6112/2591 2766/6118/2591 6396/6455/4523
f 6396/6455/4523 2766/6118/2591 1042/6117/2591 2910/6456/4525
f 2756/6094/4351 6396/6455/4523 2910/6456/4525 928/6091/4349
f 826/4203/3076 2911/6457/4523 6397/6458/4526 1922/4369/3076
f 2911/6457/4523 1043/4228/2591 1927/4379/2591 6397/6458/4526
f 6397/6458/4526 1927/4379/2591 1575/4374/2591 2912/6459/4524
f 1922/4369/3076 6397/6458/4526 2912/6459/4524 1227/4358/3076
f 1227/4358/3076 2912/6459/4524 6398/6460/4524 1916/4353/3076
f 2912/6459/4524 1575/4374/2591 1923/4371/2591 6398/6460/4524
f 6398/6460/4524 1923/4371/2591 1041/4370/2591 2908/6452/4523
f 1916/4353/3076 6398/6460/4524 2908/6452/4523 838/4350/3076
f 817/4227/3076 2913/6461/4524 6399/6462/4524 1853/4225/3076
f 2913/6461/4524 1044/4239/2591 1858/4237/2591 6399/6462/4524
f 6399/6462/4524 1858/4237/2591 1576/4232/2591 2914/6463/4524
f 1853/4225/3076 6399/6462/4524 2914/6463/4524 1211/4211/3076
f 1211/4211/3076 2914/6463/4524 6400/6464/4527 1845/4206/3076
f 2914/6463/4524 1576/4232/2591 1854/4229/2591 6400/6464/4527
f 6400/6464/4527 1854/4229/2591 1043/4228/2591 2911/6457/4523
f 1845/4206/3076 6400/6464/4527 2911/6457/4523 826/4203/3076
f 853/4539/3076 2915/6465/4524 6401/6466/4524 2007/4537/3076
f 2915/6465/4524 1045/4516/2591 1994/4515/2591 6401/6466/4524
f 6401/6466/4524 1994/4515/2591 1577/4514/2591 2916/6467/4523
f 2007/4537/3076 6401/6466/4524 2916/6467/4523 1243/4525/3076
f 1243/4525/3076 2916/6467/4523 6402/6468/4524 2000/4521/3076
f 2916/6467/4523 1577/4514/2591 1997/4519/2591 6402/6468/4524
f 6402/6468/4524 1997/4519/2591 1044/4239/2591 2913/6461/4524
f 2000/4521/3076 6402/6468/4524 2913/6461/4524 817/4227/3076
f 865/4669/3076 2917/6469/4524 6403/6470/4528 2072/4667/3076
f 2917/6469/4524 1046/4646/2591 2059/4645/2591 6403/6470/4528
f 6403/6470/4528 2059/4645/2591 1578/4644/2591 2918/6471/4524
f 2072/4667/3076 6403/6470/4528 2918/6471/4524 1256/4655/3076
f 1256/4655/3076 2918/6471/4524 6404/6472/4524 2065/4651/3076
f 2918/6471/4524 1578/4644/2591 2062/4649/2591 6404/6472/4524
f 6404/6472/4524 2062/4649/2591 1045/4516/2591 2915/6465/4524
f 2065/4651/3076 6404/6472/4524 2915/6465/4524 853/4539/3076
f 760/3487/2481 2919/6473/4529 6405/6474/4530 4843/3485/2479
f 2919/6473/4529 1047/3608/2587 4896/3607/2586 6405/6474/4530
f 6405/6474/4530 4896/3607/2586 1579/3606/2585 2920/6475/4531
f 4843/3485/2479 6405/6474/4530 2920/6475/4531 1141/3471/2466
f 1141/3471/2466 2920/6475/4531 6406/6476/4532 4835/3466/2461
f 2920/6475/4531 1579/3606/2585 4900/3614/2592 6406/6476/4532
f 6406/6476/4532 4900/3614/2592 1048/3613/2591 2921/6477/4533
f 4835/3466/2461 6406/6476/4532 2921/6477/4533 914/3463/2458
f 760/3487/2481 4842/6478/2480 6407/6479/4534 2919/6473/4529
f 4842/6478/2480 1140/6480/2476 2922/6481/4535 6407/6479/4534
f 6407/6479/4534 2922/6481/4535 1580/3618/2596 4901/3617/2595
f 2919/6473/4529 6407/6479/4534 4901/3617/2595 1047/3608/2587
f 1580/3618/2596 2922/6481/4535 6408/6482/4536 4906/3624/2602
f 2922/6481/4535 1140/6480/2476 4839/6483/2473 6408/6482/4536
f 6408/6482/4536 4839/6483/2473 957/6484/2472 2923/6485/4537
f 4906/3624/2602 6408/6482/4536 2923/6485/4537 1581/3621/2599
f 1049/3627/2605 2566/5667/4095 6409/6486/4538 2924/6487/4539
f 2566/5667/4095 1581/3621/2599 2923/6485/4537 6409/6486/4538
f 6409/6486/4538 2923/6485/4537 957/6484/2472 2564/6488/4093
f 2924/6487/4539 6409/6486/4538 2564/6488/4093 765/6489/2537
f 1582/3631/2609 2925/6490/4540 6410/6491/4541 4912/3640/2618
f 2925/6490/4540 1151/6492/2545 4882/6493/2556 6410/6491/4541
f 6410/6491/4541 4882/6493/2556 1365/6494/2555 2926/6495/4542
f 4912/3640/2618 6410/6491/4541 2926/6495/4542 1583/3641/2619
f 1151/6492/2545 2925/6490/4540 6411/6496/4543 4875/6497/2540
f 2925/6490/4540 1582/3631/2609 4907/3628/2606 6411/6496/4543
f 6411/6496/4543 4907/3628/2606 1049/3627/2605 2924/6487/4539
f 4875/6497/2540 6411/6496/4543 2924/6487/4539 765/6489/2537
f 1050/5082/3581 2477/5484/3976 6412/6498/4544 2927/6499/4545
f 2477/5484/3976 1583/3641/2619 2926/6495/4542 6412/6498/4544
f 6412/6498/4544 2926/6495/4542 1365/6494/2555 2475/6500/3974
f 2927/6499/4545 6412/6498/4544 2475/6500/3974 761/6501/3580
f 888/6502/3574 2928/6503/4546 6413/6504/4547 2265/6505/3575
f 2928/6503/4546 1051/5093/3592 2273/5091/3590 6413/6504/4547
f 6413/6504/4547 2273/5091/3590 1584/5086/3585 2929/6506/4548
f 2265/6505/3575 6413/6504/4547 2929/6506/4548 1314/6507/3576
f 1314/6507/3576 2929/6506/4548 6414/6508/4549 2267/6509/3579
f 2929/6506/4548 1584/5086/3585 2269/5083/3582 6414/6508/4549
f 6414/6508/4549 2269/5083/3582 1050/5082/3581 2927/6499/4545
f 2267/6509/3579 6414/6508/4549 2927/6499/4545 761/6501/3580
f 792/6510/2845 2930/6511/4550 6415/6512/4551 2411/6513/3861
f 2930/6511/4550 1052/3901/2838 2417/5378/3871 6415/6512/4551
f 6415/6512/4551 2417/5378/3871 1585/5375/3868 2931/6514/4552
f 2411/6513/3861 6415/6512/4551 2931/6514/4552 1341/6515/3862
f 1341/6515/3862 2931/6514/4552 6416/6516/4553 2413/6517/3864
f 2931/6514/4552 1585/5375/3868 2414/5374/3867 6416/6516/4553
f 6416/6516/4553 2414/5374/3867 1051/5093/3592 2928/6503/4546
f 2413/6517/3864 6416/6516/4553 2928/6503/4546 888/6502/3574
f 1052/3901/2838 2930/6511/4550 6417/6518/4554 5032/3896/2833
f 2930/6511/4550 792/6510/2845 1705/6519/2844 6417/6518/4554
f 6417/6518/4554 1705/6519/2844 804/6520/2843 2932/6521/4555
f 5032/3896/2833 6417/6518/4554 2932/6521/4555 1053/3893/2830
f 1055/6522/4556 2933/6523/4557 6418/6524/4558 2935/6525/4559
f 2933/6523/4557 858/4582/3201 2028/4581/3200 6418/6524/4558
f 6418/6524/4558 2028/4581/3200 859/4580/3199 2934/6526/4560
f 2935/6525/4559 6418/6524/4558 2934/6526/4560 1054/6527/4561
f 1055/6522/4556 2935/6525/4559 6419/6528/4562 2938/6529/4563
f 2935/6525/4559 1054/6527/4561 2936/6530/4564 6419/6528/4562
f 6419/6528/4562 2936/6530/4564 946/6531/4565 2937/6532/4566
f 2938/6529/4563 6419/6528/4562 2937/6532/4566 947/6533/4567
f 945/6534/4568 2939/6535/4569 6420/6536/4570 2942/6537/4571
f 2939/6535/4569 1056/6538/4572 2940/6539/4573 6420/6536/4570
f 6420/6536/4570 2940/6539/4573 1586/6540/4574 2941/6541/4575
f 2942/6537/4571 6420/6536/4570 2941/6541/4575 1057/6542/4576
f 1056/6538/4572 2943/6543/4577 6421/6544/4578 2940/6539/4573
f 2943/6543/4577 946/6531/4565 2936/6530/4564 6421/6544/4578
f 6421/6544/4578 2936/6530/4564 1054/6527/4561 2944/6545/4579
f 2940/6539/4573 6421/6544/4578 2944/6545/4579 1586/6540/4574
f 1586/6540/4574 2944/6545/4579 6422/6546/4580 2945/6547/4581
f 2944/6545/4579 1054/6527/4561 2934/6526/4560 6422/6546/4580
f 6422/6546/4580 2934/6526/4560 859/4580/3199 2310/5167/3663
f 2945/6547/4581 6422/6546/4580 2310/5167/3663 1324/5171/3667
f 1057/6542/4576 2941/6541/4575 6423/6548/4582 2946/6549/4583
f 2941/6541/4575 1586/6540/4574 2945/6547/4581 6423/6548/4582
f 6423/6548/4582 2945/6547/4581 1324/5171/3667 2315/5180/3676
f 2946/6549/4583 6423/6548/4582 2315/5180/3676 872/4742/3267
f 944/6550/4584 2947/6551/4585 6424/6552/4586 2950/6553/4587
f 2947/6551/4585 1058/6554/4588 2948/6555/4589 6424/6552/4586
f 6424/6552/4586 2948/6555/4589 1587/6556/4590 2949/6557/4591
f 2950/6553/4587 6424/6552/4586 2949/6557/4591 1059/6558/4592
f 1058/6554/4588 2951/6559/4593 6425/6560/4594 2948/6555/4589
f 2951/6559/4593 945/6534/4568 2942/6537/4571 6425/6560/4594
f 6425/6560/4594 2942/6537/4571 1057/6542/4576 2952/6561/4595
f 2948/6555/4589 6425/6560/4594 2952/6561/4595 1587/6556/4590
f 1587/6556/4590 2952/6561/4595 6426/6562/4596 2953/6563/4597
f 2952/6561/4595 1057/6542/4576 2946/6549/4583 6426/6562/4596
f 6426/6562/4596 2946/6549/4583 872/4742/3267 2109/4745/3270
f 2953/6563/4597 6426/6562/4596 2109/4745/3270 1270/4750/3275
f 1059/6558/4592 2949/6557/4591 6427/6564/4598 2954/6565/4599
f 2949/6557/4591 1587/6556/4590 2953/6563/4597 6427/6564/4598
f 6427/6564/4598 2953/6563/4597 1270/4750/3275 2117/4764/3288
f 2954/6565/4599 6427/6564/4598 2117/4764/3288 860/4766/3290
f 860/4766/3290 2439/5417/3910 6428/6566/4600 2954/6565/4599
f 2439/5417/3910 1348/4592/3208 2955/6567/4601 6428/6566/4600
f 6428/6566/4600 2955/6567/4601 1588/6568/4602 2956/6569/4603
f 2954/6565/4599 6428/6566/4600 2956/6569/4603 1059/6558/4592
f 1059/6558/4592 2956/6569/4603 6429/6570/4604 2950/6553/4587
f 2956/6569/4603 1588/6568/4602 2957/6571/4605 6429/6570/4604
f 6429/6570/4604 2957/6571/4605 1060/6572/4606 2958/6573/4607
f 2950/6553/4587 6429/6570/4604 2958/6573/4607 944/6550/4584
f 943/6574/879 2959/6575/879 6430/6576/879 2962/6577/879
f 2959/6575/879 1061/6578/879 2960/6579/879 6430/6576/879
f 6430/6576/879 2960/6579/879 1589/6580/879 2961/6581/879
f 2962/6577/879 6430/6576/879 2961/6581/879 1062/6582/879
f 1588/6568/4602 2963/6583/4608 6431/6584/4609 2957/6571/4605
f 2963/6583/4608 1589/6580/879 2960/6579/879 6431/6584/4609
f 6431/6584/4609 2960/6579/879 1061/6578/879 2964/6585/2510
f 2957/6571/4605 6431/6584/4609 2964/6585/2510 1060/6572/4606
f 1348/4592/3208 2032/4591/3207 6432/6586/4610 2955/6567/4601
f 2032/4591/3207 1251/4590/879 2965/6587/879 6432/6586/4610
f 6432/6586/4610 2965/6587/879 1589/6580/879 2963/6583/4608
f 2955/6567/4601 6432/6586/4610 2963/6583/4608 1588/6568/4602
f 1062/6582/879 2961/6581/879 6433/6588/879 2966/6589/879
f 2961/6581/879 1589/6580/879 2965/6587/879 6433/6588/879
f 6433/6588/879 2965/6587/879 1251/4590/879 2039/4601/879
f 2966/6589/879 6433/6588/879 2039/4601/879 861/4603/879
f 1590/6590/879 2967/6591/879 6434/6592/879 2969/6593/879
f 2967/6591/879 1063/6594/879 2968/6595/879 6434/6592/879
f 6434/6592/879 2968/6595/879 943/6574/879 2962/6577/879
f 2969/6593/879 6434/6592/879 2962/6577/879 1062/6582/879
f 1385/4616/879 2970/6596/879 6435/6597/879 2533/5607/879
f 2970/6596/879 1590/6590/879 2969/6593/879 6435/6597/879
f 6435/6597/879 2969/6593/879 1062/6582/879 2966/6589/879
f 2533/5607/879 6435/6597/879 2966/6589/879 861/4603/879
f 942/6598/4611 2971/6599/3083 6436/6600/3083 2974/6601/4612
f 2971/6599/3083 1064/6602/3084 2972/6603/3084 6436/6600/3083
f 6436/6600/3083 2972/6603/3084 1591/6604/3084 2973/6605/4356
f 2974/6601/4612 6436/6600/3083 2973/6605/4356 1065/6606/3081
f 1590/6590/879 2975/6607/2428 6437/6608/2428 2967/6591/879
f 2975/6607/2428 1591/6604/3084 2972/6603/3084 6437/6608/2428
f 6437/6608/2428 2972/6603/3084 1064/6602/3084 2976/6609/2428
f 2967/6591/879 6437/6608/2428 2976/6609/2428 1063/6594/879
f 1385/4616/879 2044/4615/2428 6438/6610/2428 2970/6596/879
f 2044/4615/2428 1252/4608/3084 2977/6611/3084 6438/6610/2428
f 6438/6610/2428 2977/6611/3084 1591/6604/3084 2975/6607/2428
f 2970/6596/879 6438/6610/2428 2975/6607/2428 1590/6590/879
f 1065/6606/3081 2973/6605/4356 6439/6612/3083 2978/6613/3081
f 2973/6605/4356 1591/6604/3084 2977/6611/3084 6439/6612/3083
f 6439/6612/3083 2977/6611/3084 1252/4608/3084 2040/4605/3083
f 2978/6613/3081 6439/6612/3083 2040/4605/3083 862/4604/3081
f 1592/6614/2494 2979/6615/2494 6440/6616/3170 2981/6617/3170
f 2979/6615/2494 1254/4635/2494 2864/6329/3170 6440/6616/3170
f 6440/6616/3170 2864/6329/3170 1104/6328/907 2980/6618/907
f 2981/6617/3170 6440/6616/3170 2980/6618/907 1619/6619/907
f 1592/6614/2494 2982/6620/2494 6441/6621/3079 2984/6622/3080
f 2982/6620/2494 1066/6623/2494 2983/6624/3079 6441/6621/3079
f 6441/6621/3079 2983/6624/3079 942/6598/4611 2974/6601/4612
f 2984/6622/3080 6441/6621/3079 2974/6601/4612 1065/6606/3081
f 1254/4635/2494 2979/6615/2494 6442/6625/3080 2055/4636/3080
f 2979/6615/2494 1592/6614/2494 2984/6622/3080 6442/6625/3080
f 6442/6625/3080 2984/6622/3080 1065/6606/3081 2978/6613/3081
f 2055/4636/3080 6442/6625/3080 2978/6613/3081 862/4604/3081
f 1592/6614/2494 2981/6617/3170 6443/6626/3170 2982/6620/2494
f 2981/6617/3170 1619/6619/907 2985/6627/907 6443/6626/3170
f 6443/6626/3170 2985/6627/907 1106/6628/907 2986/6629/3170
f 2982/6620/2494 6443/6626/3170 2986/6629/3170 1066/6623/2494
f 1107/6630/907 2987/6631/907 6444/6632/907 2990/6633/907
f 2987/6631/907 1620/6634/907 2988/6635/907 6444/6632/907
f 6444/6632/907 2988/6635/907 1631/6636/907 2989/6637/907
f 2990/6633/907 6444/6632/907 2989/6637/907 1126/6638/907
f 1620/6634/907 2991/6639/907 6445/6640/907 2988/6635/907
f 2991/6639/907 1108/5796/907 2629/5799/907 6445/6640/907
f 6445/6640/907 2629/5799/907 1124/5804/907 2992/6641/907
f 2988/6635/907 6445/6640/907 2992/6641/907 1631/6636/907
f 1127/6642/907 2993/6643/907 6446/6644/2590 2996/6645/2590
f 2993/6643/907 1632/6646/907 2994/6647/2590 6446/6644/2590
f 6446/6644/2590 2994/6647/2590 1593/6648/2591 2995/6649/2591
f 2996/6645/2590 6446/6644/2590 2995/6649/2591 1067/6650/2591
f 1632/6646/907 2997/6651/907 6447/6652/2590 2994/6647/2590
f 2997/6651/907 1128/4638/907 2060/4641/2590 6447/6652/2590
f 6447/6652/2590 2060/4641/2590 1046/4646/2591 2998/6653/2591
f 2994/6647/2590 6447/6652/2590 2998/6653/2591 1593/6648/2591
f 939/6654/4351 2999/6655/4523 6448/6656/4523 3001/6657/4613
f 2999/6655/4523 1067/6650/2591 2995/6649/2591 6448/6656/4523
f 6448/6656/4523 2995/6649/2591 1593/6648/2591 3000/6658/4524
f 3001/6657/4613 6448/6656/4523 3000/6658/4524 1068/6659/3076
f 1068/6659/3076 3000/6658/4524 6449/6660/4524 3002/6661/3076
f 3000/6658/4524 1593/6648/2591 2998/6653/2591 6449/6660/4524
f 6449/6660/4524 2998/6653/2591 1046/4646/2591 2917/6469/4524
f 3002/6661/3076 6449/6660/4524 2917/6469/4524 865/4669/3076
f 865/4669/3076 2071/4668/3077 6450/6662/3077 3002/6661/3076
f 2071/4668/3077 1255/4660/3078 3003/6663/3078 6450/6662/3077
f 6450/6662/3077 3003/6663/3078 1594/6664/3078 3004/6665/4352
f 3002/6661/3076 6450/6662/3077 3004/6665/4352 1068/6659/3076
f 1594/6664/3078 3003/6663/3078 6451/6666/2471 3006/6667/2471
f 3003/6663/3078 1255/4660/3078 2070/4663/2471 6451/6666/2471
f 6451/6666/2471 2070/4663/2471 955/4665/1071 3005/6668/1071
f 3006/6667/2471 6451/6666/2471 3005/6668/1071 1595/6669/1071
f 1070/6670/1071 3007/6671/2471 6452/6672/2471 3009/6673/1071
f 3007/6671/2471 1069/6674/3078 3008/6675/3078 6452/6672/2471
f 6452/6672/2471 3008/6675/3078 1594/6664/3078 3006/6667/2471
f 3009/6673/1071 6452/6672/2471 3006/6667/2471 1595/6669/1071
f 1068/6659/3076 3004/6665/4352 6453/6676/3077 3001/6657/4613
f 3004/6665/4352 1594/6664/3078 3008/6675/3078 6453/6676/3077
f 6453/6676/3077 3008/6675/3078 1069/6674/3078 3010/6677/3077
f 3001/6657/4613 6453/6676/3077 3010/6677/3077 939/6654/4351
f 938/6678/1071 3011/6679/1071 6454/6680/1071 3013/6681/1071
f 3011/6679/1071 1070/6670/1071 3009/6673/1071 6454/6680/1071
f 6454/6680/1071 3009/6673/1071 1595/6669/1071 3012/6682/1071
f 3013/6681/1071 6454/6680/1071 3012/6682/1071 1071/6683/1071
f 1071/6683/1071 3012/6682/1071 6455/6684/1071 3014/6685/1071
f 3012/6682/1071 1595/6669/1071 3005/6668/1071 6455/6684/1071
f 6455/6684/1071 3005/6668/1071 955/4665/1071 2561/5660/1071
f 3014/6685/1071 6455/6684/1071 2561/5660/1071 866/4685/1071
f 1073/6686/4614 3015/6687/2553 6456/6688/4615 3018/6689/4616
f 3015/6687/2553 1072/6690/1071 3016/6691/1071 6456/6688/4615
f 6456/6688/4615 3016/6691/1071 1596/6692/1071 3017/6693/4617
f 3018/6689/4616 6456/6688/4615 3017/6693/4617 1597/6694/4618
f 1072/6690/1071 3019/6695/1071 6457/6696/1071 3016/6691/1071
f 3019/6695/1071 938/6678/1071 3013/6681/1071 6457/6696/1071
f 6457/6696/1071 3013/6681/1071 1071/6683/1071 3020/6697/1071
f 3016/6691/1071 6457/6696/1071 3020/6697/1071 1596/6692/1071
f 1596/6692/1071 3020/6697/1071 6458/6698/1071 3021/6699/1071
f 3020/6697/1071 1071/6683/1071 3014/6685/1071 6458/6698/1071
f 6458/6698/1071 3014/6685/1071 866/4685/1071 2079/4684/1071
f 3021/6699/1071 6458/6698/1071 2079/4684/1071 1257/4680/1071
f 1596/6692/1071 3021/6699/1071 6459/6700/4619 3017/6693/4617
f 3021/6699/1071 1257/4680/1071 2076/4677/3217 6459/6700/4619
f 6459/6700/4619 2076/4677/3217 1363/4676/3216 3022/6701/4620
f 3017/6693/4617 6459/6700/4619 3022/6701/4620 1597/6694/4618
f 937/6702/4621 3023/6703/4622 6460/6704/4623 3025/6705/4624
f 3023/6703/4622 1073/6686/4614 3018/6689/4616 6460/6704/4623
f 6460/6704/4623 3018/6689/4616 1597/6694/4618 3024/6706/4625
f 3025/6705/4624 6460/6704/4623 3024/6706/4625 1074/6707/4626
f 1074/6707/4626 3024/6706/4625 6461/6708/4627 3026/6709/4628
f 3024/6706/4625 1597/6694/4618 3022/6701/4620 6461/6708/4627
f 6461/6708/4627 3022/6701/4620 1363/4676/3216 2471/5474/3966
f 3026/6709/4628 6461/6708/4627 2471/5474/3966 867/5052/3551
f 887/5045/3544 3027/6710/4629 6462/6711/4630 2251/5046/3545
f 3027/6710/4629 1075/6712/4631 3028/6713/4632 6462/6711/4630
f 6462/6711/4630 3028/6713/4632 1598/6714/4633 3029/6715/4634
f 2251/5046/3545 6462/6711/4630 3029/6715/4634 1310/5047/3546
f 1075/6712/4631 3030/6716/4635 6463/6717/4636 3028/6713/4632
f 3030/6716/4635 936/6718/4637 3031/6719/4638 6463/6717/4636
f 6463/6717/4636 3031/6719/4638 1076/6720/4639 3032/6721/4640
f 3028/6713/4632 6463/6717/4636 3032/6721/4640 1598/6714/4633
f 1598/6714/4633 3032/6721/4640 6464/6722/4641 3034/6723/4642
f 3032/6721/4640 1076/6720/4639 3033/6724/4643 6464/6722/4641
f 6464/6722/4641 3033/6724/4643 937/6702/4621 3025/6705/4624
f 3034/6723/4642 6464/6722/4641 3025/6705/4624 1074/6707/4626
f 1310/5047/3546 3029/6715/4634 6465/6725/4644 2253/5051/3550
f 3029/6715/4634 1598/6714/4633 3034/6723/4642 6465/6725/4644
f 6465/6725/4644 3034/6723/4642 1074/6707/4626 3026/6709/4628
f 2253/5051/3550 6465/6725/4644 3026/6709/4628 867/5052/3551
f 868/4690/3220 3035/6726/4645 6466/6727/4646 2402/5350/3843
f 3035/6726/4645 1077/6728/4647 3036/6729/4648 6466/6727/4646
f 6466/6727/4646 3036/6729/4648 1599/6730/4649 3037/6731/4650
f 2402/5350/3843 6466/6727/4646 3037/6731/4650 1339/5351/3844
f 1077/6728/4647 3038/6732/4651 6467/6733/4652 3036/6729/4648
f 3038/6732/4651 935/6734/4653 3039/6735/4654 6467/6733/4652
f 6467/6733/4652 3039/6735/4654 1078/6736/4655 3040/6737/4656
f 3036/6729/4648 6467/6733/4652 3040/6737/4656 1599/6730/4649
f 1599/6730/4649 3040/6737/4656 6468/6738/4657 3042/6739/4658
f 3040/6737/4656 1078/6736/4655 3041/6740/4659 6468/6738/4657
f 6468/6738/4657 3041/6740/4659 936/6718/4637 3030/6716/4635
f 3042/6739/4658 6468/6738/4657 3030/6716/4635 1075/6712/4631
f 1339/5351/3844 3037/6731/4650 6469/6741/4660 2404/5355/3848
f 3037/6731/4650 1599/6730/4649 3042/6739/4658 6469/6741/4660
f 6469/6741/4660 3042/6739/4658 1075/6712/4631 3027/6710/4629
f 2404/5355/3848 6469/6741/4660 3027/6710/4629 887/5045/3544
f 1079/6742/4661 3043/6743/4662 6470/6744/4663 3045/6745/4664
f 3043/6743/4662 934/6746/4665 3044/6747/4666 6470/6744/4663
f 6470/6744/4663 3044/6747/4666 935/6734/4653 3038/6732/4651
f 3045/6745/4664 6470/6744/4663 3038/6732/4651 1077/6728/4647
f 1079/6742/4661 3045/6745/4664 6471/6748/4667 3046/6749/4668
f 3045/6745/4664 1077/6728/4647 3035/6726/4645 6471/6748/4667
f 6471/6748/4667 3035/6726/4645 868/4690/3220 2086/4693/3223
f 3046/6749/4668 6471/6748/4667 2086/4693/3223 869/4698/3228
f 1081/3897/2834 3047/6750/4669 6472/6751/4670 5030/3898/2835
f 3047/6750/4669 802/6752/2889 1725/6753/2888 6472/6751/4670
f 6472/6751/4670 1725/6753/2888 790/6754/2887 3048/6755/4671
f 5030/3898/2835 6472/6751/4670 3048/6755/4671 1080/3899/2836
f 1600/5377/3870 2418/5380/3873 6473/6756/4672 3049/6757/4673
f 2418/5380/3873 1080/3899/2836 3048/6755/4671 6473/6756/4672
f 6473/6756/4672 3048/6755/4671 790/6754/2887 2419/6758/3875
f 3049/6757/4673 6473/6756/4672 2419/6758/3875 1342/6759/3874
f 1082/5095/3594 2416/5373/3866 6474/6760/4674 3050/6761/4675
f 2416/5373/3866 1600/5377/3870 3049/6757/4673 6474/6760/4674
f 6474/6760/4674 3049/6757/4673 1342/6759/3874 2423/6762/3881
f 3050/6761/4675 6474/6760/4674 2423/6762/3881 889/6763/3600
f 1601/5088/3587 2275/5096/3595 6475/6764/4676 3051/6765/4677
f 2275/5096/3595 1082/5095/3594 3050/6761/4675 6475/6764/4676
f 6475/6764/4676 3050/6761/4675 889/6763/3600 2276/6766/3597
f 3051/6765/4677 6475/6764/4676 2276/6766/3597 1316/6767/3596
f 1083/5090/3589 2271/5089/3588 6476/6768/4678 3052/6769/4679
f 2271/5089/3588 1601/5088/3587 3051/6765/4677 6476/6768/4678
f 6476/6768/4678 3051/6765/4677 1316/6767/3596 2282/6770/3606
f 3052/6769/4679 6476/6768/4678 2282/6770/3606 769/6771/3610
f 769/6771/3610 2479/6772/3979 6477/6773/4680 3052/6769/4679
f 2479/6772/3979 1366/6774/2735 3053/6775/4681 6477/6773/4680
f 6477/6773/4680 3053/6775/4681 1602/3636/2614 2476/5485/3977
f 3052/6769/4679 6477/6773/4680 2476/5485/3977 1083/5090/3589
f 1366/6774/2735 4982/6776/2734 6478/6777/4682 3053/6775/4681
f 4982/6776/2734 1165/6778/2727 3054/6779/4683 6478/6777/4682
f 6478/6777/4682 3054/6779/4683 1603/3633/2611 4911/3637/2615
f 3053/6775/4681 6478/6777/4682 4911/3637/2615 1602/3636/2614
f 1084/3635/2613 4909/3634/2612 6479/6780/4684 3055/6781/4685
f 4909/3634/2612 1603/3633/2611 3054/6779/4683 6479/6780/4684
f 6479/6780/4684 3054/6779/4683 1165/6778/2727 4978/6782/2726
f 3055/6781/4685 6479/6780/4684 4978/6782/2726 768/5674/2723
f 958/3696/2654 3056/6783/4686 6480/6784/4687 2568/5673/4099
f 3056/6783/4686 1604/3625/2603 2565/5668/4096 6480/6784/4687
f 6480/6784/4687 2565/5668/4096 1084/3635/2613 3055/6781/4685
f 2568/5673/4099 6480/6784/4687 3055/6781/4685 768/5674/2723
f 958/3696/2654 4938/3695/2653 6481/6785/4688 3056/6783/4686
f 4938/3695/2653 1156/3689/2598 3057/6786/2598 6481/6785/4688
f 6481/6785/4688 3057/6786/2598 1605/3620/2598 4905/3626/2604
f 3056/6783/4686 6481/6785/4688 4905/3626/2604 1604/3625/2603
f 1085/3600/2579 4903/3616/2594 6482/6787/2594 3058/6788/2662
f 4903/3616/2594 1605/3620/2598 3057/6786/2598 6482/6787/2594
f 6482/6787/2594 3057/6786/2598 1156/3689/2598 4935/3687/2594
f 3058/6788/2662 6482/6787/2594 4935/3687/2594 767/3672/2579
f 913/3686/907 3059/6789/907 6483/6790/2588 4934/3682/2588
f 3059/6789/907 1086/3611/907 4898/3609/2588 6483/6790/2588
f 6483/6790/2588 4898/3609/2588 1606/3604/2583 3060/6791/2583
f 4934/3682/2588 6483/6790/2588 3060/6791/2583 1155/3680/2583
f 1155/3680/2583 3060/6791/2583 6484/6792/2580 4931/3675/2580
f 3060/6791/2583 1606/3604/2583 4894/3601/2580 6484/6792/2580
f 6484/6792/2580 4894/3601/2580 1085/3600/2579 3058/6788/2662
f 4931/3675/2580 6484/6792/2580 3058/6788/2662 767/3672/2579
f 1607/4091/2983 1791/4097/2982 6485/6793/2982 3062/6794/2983
f 1791/4097/2982 1087/4096/907 3061/6795/907 6485/6793/2982
f 6485/6793/2982 3061/6795/907 898/4064/907 1778/4067/2982
f 3062/6794/2983 6485/6793/2982 1778/4067/2982 1195/4072/2983
f 1088/3657/2452 1788/4087/2985 6486/6796/2985 3063/6797/2452
f 1788/4087/2985 1607/4091/2983 3062/6794/2983 6486/6796/2985
f 6486/6796/2985 3062/6794/2983 1195/4072/2983 1785/4085/2985
f 3063/6797/2452 6486/6796/2985 1785/4085/2985 766/3753/2699
f 766/3753/2699 4965/3752/2635 6487/6798/2635 3063/6797/2452
f 4965/3752/2635 1161/3739/2457 3064/6799/2457 6487/6798/2635
f 6487/6798/2635 3064/6799/2457 1608/3661/2457 4921/3658/2635
f 3063/6797/2452 6487/6798/2635 4921/3658/2635 1088/3657/2452
f 1608/3661/2457 3064/6799/2457 6488/6800/4689 4927/3669/2645
f 3064/6799/2457 1161/3739/2457 4963/3742/2694 6488/6800/4689
f 6488/6800/4689 4963/3742/2694 948/3747/2698 3065/6801/4690
f 4927/3669/2645 6488/6800/4689 3065/6801/4690 1609/3666/2642
f 1089/3655/2633 2549/5637/4085 6489/6802/4691 3066/6803/4692
f 2549/5637/4085 1609/3666/2642 3065/6801/4690 6489/6802/4691
f 6489/6802/4691 3065/6801/4690 948/3747/2698 2547/5631/4082
f 3066/6803/4692 6489/6802/4691 2547/5631/4082 771/5635/2736
f 1610/3648/2626 4920/3656/2634 6490/6804/4693 3067/6805/4694
f 4920/3656/2634 1089/3655/2633 3066/6803/4692 6490/6804/4693
f 6490/6804/4693 3066/6803/4692 771/5635/2736 5008/6806/2787
f 3067/6805/4694 6490/6804/4693 5008/6806/2787 1170/6807/2780
f 1610/3648/2626 3067/6805/4694 6491/6808/4695 4916/3649/2627
f 3067/6805/4694 1170/6807/2780 5003/6809/2777 6491/6808/4695
f 6491/6808/4695 5003/6809/2777 1356/6810/2776 3068/6811/4696
f 4916/3649/2627 6491/6808/4695 3068/6811/4696 1611/3650/2628
f 1090/4932/3437 2460/5454/3946 6492/6812/4697 3069/6813/4698
f 2460/5454/3946 1611/3650/2628 3068/6811/4696 6492/6812/4697
f 6492/6812/4697 3068/6811/4696 1356/6810/2776 2454/6814/3936
f 3069/6813/4698 6492/6812/4697 2454/6814/3936 770/6815/3436
f 881/6816/900 3070/6817/900 6493/6818/4699 2191/6819/3429
f 3070/6817/900 1091/4943/900 2200/4941/3446 6493/6818/4699
f 6493/6818/4699 2200/4941/3446 1612/4936/3441 3071/6820/4700
f 2191/6819/3429 6493/6818/4699 3071/6820/4700 1293/6821/3430
f 1293/6821/3430 3071/6820/4700 6494/6822/4701 2194/6823/3435
f 3071/6820/4700 1612/4936/3441 2196/4933/3438 6494/6822/4701
f 6494/6822/4701 2196/4933/3438 1090/4932/3437 3069/6813/4698
f 2194/6823/3435 6494/6822/4701 3069/6813/4698 770/6815/3436
f 791/6824/2896 3072/6825/4702 6495/6826/4703 2363/6827/3770
f 3072/6825/4702 1092/3925/2862 2370/5288/3781 6495/6826/4703
f 6495/6826/4703 2370/5288/3781 1613/5285/3778 3073/6828/4704
f 2363/6827/3770 6495/6826/4703 3073/6828/4704 1332/6829/3771
f 1332/6829/3771 3073/6828/4704 6496/6830/4705 2366/6831/3774
f 3073/6828/4704 1613/5285/3778 2367/5284/3777 6496/6830/4705
f 6496/6830/4705 2367/5284/3777 1091/4943/900 3070/6817/900
f 2366/6831/3774 6496/6830/4705 3070/6817/900 881/6816/900
f 1092/3925/2862 3072/6825/4702 6497/6832/4706 1714/3920/2857
f 3072/6825/4702 791/6824/2896 1728/6833/2895 6497/6832/4706
f 6497/6832/4706 1728/6833/2895 803/6834/2894 3074/6835/4707
f 1714/3920/2857 6497/6832/4706 3074/6835/4707 1093/3917/2854
f 905/4006/2940 1749/4005/2939 6498/6836/4708 3076/6837/4709
f 1749/4005/2939 904/4004/2938 3075/6838/4710 6498/6836/4708
f 6498/6836/4708 3075/6838/4710 921/6221/4397 2823/6234/4410
f 3076/6837/4709 6498/6836/4708 2823/6234/4410 920/6233/4409
f 922/6205/4381 2820/6227/4403 6499/6839/4711 3078/6840/4712
f 2820/6227/4403 1018/6223/4399 3077/6841/4713 6499/6839/4711
f 6499/6839/4711 3077/6841/4713 1328/5219/3715 2334/5217/3713
f 3078/6840/4712 6499/6839/4711 2334/5217/3713 903/4838/3361
f 1018/6223/4399 2818/6222/4398 6500/6842/4714 3077/6841/4713
f 2818/6222/4398 921/6221/4397 3075/6838/4710 6500/6842/4714
f 6500/6842/4714 3075/6838/4710 904/4004/2938 2337/5223/3719
f 3077/6841/4713 6500/6842/4714 2337/5223/3719 1328/5219/3715
f 923/6189/4365 2812/6211/4387 6501/6843/4715 3080/6844/4716
f 2812/6211/4387 1016/6207/4383 3079/6845/4717 6501/6843/4715
f 6501/6843/4715 3079/6845/4717 1280/4831/3354 2148/4828/3351
f 3080/6844/4716 6501/6843/4715 2148/4828/3351 902/4827/3350
f 1016/6207/4383 2810/6206/4382 6502/6846/4718 3079/6845/4717
f 2810/6206/4382 922/6205/4381 3078/6840/4712 6502/6846/4718
f 6502/6846/4718 3078/6840/4712 903/4838/3361 2152/4836/3359
f 3079/6845/4717 6502/6846/4718 2152/4836/3359 1280/4831/3354
f 923/6189/4365 3080/6844/4716 6503/6847/4719 2802/6190/4366
f 3080/6844/4716 902/4827/3350 2446/5432/3925 6503/6847/4719
f 6503/6847/4719 2446/5432/3925 1352/4027/2954 3081/6848/4358
f 2802/6190/4366 6503/6847/4719 3081/6848/4358 1013/6173/4358
f 1352/4027/2954 1758/4026/2510 6504/6849/2510 3081/6848/4358
f 1758/4026/2510 1190/4020/879 3082/6850/879 6504/6849/2510
f 6504/6849/2510 3082/6850/879 1012/6177/879 2794/6174/2510
f 3081/6848/4358 6504/6849/2510 2794/6174/2510 1013/6173/4358
f 1190/4020/879 1755/4019/879 6505/6851/879 3082/6850/879
f 1755/4019/879 901/4018/879 3083/6852/879 6505/6851/879
f 6505/6851/879 3083/6852/879 924/6165/879 2798/6182/879
f 3082/6850/879 6505/6851/879 2798/6182/879 1012/6177/879
f 924/6165/879 3083/6852/879 6506/6853/879 2790/6166/879
f 3083/6852/879 901/4018/879 2542/5624/879 6506/6853/879
f 6506/6853/879 2542/5624/879 1390/4046/879 3084/6854/879
f 2790/6166/879 6506/6853/879 3084/6854/879 1010/6157/879
f 925/6131/4353 2789/6164/4357 6507/6855/4720 3086/6856/4721
f 2789/6164/4357 1009/6161/2431 3085/6857/2431 6507/6855/4720
f 6507/6855/4720 3085/6857/2431 1191/4036/2961 1761/4033/2958
f 3086/6856/4721 6507/6855/4720 1761/4033/2958 900/4032/2957
f 1390/4046/879 1766/4045/2428 6508/6858/2428 3084/6854/879
f 1766/4045/2428 1191/4036/2961 3085/6857/2431 6508/6858/2428
f 6508/6858/2428 3085/6857/2431 1009/6161/2431 2786/6158/2428
f 3084/6854/879 6508/6858/2428 2786/6158/2428 1010/6157/879
f 1193/4060/2494 3087/6859/2494 6509/6860/3080 1772/4061/2979
f 3087/6859/2494 1007/6135/2494 2773/6132/4354 6509/6860/3080
f 6509/6860/3080 2773/6132/4354 925/6131/4353 3086/6856/4721
f 1772/4061/2979 6509/6860/3080 3086/6856/4721 900/4032/2957
f 1193/4060/2494 2850/6302/3170 6510/6861/3170 3087/6859/2494
f 2850/6302/3170 1026/6296/907 3088/6862/907 6510/6861/3170
f 6510/6861/3170 3088/6862/907 1094/6143/907 2777/6142/3170
f 3087/6859/2494 6510/6861/3170 2777/6142/3170 1007/6135/2494
f 1114/6125/907 2768/6124/907 6511/6863/907 3090/6864/907
f 2768/6124/907 1113/6123/907 3089/6865/907 6511/6863/907
f 6511/6863/907 3089/6865/907 974/4076/907 1779/4075/907
f 3090/6864/907 6511/6863/907 1779/4075/907 1194/4068/907
f 1042/6117/2591 2765/6116/2590 6512/6866/2590 3092/6867/2591
f 2765/6116/2590 1133/6115/907 3091/6868/907 6512/6866/2590
f 6512/6866/2590 3091/6868/907 1087/4096/907 1790/4095/2590
f 3092/6867/2591 6512/6866/2590 1790/4095/2590 1040/4094/2591
f 928/6091/4349 2910/6456/4525 6513/6869/4524 3093/6870/4722
f 2910/6456/4525 1042/6117/2591 3092/6867/2591 6513/6869/4524
f 6513/6869/4524 3092/6867/2591 1040/4094/2591 2906/6448/4519
f 3093/6870/4722 6513/6869/4524 2906/6448/4519 897/4122/3014
f 928/6091/4349 3093/6870/4722 6514/6871/4723 2753/6092/4350
f 3093/6870/4722 897/4122/3014 1802/4121/3013 6514/6871/4723
f 6514/6871/4723 1802/4121/3013 1197/4117/3009 3094/6872/2462
f 2753/6092/4350 6514/6871/4723 3094/6872/2462 1005/6095/2462
f 1005/6095/2462 3094/6872/2462 6515/6873/2471 2758/6102/2471
f 3094/6872/2462 1197/4117/3009 1799/4114/2471 6515/6873/2471
f 6515/6873/2471 1799/4114/2471 949/4113/1071 3095/6874/1071
f 2758/6102/2471 6515/6873/2471 3095/6874/1071 1004/6087/1071
f 929/6067/1071 2750/6088/1071 6516/6875/1071 3096/6876/1071
f 2750/6088/1071 1004/6087/1071 3095/6874/1071 6516/6875/1071
f 6516/6875/1071 3095/6874/1071 949/4113/1071 2550/5639/1071
f 3096/6876/1071 6516/6875/1071 2550/5639/1071 896/4141/1071
f 929/6067/1071 3096/6876/1071 6517/6877/1071 2741/6068/1071
f 3096/6876/1071 896/4141/1071 1811/4140/1071 6517/6877/1071
f 6517/6877/1071 1811/4140/1071 1199/4136/1071 3097/6878/1071
f 2741/6068/1071 6517/6877/1071 3097/6878/1071 1002/6071/1071
f 1002/6071/1071 3097/6878/1071 6518/6879/2553 2746/6078/2553
f 3097/6878/1071 1199/4136/1071 1808/4133/2553 6518/6879/2553
f 6518/6879/2553 1808/4133/2553 1357/4132/3024 3098/6880/3024
f 2746/6078/2553 6518/6879/2553 3098/6880/3024 1001/6065/3024
f 930/6043/4323 2740/6066/4345 6519/6881/4724 3099/6882/4725
f 2740/6066/4345 1001/6065/3024 3098/6880/3024 6519/6881/4724
f 6519/6881/4724 3098/6880/3024 1357/4132/3024 2461/5456/3948
f 3099/6882/4725 6519/6881/4724 2461/5456/3948 895/4965/3468
f 930/6043/4323 3099/6882/4725 6520/6883/4726 2729/6044/4324
f 3099/6882/4725 895/4965/3468 2210/4964/3467 6520/6883/4726
f 6520/6883/4726 2210/4964/3467 1296/4960/3463 3100/6884/4727
f 2729/6044/4324 6520/6883/4726 3100/6884/4727 999/6047/4327
f 1296/4960/3463 2208/4959/3462 6521/6885/4728 3100/6884/4727
f 2208/4959/3462 894/4958/3461 3101/6886/4729 6521/6885/4728
f 6521/6885/4728 3101/6886/4729 931/6027/4307 2733/6052/4332
f 3100/6884/4727 6521/6885/4728 2733/6052/4332 999/6047/4327
f 931/6027/4307 3101/6886/4729 6522/6887/4730 2721/6028/4308
f 3101/6886/4729 894/4958/3461 2377/5303/3796 6522/6887/4730
f 6522/6887/4730 2377/5303/3796 1333/5299/3792 3102/6888/4731
f 2721/6028/4308 6522/6887/4730 3102/6888/4731 997/6031/4311
f 1333/5299/3792 2375/5298/3791 6523/6889/4732 3102/6888/4731
f 2375/5298/3791 893/4154/3042 3103/6890/4733 6523/6889/4732
f 6523/6889/4732 3103/6890/4733 932/6024/4304 2725/6036/4316
f 3102/6888/4731 6523/6889/4732 2725/6036/4316 997/6031/4311
f 933/6026/4306 2719/6025/4305 6524/6891/4734 3104/6892/4735
f 2719/6025/4305 932/6024/4304 3103/6890/4733 6524/6891/4734
f 6524/6891/4734 3103/6890/4733 893/4154/3042 1817/4153/3041
f 3104/6892/4735 6524/6891/4734 1817/4153/3041 892/4152/3040
f 919/3916/2853 1709/3915/2852 6525/6893/4736 3106/6894/4737
f 1709/3915/2852 918/3914/2851 3105/6895/4738 6525/6893/4736
f 6525/6893/4736 3105/6895/4738 935/6734/4653 3044/6747/4666
f 3106/6894/4737 6525/6893/4736 3044/6747/4666 934/6746/4665
f 936/6718/4637 3041/6740/4659 6526/6896/4739 3108/6897/4740
f 3041/6740/4659 1078/6736/4655 3107/6898/4741 6526/6896/4739
f 6526/6896/4739 3107/6898/4741 1340/5359/3852 2406/5357/3850
f 3108/6897/4740 6526/6896/4739 2406/5357/3850 917/5068/3567
f 1078/6736/4655 3039/6735/4654 6527/6899/4742 3107/6898/4741
f 3039/6735/4654 935/6734/4653 3105/6895/4738 6527/6899/4742
f 6527/6899/4742 3105/6895/4738 918/3914/2851 2409/5363/3856
f 3107/6898/4741 6527/6899/4742 2409/5363/3856 1340/5359/3852
f 937/6702/4621 3033/6724/4643 6528/6900/4743 3110/6901/4744
f 3033/6724/4643 1076/6720/4639 3109/6902/4745 6528/6900/4743
f 6528/6900/4743 3109/6902/4745 1312/5061/3560 2257/5058/3557
f 3110/6901/4744 6528/6900/4743 2257/5058/3557 916/5057/3556
f 1076/6720/4639 3031/6719/4638 6529/6903/4746 3109/6902/4745
f 3031/6719/4638 936/6718/4637 3108/6897/4740 6529/6903/4746
f 6529/6903/4746 3108/6897/4740 917/5068/3567 2261/5066/3565
f 3109/6902/4745 6529/6903/4746 2261/5066/3565 1312/5061/3560
f 937/6702/4621 3110/6901/4744 6530/6904/4747 3023/6703/4622
f 3110/6901/4744 916/5057/3556 2473/5480/3972 6530/6904/4747
f 6530/6904/4747 2473/5480/3972 1364/3570/2554 3111/6905/2554
f 3023/6703/4622 6530/6904/4747 3111/6905/2554 1073/6686/4614
f 1364/3570/2554 4880/3569/2553 6531/6906/2553 3111/6905/2554
f 4880/3569/2553 1150/3563/1071 3112/6907/1071 6531/6906/2553
f 6531/6906/2553 3112/6907/1071 1072/6690/1071 3015/6687/2553
f 3111/6905/2554 6531/6906/2553 3015/6687/2553 1073/6686/4614
f 1150/3563/1071 4877/3562/1071 6532/6908/1071 3112/6907/1071
f 4877/3562/1071 915/3561/1071 3113/6909/1071 6532/6908/1071
f 6532/6908/1071 3113/6909/1071 938/6678/1071 3019/6695/1071
f 3112/6907/1071 6532/6908/1071 3019/6695/1071 1072/6690/1071
f 938/6678/1071 3113/6909/1071 6533/6910/1071 3011/6679/1071
f 3113/6909/1071 915/3561/1071 2562/5663/1071 6533/6910/1071
f 6533/6910/1071 2562/5663/1071 956/3477/1071 3114/6911/1071
f 3011/6679/1071 6533/6910/1071 3114/6911/1071 1070/6670/1071
f 939/6654/4351 3010/6677/3077 6534/6912/4352 3116/6913/3076
f 3010/6677/3077 1069/6674/3078 3115/6914/2462 6534/6912/4352
f 6534/6912/4352 3115/6914/2462 1139/3467/2462 4832/3464/2459
f 3116/6913/3076 6534/6912/4352 4832/3464/2459 914/3463/2458
f 956/3477/1071 4837/3476/2471 6535/6915/2471 3114/6911/1071
f 4837/3476/2471 1139/3467/2462 3115/6914/2462 6535/6915/2471
f 6535/6915/2471 3115/6914/2462 1069/6674/3078 3007/6671/2471
f 3114/6911/1071 6535/6915/2471 3007/6671/2471 1070/6670/1071
f 939/6654/4351 3116/6913/3076 6536/6916/4524 2999/6655/4523
f 3116/6913/3076 914/3463/2458 2921/6477/4533 6536/6916/4524
f 6536/6916/4524 2921/6477/4533 1048/3613/2591 3117/6917/2591
f 2999/6655/4523 6536/6916/4524 3117/6917/2591 1067/6650/2591
f 1048/3613/2591 4899/3612/2590 6537/6918/2590 3117/6917/2591
f 4899/3612/2590 1086/3611/907 3118/6919/907 6537/6918/2590
f 6537/6918/2590 3118/6919/907 1127/6642/907 2996/6645/2590
f 3117/6917/2591 6537/6918/2590 2996/6645/2590 1067/6650/2591
f 1126/6638/907 3119/6920/907 6538/6921/907 2990/6633/907
f 3119/6920/907 1154/3684/907 2622/5791/907 6538/6921/907
f 6538/6921/907 2622/5791/907 972/5784/907 3120/6922/907
f 2990/6633/907 6538/6921/907 3120/6922/907 1107/6630/907
f 1066/6623/2494 2986/6629/3170 6539/6923/3170 3122/6924/2494
f 2986/6629/3170 1106/6628/907 3121/6925/907 6539/6923/3170
f 6539/6923/3170 3121/6925/907 1028/6339/907 2871/6342/3170
f 3122/6924/2494 6539/6923/3170 2871/6342/3170 1143/3504/2494
f 942/6598/4611 2983/6624/3079 6540/6926/3080 3123/6927/3081
f 2983/6624/3079 1066/6623/2494 3122/6924/2494 6540/6926/3080
f 6540/6926/3080 3122/6924/2494 1143/3504/2494 4849/3502/2492
f 3123/6927/3081 6540/6926/3080 4849/3502/2492 911/3441/2436
f 942/6598/4611 3123/6927/3081 6541/6928/4356 2971/6599/3083
f 3123/6927/3081 911/3441/2436 4820/3440/2435 6541/6928/4356
f 6541/6928/4356 4820/3440/2435 1135/3436/2431 3124/6929/2431
f 2971/6599/3083 6541/6928/4356 3124/6929/2431 1064/6602/3084
f 1064/6602/3084 3124/6929/2431 6542/6930/2428 2976/6609/2428
f 3124/6929/2431 1135/3436/2431 4817/3433/2428 6542/6930/2428
f 6542/6930/2428 4817/3433/2428 1383/3432/879 3125/6931/879
f 2976/6609/2428 6542/6930/2428 3125/6931/879 1063/6594/879
f 943/6574/879 2968/6595/879 6543/6932/879 3126/6933/879
f 2968/6595/879 1063/6594/879 3125/6931/879 6543/6932/879
f 6543/6932/879 3125/6931/879 1383/3432/879 2530/5600/879
f 3126/6933/879 6543/6932/879 2530/5600/879 910/3528/879
f 943/6574/879 3126/6933/879 6544/6934/879 2959/6575/879
f 3126/6933/879 910/3528/879 4860/3527/879 6544/6934/879
f 6544/6934/879 4860/3527/879 1144/3523/879 3127/6935/879
f 2959/6575/879 6544/6934/879 3127/6935/879 1061/6578/879
f 1061/6578/879 3127/6935/879 6545/6936/2510 2964/6585/2510
f 3127/6935/879 1144/3523/879 4857/3520/2510 6545/6936/2510
f 6545/6936/2510 4857/3520/2510 1345/3519/2509 3128/6937/4606
f 2964/6585/2510 6545/6936/2510 3128/6937/4606 1060/6572/4606
f 944/6550/4584 2958/6573/4607 6546/6938/4748 3129/6939/4749
f 2958/6573/4607 1060/6572/4606 3128/6937/4606 6546/6938/4748
f 6546/6938/4748 3128/6937/4606 1345/3519/2509 2434/5408/3901
f 3129/6939/4749 6546/6938/4748 2434/5408/3901 909/4735/3262
f 944/6550/4584 3129/6939/4749 6547/6940/4750 2947/6551/4585
f 3129/6939/4749 909/4735/3262 2102/4734/3261 6547/6940/4750
f 6547/6940/4750 2102/4734/3261 1265/4730/3257 3130/6941/4751
f 2947/6551/4585 6547/6940/4750 3130/6941/4751 1058/6554/4588
f 1265/4730/3257 2100/4729/3256 6548/6942/4752 3130/6941/4751
f 2100/4729/3256 908/4728/3255 3131/6943/4753 6548/6942/4752
f 6548/6942/4752 3131/6943/4753 945/6534/4568 2951/6559/4593
f 3130/6941/4751 6548/6942/4752 2951/6559/4593 1058/6554/4588
f 945/6534/4568 3131/6943/4753 6549/6944/4754 2939/6535/4569
f 3131/6943/4753 908/4728/3255 2306/5163/3660 6549/6944/4754
f 6549/6944/4754 2306/5163/3660 1322/5159/3656 3132/6945/4755
f 2939/6535/4569 6549/6944/4754 3132/6945/4755 1056/6538/4572
f 1322/5159/3656 2304/5158/3655 6550/6946/4756 3132/6945/4755
f 2304/5158/3655 907/3884/2824 3133/6947/4757 6550/6946/4756
f 6550/6946/4756 3133/6947/4757 946/6531/4565 2943/6543/4577
f 3132/6945/4755 6550/6946/4756 2943/6543/4577 1056/6538/4572
f 947/6533/4567 2937/6532/4566 6551/6948/4758 3134/6949/4759
f 2937/6532/4566 946/6531/4565 3133/6947/4757 6551/6948/4758
f 6551/6948/4758 3133/6947/4757 907/3884/2824 5024/3883/2823
f 3134/6949/4759 6551/6948/4758 5024/3883/2823 906/3882/2822
f 926/6950/907 3135/6951/907 6552/6952/907 3136/6953/907
f 3135/6951/907 1094/6143/907 3088/6862/907 6552/6952/907
f 6552/6952/907 3088/6862/907 1026/6296/907 2847/6294/907
f 3136/6953/907 6552/6952/907 2847/6294/907 899/5850/907
f 1614/6145/907 2778/6144/907 6553/6954/907 3138/6955/907
f 2778/6144/907 1094/6143/907 3135/6951/907 6553/6954/907
f 6553/6954/907 3135/6951/907 926/6950/907 3137/6956/907
f 3138/6955/907 6553/6954/907 3137/6956/907 1095/6957/907
f 1096/6308/907 2853/6307/907 6554/6958/907 3140/6959/907
f 2853/6307/907 1614/6145/907 3138/6955/907 6554/6958/907
f 6554/6958/907 3138/6955/907 1095/6957/907 3139/6960/907
f 3140/6959/907 6554/6958/907 3139/6960/907 840/6961/907
f 840/6961/907 3141/6962/907 6555/6963/907 3140/6959/907
f 3141/6962/907 1097/6964/907 3142/6965/907 6555/6963/907
f 6555/6963/907 3142/6965/907 1615/6312/907 2855/6311/907
f 3140/6959/907 6555/6963/907 2855/6311/907 1096/6308/907
f 1097/6964/907 3143/6966/907 6556/6967/907 3142/6965/907
f 3143/6966/907 828/6968/907 3144/6969/907 6556/6967/907
f 6556/6967/907 3144/6969/907 1098/6316/907 2857/6314/907
f 3142/6965/907 6556/6967/907 2857/6314/907 1615/6312/907
f 828/6968/907 3145/6970/907 6557/6971/907 3144/6969/907
f 3145/6970/907 1099/6972/907 3146/6973/907 6557/6971/907
f 6557/6971/907 3146/6973/907 1616/6320/907 2859/6319/907
f 3144/6969/907 6557/6971/907 2859/6319/907 1098/6316/907
f 1099/6972/907 3147/6974/907 6558/6975/907 3146/6973/907
f 3147/6974/907 815/6976/907 3148/6977/907 6558/6975/907
f 6558/6975/907 3148/6977/907 1100/4499/907 2861/6322/907
f 3146/6973/907 6558/6975/907 2861/6322/907 1616/6320/907
f 1617/4501/907 1987/4500/907 6559/6978/907 3150/6979/907
f 1987/4500/907 1100/4499/907 3148/6977/907 6559/6978/907
f 6559/6978/907 3148/6977/907 815/6976/907 3149/6980/907
f 3150/6979/907 6559/6978/907 3149/6980/907 1101/6981/907
f 1102/4629/907 2862/6325/907 6560/6982/907 3152/6983/907
f 2862/6325/907 1617/4501/907 3150/6979/907 6560/6982/907
f 6560/6982/907 3150/6979/907 1101/6981/907 3151/6984/907
f 3152/6983/907 6560/6982/907 3151/6984/907 851/6985/907
f 1618/4631/907 2052/4630/907 6561/6986/907 3154/6987/907
f 2052/4630/907 1102/4629/907 3152/6983/907 6561/6986/907
f 6561/6986/907 3152/6983/907 851/6985/907 3153/6988/907
f 3154/6987/907 6561/6986/907 3153/6988/907 1103/6989/907
f 1104/6328/907 2863/6327/907 6562/6990/907 3156/6991/907
f 2863/6327/907 1618/4631/907 3154/6987/907 6562/6990/907
f 6562/6990/907 3154/6987/907 1103/6989/907 3155/6992/907
f 3156/6991/907 6562/6990/907 3155/6992/907 863/6993/907
f 1619/6619/907 2980/6618/907 6563/6994/907 3158/6995/907
f 2980/6618/907 1104/6328/907 3156/6991/907 6563/6994/907
f 6563/6994/907 3156/6991/907 863/6993/907 3157/6996/907
f 3158/6995/907 6563/6994/907 3157/6996/907 1105/6997/907
f 1106/6628/907 2985/6627/907 6564/6998/907 3160/6999/907
f 2985/6627/907 1619/6619/907 3158/6995/907 6564/6998/907
f 6564/6998/907 3158/6995/907 1105/6997/907 3159/7000/907
f 3160/6999/907 6564/6998/907 3159/7000/907 941/7001/907
f 1106/6628/907 3160/6999/907 6565/7002/907 3121/6925/907
f 3160/6999/907 941/7001/907 3161/7003/907 6565/7002/907
f 6565/7002/907 3161/7003/907 912/5780/907 2872/6344/907
f 3121/6925/907 6565/7002/907 2872/6344/907 1028/6339/907
f 972/5784/907 2618/5781/907 6566/7004/907 3120/6922/907
f 2618/5781/907 912/5780/907 3161/7003/907 6566/7004/907
f 6566/7004/907 3161/7003/907 941/7001/907 3162/7005/907
f 3120/6922/907 6566/7004/907 3162/7005/907 1107/6630/907
f 863/6993/907 3163/7006/907 6567/7007/907 3157/6996/907
f 3163/7006/907 1108/5796/907 2991/6639/907 6567/7007/907
f 6567/7007/907 2991/6639/907 1620/6634/907 3164/7008/907
f 3157/6996/907 6567/7007/907 3164/7008/907 1105/6997/907
f 1105/6997/907 3164/7008/907 6568/7009/907 3159/7000/907
f 3164/7008/907 1620/6634/907 2987/6631/907 6568/7009/907
f 6568/7009/907 2987/6631/907 1107/6630/907 3162/7005/907
f 3159/7000/907 6568/7009/907 3162/7005/907 941/7001/907
f 863/6993/907 3155/6992/907 6569/7010/907 3163/7006/907
f 3155/6992/907 1103/6989/907 3165/7011/907 6569/7010/907
f 6569/7010/907 3165/7011/907 1621/5800/907 2626/5797/907
f 3163/7006/907 6569/7010/907 2626/5797/907 1108/5796/907
f 1103/6989/907 3153/6988/907 6570/7012/907 3165/7011/907
f 3153/6988/907 851/6985/907 3166/7013/907 6570/7012/907
f 6570/7012/907 3166/7013/907 1109/5807/907 2630/5805/907
f 3165/7011/907 6570/7012/907 2630/5805/907 1621/5800/907
f 851/6985/907 3151/6984/907 6571/7014/907 3166/7013/907
f 3151/6984/907 1101/6981/907 3167/7015/907 6571/7014/907
f 6571/7014/907 3167/7015/907 1622/5813/907 2633/5811/907
f 3166/7013/907 6571/7014/907 2633/5811/907 1109/5807/907
f 1101/6981/907 3149/6980/907 6572/7016/907 3167/7015/907
f 3149/6980/907 815/6976/907 3168/7017/907 6572/7016/907
f 6572/7016/907 3168/7017/907 1110/5819/907 2636/5817/907
f 3167/7015/907 6572/7016/907 2636/5817/907 1622/5813/907
f 815/6976/907 3147/6974/907 6573/7018/907 3168/7017/907
f 3147/6974/907 1099/6972/907 3169/7019/907 6573/7018/907
f 6573/7018/907 3169/7019/907 1623/5825/907 2639/5823/907
f 3168/7017/907 6573/7018/907 2639/5823/907 1110/5819/907
f 1099/6972/907 3145/6970/907 6574/7020/907 3169/7019/907
f 3145/6970/907 828/6968/907 3170/7021/907 6574/7020/907
f 6574/7020/907 3170/7021/907 1111/5831/907 2642/5829/907
f 3169/7019/907 6574/7020/907 2642/5829/907 1623/5825/907
f 1624/5835/907 2649/5844/907 6575/7022/907 3171/7023/907
f 2649/5844/907 1111/5831/907 3170/7021/907 6575/7022/907
f 6575/7022/907 3170/7021/907 828/6968/907 3143/6966/907
f 3171/7023/907 6575/7022/907 3143/6966/907 1097/6964/907
f 1112/5839/907 2645/5836/907 6576/7024/907 3172/7025/907
f 2645/5836/907 1624/5835/907 3171/7023/907 6576/7024/907
f 6576/7024/907 3171/7023/907 1097/6964/907 3141/6962/907
f 3172/7025/907 6576/7024/907 3141/6962/907 840/6961/907
f 1625/6119/907 2771/6128/907 6577/7026/907 3173/7027/907
f 2771/6128/907 1112/5839/907 3172/7025/907 6577/7026/907
f 6577/7026/907 3172/7025/907 840/6961/907 3139/6960/907
f 3173/7027/907 6577/7026/907 3139/6960/907 1095/6957/907
f 1113/6123/907 2767/6120/907 6578/7028/907 3174/7029/907
f 2767/6120/907 1625/6119/907 3173/7027/907 6578/7028/907
f 6578/7028/907 3173/7027/907 1095/6957/907 3137/6956/907
f 3174/7029/907 6578/7028/907 3137/6956/907 926/6950/907
f 1113/6123/907 3174/7029/907 6579/7030/907 3089/6865/907
f 3174/7029/907 926/6950/907 3136/6953/907 6579/7030/907
f 6579/7030/907 3136/6953/907 899/5850/907 2651/5849/907
f 3089/6865/907 6579/7030/907 2651/5849/907 974/4076/907
f 927/7031/907 3175/7032/907 6580/7033/907 3176/7034/907
f 3175/7032/907 1114/6125/907 3090/6864/907 6580/7033/907
f 6580/7033/907 3090/6864/907 1194/4068/907 1775/4065/907
f 3176/7034/907 6580/7033/907 1775/4065/907 898/4064/907
f 839/7035/907 3177/7036/907 6581/7037/907 3179/7038/907
f 3177/7036/907 1115/5841/907 2772/6130/907 6581/7037/907
f 6581/7037/907 2772/6130/907 1626/6127/907 3178/7039/907
f 3179/7038/907 6581/7037/907 3178/7039/907 1116/7040/907
f 1116/7040/907 3178/7039/907 6582/7041/907 3180/7042/907
f 3178/7039/907 1626/6127/907 2769/6126/907 6582/7041/907
f 6582/7041/907 2769/6126/907 1114/6125/907 3175/7032/907
f 3180/7042/907 6582/7041/907 3175/7032/907 927/7031/907
f 827/7043/907 3181/7044/907 6583/7045/907 3183/7046/907
f 3181/7044/907 1117/5833/907 2650/5846/907 6583/7045/907
f 6583/7045/907 2650/5846/907 1627/5843/907 3182/7047/907
f 3183/7046/907 6583/7045/907 3182/7047/907 1118/7048/907
f 1118/7048/907 3182/7047/907 6584/7049/907 3184/7050/907
f 3182/7047/907 1627/5843/907 2647/5842/907 6584/7049/907
f 6584/7049/907 2647/5842/907 1115/5841/907 3177/7036/907
f 3184/7050/907 6584/7049/907 3177/7036/907 839/7035/907
f 1628/5827/907 2644/5834/907 6585/7051/907 3186/7052/907
f 2644/5834/907 1117/5833/907 3181/7044/907 6585/7051/907
f 6585/7051/907 3181/7044/907 827/7043/907 3185/7053/907
f 3186/7052/907 6585/7051/907 3185/7053/907 1119/7054/907
f 1120/5821/907 2641/5828/907 6586/7055/907 3188/7056/907
f 2641/5828/907 1628/5827/907 3186/7052/907 6586/7055/907
f 6586/7055/907 3186/7052/907 1119/7054/907 3187/7057/907
f 3188/7056/907 6586/7055/907 3187/7057/907 816/7058/907
f 1629/5815/907 2638/5822/907 6587/7059/907 3190/7060/907
f 2638/5822/907 1120/5821/907 3188/7056/907 6587/7059/907
f 6587/7059/907 3188/7056/907 816/7058/907 3189/7061/907
f 3190/7060/907 6587/7059/907 3189/7061/907 1121/7062/907
f 1122/5809/907 2635/5816/907 6588/7063/907 3192/7064/907
f 2635/5816/907 1629/5815/907 3190/7060/907 6588/7063/907
f 6588/7063/907 3190/7060/907 1121/7062/907 3191/7065/907
f 3192/7064/907 6588/7063/907 3191/7065/907 852/7066/907
f 1630/5802/907 2632/5810/907 6589/7067/907 3194/7068/907
f 2632/5810/907 1122/5809/907 3192/7064/907 6589/7067/907
f 6589/7067/907 3192/7064/907 852/7066/907 3193/7069/907
f 3194/7068/907 6589/7067/907 3193/7069/907 1123/7070/907
f 1124/5804/907 2628/5803/907 6590/7071/907 3196/7072/907
f 2628/5803/907 1630/5802/907 3194/7068/907 6590/7071/907
f 6590/7071/907 3194/7068/907 1123/7070/907 3195/7073/907
f 3196/7072/907 6590/7071/907 3195/7073/907 864/7074/907
f 1631/6636/907 2992/6641/907 6591/7075/907 3198/7076/907
f 2992/6641/907 1124/5804/907 3196/7072/907 6591/7075/907
f 6591/7075/907 3196/7072/907 864/7074/907 3197/7077/907
f 3198/7076/907 6591/7075/907 3197/7077/907 1125/7078/907
f 1126/6638/907 2989/6637/907 6592/7079/907 3200/7080/907
f 2989/6637/907 1631/6636/907 3198/7076/907 6592/7079/907
f 6592/7079/907 3198/7076/907 1125/7078/907 3199/7081/907
f 3200/7080/907 6592/7079/907 3199/7081/907 940/7082/907
f 1126/6638/907 3200/7080/907 6593/7083/907 3119/6920/907
f 3200/7080/907 940/7082/907 3201/7084/907 6593/7083/907
f 6593/7083/907 3201/7084/907 913/3686/907 4933/3685/907
f 3119/6920/907 6593/7083/907 4933/3685/907 1154/3684/907
f 913/3686/907 3201/7084/907 6594/7085/907 3059/6789/907
f 3201/7084/907 940/7082/907 3202/7086/907 6594/7085/907
f 6594/7085/907 3202/7086/907 1127/6642/907 3118/6919/907
f 3059/6789/907 6594/7085/907 3118/6919/907 1086/3611/907
f 864/7074/907 3203/7087/907 6595/7088/907 3197/7077/907
f 3203/7087/907 1128/4638/907 2997/6651/907 6595/7088/907
f 6595/7088/907 2997/6651/907 1632/6646/907 3204/7089/907
f 3197/7077/907 6595/7088/907 3204/7089/907 1125/7078/907
f 1125/7078/907 3204/7089/907 6596/7090/907 3199/7081/907
f 3204/7089/907 1632/6646/907 2993/6643/907 6596/7090/907
f 6596/7090/907 2993/6643/907 1127/6642/907 3202/7086/907
f 3199/7081/907 6596/7090/907 3202/7086/907 940/7082/907
f 852/7066/907 3205/7091/907 6597/7092/907 3193/7069/907
f 3205/7091/907 1129/4508/907 2061/4647/907 6597/7092/907
f 6597/7092/907 2061/4647/907 1633/4642/907 3206/7093/907
f 3193/7069/907 6597/7092/907 3206/7093/907 1123/7070/907
f 1123/7070/907 3206/7093/907 6598/7094/907 3195/7073/907
f 3206/7093/907 1633/4642/907 2057/4639/907 6598/7094/907
f 6598/7094/907 2057/4639/907 1128/4638/907 3203/7087/907
f 3195/7073/907 6598/7094/907 3203/7087/907 864/7074/907
f 816/7058/907 3207/7095/907 6599/7096/907 3189/7061/907
f 3207/7095/907 1130/4241/907 1996/4517/907 6599/7096/907
f 6599/7096/907 1996/4517/907 1634/4512/907 3208/7097/907
f 3189/7061/907 6599/7096/907 3208/7097/907 1121/7062/907
f 1121/7062/907 3208/7097/907 6600/7098/907 3191/7065/907
f 3208/7097/907 1634/4512/907 1992/4509/907 6600/7098/907
f 6600/7098/907 1992/4509/907 1129/4508/907 3205/7091/907
f 3191/7065/907 6600/7098/907 3205/7091/907 852/7066/907
f 1635/4234/907 1860/4242/907 6601/7099/907 3209/7100/907
f 1860/4242/907 1130/4241/907 3207/7095/907 6601/7099/907
f 6601/7099/907 3207/7095/907 816/7058/907 3187/7057/907
f 3209/7100/907 6601/7099/907 3187/7057/907 1119/7054/907
f 1131/4236/907 1856/4235/907 6602/7101/907 3210/7102/907
f 1856/4235/907 1635/4234/907 3209/7100/907 6602/7101/907
f 6602/7101/907 3209/7100/907 1119/7054/907 3185/7053/907
f 3210/7102/907 6602/7101/907 3185/7053/907 827/7043/907
f 1636/4376/907 1928/4381/907 6603/7103/907 3211/7104/907
f 1928/4381/907 1131/4236/907 3210/7102/907 6603/7103/907
f 6603/7103/907 3210/7102/907 827/7043/907 3183/7046/907
f 3211/7104/907 6603/7103/907 3183/7046/907 1118/7048/907
f 1132/4378/907 1925/4377/907 6604/7105/907 3212/7106/907
f 1925/4377/907 1636/4376/907 3211/7104/907 6604/7105/907
f 6604/7105/907 3211/7104/907 1118/7048/907 3184/7050/907
f 3212/7106/907 6604/7105/907 3184/7050/907 839/7035/907
f 927/7031/907 3213/7107/907 6605/7108/907 3180/7042/907
f 3213/7107/907 1133/6115/907 2764/6113/907 6605/7108/907
f 6605/7108/907 2764/6113/907 1637/6110/907 3214/7109/907
f 3180/7042/907 6605/7108/907 3214/7109/907 1116/7040/907
f 1116/7040/907 3214/7109/907 6606/7110/907 3179/7038/907
f 3214/7109/907 1637/6110/907 2761/6109/907 6606/7110/907
f 6606/7110/907 2761/6109/907 1132/4378/907 3212/7106/907
f 3179/7038/907 6606/7110/907 3212/7106/907 839/7035/907
f 1133/6115/907 3213/7107/907 6607/7111/907 3091/6868/907
f 3213/7107/907 927/7031/907 3176/7034/907 6607/7111/907
f 6607/7111/907 3176/7034/907 898/4064/907 3061/6795/907
f 3091/6868/907 6607/7111/907 3061/6795/907 1087/4096/907
f 1662/7112/4760 3215/7113/4761 6608/7114/4762 3218/7115/4763
f 3215/7113/4761 1663/7116/4764 3216/7117/4765 6608/7114/4762
f 6608/7114/4762 3216/7117/4765 1664/7118/879 3217/7119/4766
f 3218/7115/4763 6608/7114/4762 3217/7119/4766 1665/7120/4767
f 1663/7116/4764 3219/7121/4768 6609/7122/4769 3216/7117/4765
f 3219/7121/4768 1666/7123/4770 3220/7124/4771 6609/7122/4769
f 6609/7122/4769 3220/7124/4771 1667/7125/4772 3221/7126/4773
f 3216/7117/4765 6609/7122/4769 3221/7126/4773 1664/7118/879
f 1664/7118/879 3221/7126/4773 6610/7127/4774 3224/7128/4775
f 3221/7126/4773 1667/7125/4772 3222/7129/4776 6610/7127/4774
f 6610/7127/4774 3222/7129/4776 1668/7130/4777 3223/7131/4778
f 3224/7128/4775 6610/7127/4774 3223/7131/4778 1669/7132/4779
f 1665/7120/4767 3217/7119/4766 6611/7133/4780 3226/7134/4781
f 3217/7119/4766 1664/7118/879 3224/7128/4775 6611/7133/4780
f 6611/7133/4780 3224/7128/4775 1669/7132/4779 3225/7135/4782
f 3226/7134/4781 6611/7133/4780 3225/7135/4782 1670/7136/4783
f 1640/7137/4784 3227/7138/4785 6612/7139/4786 3230/7140/4787
f 3227/7138/4785 1647/7141/4788 3228/7142/4789 6612/7139/4786
f 6612/7139/4786 3228/7142/4789 1661/7143/4790 3229/7144/4791
f 3230/7140/4787 6612/7139/4786 3229/7144/4791 1654/7145/4792
f 1647/7141/4788 3231/7146/4793 6613/7147/4794 3228/7142/4789
f 3231/7146/4793 1641/7148/4795 3232/7149/4796 6613/7147/4794
f 6613/7147/4794 3232/7149/4796 1660/7150/4797 3233/7151/4798
f 3228/7142/4789 6613/7147/4794 3233/7151/4798 1661/7143/4790
f 1657/7152/4799 3234/7153/4800 6614/7154/4801 3237/7155/4802
f 3234/7153/4800 1658/7156/4803 3235/7157/4804 6614/7154/4801
f 6614/7154/4801 3235/7157/4804 1639/7158/4805 3236/7159/4806
f 3237/7155/4802 6614/7154/4801 3236/7159/4806 1645/7160/4807
f 1656/7161/4808 3238/7162/4809 6615/7163/4810 3240/7164/4811
f 3238/7162/4809 1657/7152/4799 3237/7155/4802 6615/7163/4810
f 6615/7163/4810 3237/7155/4802 1645/7160/4807 3239/7165/4812
f 3240/7164/4811 6615/7163/4810 3239/7165/4812 1638/7166/4813
f 1639/7158/4805 3235/7157/4804 6616/7167/4814 3243/7168/4815
f 3235/7157/4804 1658/7156/4803 3241/7169/4816 6616/7167/4814
f 6616/7167/4814 3241/7169/4816 1659/7170/4817 3242/7171/4818
f 3243/7168/4815 6616/7167/4814 3242/7171/4818 1646/7172/4819
f 1646/7172/4819 3242/7171/4818 6617/7173/4820 3245/7174/4821
f 3242/7171/4818 1659/7170/4817 3244/7175/4822 6617/7173/4820
f 6617/7173/4820 3244/7175/4822 1660/7150/4797 3232/7149/4796
f 3245/7174/4821 6617/7173/4820 3232/7149/4796 1641/7148/4795
f 1655/7176/4823 3246/7177/4824 6618/7178/4825 3248/7179/4826
f 3246/7177/4824 1656/7161/4808 3240/7164/4811 6618/7178/4825
f 6618/7178/4825 3240/7164/4811 1638/7166/4813 3247/7180/4827
f 3248/7179/4826 6618/7178/4825 3247/7180/4827 1648/7181/4828
f 1654/7145/4792 3249/7182/4829 6619/7183/4830 3230/7140/4787
f 3249/7182/4829 1655/7176/4823 3248/7179/4826 6619/7183/4830
f 6619/7183/4830 3248/7179/4826 1648/7181/4828 3250/7184/4831
f 3230/7140/4787 6619/7183/4830 3250/7184/4831 1640/7137/4784
f 1653/7185/4832 3251/7186/4832 6620/7187/4833 3253/7188/4834
f 3251/7186/4832 1655/7176/4823 3249/7182/4829 6620/7187/4833
f 6620/7187/4833 3249/7182/4829 1654/7145/4792 3252/7189/4835
f 3253/7188/4834 6620/7187/4833 3252/7189/4835 1642/7190/4835
f 1644/7191/4836 3254/7192/4836 6621/7193/4837 3255/7194/4838
f 3254/7192/4836 1656/7161/4808 3246/7177/4824 6621/7193/4837
f 6621/7193/4837 3246/7177/4824 1655/7176/4823 3251/7186/4832
f 3255/7194/4838 6621/7193/4837 3251/7186/4832 1653/7185/4832
f 1644/7191/4836 3256/7195/4839 6622/7196/4840 3254/7192/4836
f 3256/7195/4839 1651/7197/4841 3257/7198/4841 6622/7196/4840
f 6622/7196/4840 3257/7198/4841 1657/7152/4799 3238/7162/4809
f 3254/7192/4836 6622/7196/4840 3238/7162/4809 1656/7161/4808
f 1651/7197/4841 3258/7199/4842 6623/7200/4843 3257/7198/4841
f 3258/7199/4842 1643/7201/4844 3259/7202/4844 6623/7200/4843
f 6623/7200/4843 3259/7202/4844 1658/7156/4803 3234/7153/4800
f 3257/7198/4841 6623/7200/4843 3234/7153/4800 1657/7152/4799
f 1659/7170/4817 3241/7169/4816 6624/7203/4845 3261/7204/4846
f 3241/7169/4816 1658/7156/4803 3259/7202/4844 6624/7203/4845
f 6624/7203/4845 3259/7202/4844 1643/7201/4844 3260/7205/4847
f 3261/7204/4846 6624/7203/4845 3260/7205/4847 1652/7206/4846
f 1660/7150/4797 3244/7175/4822 6625/7207/4848 3263/7208/4849
f 3244/7175/4822 1659/7170/4817 3261/7204/4846 6625/7207/4848
f 6625/7207/4848 3261/7204/4846 1652/7206/4846 3262/7209/4850
f 3263/7208/4849 6625/7207/4848 3262/7209/4850 1649/7210/4849
f 1661/7143/4790 3233/7151/4798 6626/7211/4851 3265/7212/4852
f 3233/7151/4798 1660/7150/4797 3263/7208/4849 6626/7211/4851
f 6626/7211/4851 3263/7208/4849 1649/7210/4849 3264/7213/4853
f 3265/7212/4852 6626/7211/4851 3264/7213/4853 1650/7214/4852
f 1654/7145/4792 3229/7144/4791 6627/7215/4854 3252/7189/4835
f 3229/7144/4791 1661/7143/4790 3265/7212/4852 6627/7215/4854
f 6627/7215/4854 3265/7212/4852 1650/7214/4852 3266/7216/4855
f 3252/7189/4835 6627/7215/4854 3266/7216/4855 1642/7190/4835
f 1638/7166/4813 3239/7165/4812 6628/7217/4856 3268/7218/4857
f 3239/7165/4812 1645/7160/4807 3267/7219/4858 6628/7217/4856
f 6628/7217/4856 3267/7219/4858 1663/7116/4764 3215/7113/4761
f 3268/7218/4857 6628/7217/4856 3215/7113/4761 1662/7112/4760
f 1648/7181/4828 3247/7180/4827 6629/7220/4859 3269/7221/4860
f 3247/7180/4827 1638/7166/4813 3268/7218/4857 6629/7220/4859
f 6629/7220/4859 3268/7218/4857 1662/7112/4760 3218/7115/4763
f 3269/7221/4860 6629/7220/4859 3218/7115/4763 1665/7120/4767
f 1645/7160/4807 3236/7159/4806 6630/7222/4861 3267/7219/4858
f 3236/7159/4806 1639/7158/4805 3270/7223/4862 6630/7222/4861
f 6630/7222/4861 3270/7223/4862 1666/7123/4770 3219/7121/4768
f 3267/7219/4858 6630/7222/4861 3219/7121/4768 1663/7116/4764
f 1639/7158/4805 3243/7168/4815 6631/7224/4863 3270/7223/4862
f 3243/7168/4815 1646/7172/4819 3271/7225/4864 6631/7224/4863
f 6631/7224/4863 3271/7225/4864 1667/7125/4772 3220/7124/4771
f 3270/7223/4862 6631/7224/4863 3220/7124/4771 1666/7123/4770
f 1646/7172/4819 3245/7174/4821 6632/7226/4865 3271/7225/4864
f 3245/7174/4821 1641/7148/4795 3272/7227/4866 6632/7226/4865
f 6632/7226/4865 3272/7227/4866 1668/7130/4777 3222/7129/4776
f 3271/7225/4864 6632/7226/4865 3222/7129/4776 1667/7125/4772
f 1641/7148/4795 3231/7146/4793 6633/7228/4867 3272/7227/4866
f 3231/7146/4793 1647/7141/4788 3273/7229/4868 6633/7228/4867
f 6633/7228/4867 3273/7229/4868 1669/7132/4779 3223/7131/4778
f 3272/7227/4866 6633/7228/4867 3223/7131/4778 1668/7130/4777
f 1647/7141/4788 3227/7138/4785 6634/7230/4869 3273/7229/4868
f 3227/7138/4785 1640/7137/4784 3274/7231/4870 6634/7230/4869
f 6634/7230/4869 3274/7231/4870 1670/7136/4783 3225/7135/4782
f 3273/7229/4868 6634/7230/4869 3225/7135/4782 1669/7132/4779
f 1640/7137/4784 3250/7184/4831 6635/7232/4871 3274/7231/4870
f 3250/7184/4831 1648/7181/4828 3269/7221/4860 6635/7232/4871
f 6635/7232/4871 3269/7221/4860 1665/7120/4767 3226/7134/4781
f 3274/7231/4870 6635/7232/4871 3226/7134/4781 1670/7136/4783
f 1695/7233/4872 3275/7234/4873 6636/7235/4874 3278/7236/4875
f 3275/7234/4873 1696/7237/4876 3276/7238/4877 6636/7235/4874
f 6636/7235/4874 3276/7238/4877 1697/7239/1071 3277/7240/4878
f 3278/7236/4875 6636/7235/4874 3277/7240/4878 1698/7241/4879
f 1696/7237/4876 3279/7242/4880 6637/7243/4881 3276/7238/4877
f 3279/7242/4880 1699/7244/4882 3280/7245/4883 6637/7243/4881
f 6637/7243/4881 3280/7245/4883 1700/7246/4884 3281/7247/4885
f 3276/7238/4877 6637/7243/4881 3281/7247/4885 1697/7239/1071
f 1697/7239/1071 3281/7247/4885 6638/7248/4886 3284/7249/4887
f 3281/7247/4885 1700/7246/4884 3282/7250/4888 6638/7248/4886
f 6638/7248/4886 3282/7250/4888 1701/7251/4889 3283/7252/4890
f 3284/7249/4887 6638/7248/4886 3283/7252/4890 1702/7253/4891
f 1698/7241/4879 3277/7240/4878 6639/7254/4892 3286/7255/4893
f 3277/7240/4878 1697/7239/1071 3284/7249/4887 6639/7254/4892
f 6639/7254/4892 3284/7249/4887 1702/7253/4891 3285/7256/4894
f 3286/7255/4893 6639/7254/4892 3285/7256/4894 1703/7257/4895
f 1673/7258/4896 3287/7259/4897 6640/7260/4898 3290/7261/4899
f 3287/7259/4897 1680/7262/4900 3288/7263/4901 6640/7260/4898
f 6640/7260/4898 3288/7263/4901 1694/7264/4902 3289/7265/4903
f 3290/7261/4899 6640/7260/4898 3289/7265/4903 1687/7266/4904
f 1680/7262/4900 3291/7267/4905 6641/7268/4906 3288/7263/4901
f 3291/7267/4905 1674/7269/4907 3292/7270/4908 6641/7268/4906
f 6641/7268/4906 3292/7270/4908 1693/7271/4909 3293/7272/4910
f 3288/7263/4901 6641/7268/4906 3293/7272/4910 1694/7264/4902
f 1690/7273/4911 3294/7274/4912 6642/7275/4913 3297/7276/4914
f 3294/7274/4912 1691/7277/4915 3295/7278/4916 6642/7275/4913
f 6642/7275/4913 3295/7278/4916 1672/7279/4917 3296/7280/4918
f 3297/7276/4914 6642/7275/4913 3296/7280/4918 1678/7281/4919
f 1689/7282/4920 3298/7283/4921 6643/7284/4922 3300/7285/4923
f 3298/7283/4921 1690/7273/4911 3297/7276/4914 6643/7284/4922
f 6643/7284/4922 3297/7276/4914 1678/7281/4919 3299/7286/4924
f 3300/7285/4923 6643/7284/4922 3299/7286/4924 1671/7287/4925
f 1672/7279/4917 3295/7278/4916 6644/7288/4926 3303/7289/4927
f 3295/7278/4916 1691/7277/4915 3301/7290/4928 6644/7288/4926
f 6644/7288/4926 3301/7290/4928 1692/7291/4929 3302/7292/4930
f 3303/7289/4927 6644/7288/4926 3302/7292/4930 1679/7293/4931
f 1679/7293/4931 3302/7292/4930 6645/7294/4932 3305/7295/4933
f 3302/7292/4930 1692/7291/4929 3304/7296/4934 6645/7294/4932
f 6645/7294/4932 3304/7296/4934 1693/7271/4909 3292/7270/4908
f 3305/7295/4933 6645/7294/4932 3292/7270/4908 1674/7269/4907
f 1688/7297/4935 3306/7298/4936 6646/7299/4937 3308/7300/4938
f 3306/7298/4936 1689/7282/4920 3300/7285/4923 6646/7299/4937
f 6646/7299/4937 3300/7285/4923 1671/7287/4925 3307/7301/4939
f 3308/7300/4938 6646/7299/4937 3307/7301/4939 1681/7302/4940
f 1687/7266/4904 3309/7303/4941 6647/7304/4942 3290/7261/4899
f 3309/7303/4941 1688/7297/4935 3308/7300/4938 6647/7304/4942
f 6647/7304/4942 3308/7300/4938 1681/7302/4940 3310/7305/4943
f 3290/7261/4899 6647/7304/4942 3310/7305/4943 1673/7258/4896
f 1686/7306/4944 3311/7307/4944 6648/7308/4945 3313/7309/4946
f 3311/7307/4944 1688/7297/4935 3309/7303/4941 6648/7308/4945
f 6648/7308/4945 3309/7303/4941 1687/7266/4904 3312/7310/4947
f 3313/7309/4946 6648/7308/4945 3312/7310/4947 1675/7311/4947
f 1677/7312/4948 3314/7313/4948 6649/7314/4949 3315/7315/4950
f 3314/7313/4948 1689/7282/4920 3306/7298/4936 6649/7314/4949
f 6649/7314/4949 3306/7298/4936 1688/7297/4935 3311/7307/4944
f 3315/7315/4950 6649/7314/4949 3311/7307/4944 1686/7306/4944
f 1677/7312/4948 3316/7316/4951 6650/7317/4952 3314/7313/4948
f 3316/7316/4951 1684/7318/4953 3317/7319/4954 6650/7317/4952
f 6650/7317/4952 3317/7319/4954 1690/7273/4911 3298/7283/4921
f 3314/7313/4948 6650/7317/4952 3298/7283/4921 1689/7282/4920
f 1684/7318/4953 3318/7320/4955 6651/7321/4956 3317/7319/4954
f 3318/7320/4955 1676/7322/4957 3319/7323/4957 6651/7321/4956
f 6651/7321/4956 3319/7323/4957 1691/7277/4915 3294/7274/4912
f 3317/7319/4954 6651/7321/4956 3294/7274/4912 1690/7273/4911
f 1692/7291/4929 3301/7290/4928 6652/7324/4958 3321/7325/4959
f 3301/7290/4928 1691/7277/4915 3319/7323/4957 6652/7324/4958
f 6652/7324/4958 3319/7323/4957 1676/7322/4957 3320/7326/4960
f 3321/7325/4959 6652/7324/4958 3320/7326/4960 1685/7327/4959
f 1693/7271/4909 3304/7296/4934 6653/7328/4961 3323/7329/4962
f 3304/7296/4934 1692/7291/4929 3321/7325/4959 6653/7328/4961
f 6653/7328/4961 3321/7325/4959 1685/7327/4959 3322/7330/4963
f 3323/7329/4962 6653/7328/4961 3322/7330/4963 1682/7331/4962
f 1694/7264/4902 3293/7272/4910 6654/7332/4964 3325/7333/4965
f 3293/7272/4910 1693/7271/4909 3323/7329/4962 6654/7332/4964
f 6654/7332/4964 3323/7329/4962 1682/7331/4962 3324/7334/4966
f 3325/7333/4965 6654/7332/4964 3324/7334/4966 1683/7335/4967
f 1687/7266/4904 3289/7265/4903 6655/7336/4968 3312/7310/4947
f 3289/7265/4903 1694/7264/4902 3325/7333/4965 6655/7336/4968
f 6655/7336/4968 3325/7333/4965 1683/7335/4967 3326/7337/4969
f 3312/7310/4947 6655/7336/4968 3326/7337/4969 1675/7311/4947
f 1671/7287/4925 3299/7286/4924 6656/7338/4970 3328/7339/4971
f 3299/7286/4924 1678/7281/4919 3327/7340/4972 6656/7338/4970
f 6656/7338/4970 3327/7340/4972 1696/7237/4876 3275/7234/4873
f 3328/7339/4971 6656/7338/4970 3275/7234/4873 1695/7233/4872
f 1681/7302/4940 3307/7301/4939 6657/7341/4973 3329/7342/4974
f 3307/7301/4939 1671/7287/4925 3328/7339/4971 6657/7341/4973
f 6657/7341/4973 3328/7339/4971 1695/7233/4872 3278/7236/4875
f 3329/7342/4974 6657/7341/4973 3278/7236/4875 1698/7241/4879
f 1678/7281/4919 3296/7280/4918 6658/7343/4975 3327/7340/4972
f 3296/7280/4918 1672/7279/4917 3330/7344/4976 6658/7343/4975
f 6658/7343/4975 3330/7344/4976 1699/7244/4882 3279/7242/4880
f 3327/7340/4972 6658/7343/4975 3279/7242/4880 1696/7237/4876
f 1672/7279/4917 3303/7289/4927 6659/7345/4977 3330/7344/4976
f 3303/7289/4927 1679/7293/4931 3331/7346/4978 6659/7345/4977
f 6659/7345/4977 3331/7346/4978 1700/7246/4884 3280/7245/4883
f 3330/7344/4976 6659/7345/4977 3280/7245/4883 1699/7244/4882
f 1679/7293/4931 3305/7295/4933 6660/7347/4979 3331/7346/4978
f 3305/7295/4933 1674/7269/4907 3332/7348/4980 6660/7347/4979
f 6660/7347/4979 3332/7348/4980 1701/7251/4889 3282/7250/4888
f 3331/7346/4978 6660/7347/4979 3282/7250/4888 1700/7246/4884
f 1674/7269/4907 3291/7267/4905 6661/7349/4981 3332/7348/4980
f 3291/7267/4905 1680/7262/4900 3333/7350/4982 6661/7349/4981
f 6661/7349/4981 3333/7350/4982 1702/7253/4891 3283/7252/4890
f 3332/7348/4980 6661/7349/4981 3283/7252/4890 1701/7251/4889
f 1680/7262/4900 3287/7259/4897 6662/7351/4983 3333/7350/4982
f 3287/7259/4897 1673/7258/4896 3334/7352/4984 6662/7351/4983
f 6662/7351/4983 3334/7352/4984 1703/7257/4895 3285/7256/4894
f 3333/7350/4982 6662/7351/4983 3285/7256/4894 1702/7253/4891
f 1673/7258/4896 3310/7305/4943 6663/7353/4985 3334/7352/4984
f 3310/7305/4943 1681/7302/4940 3329/7342/4974 6663/7353/4985
f 6663/7353/4985 3329/7342/4974 1698/7241/4879 3286/7255/4893
f 3334/7352/4984 6663/7353/4985 3286/7255/4893 1703/7257/4895
o taser_trigger
v 0.000413 0.001722 -0.004136
v 0.000664 0.001640 -0.005384
v 0.000431 0.006083 -0.004233
v 0.000683 0.006083 -0.005704
v -0.001231 0.006083 -0.004233
v -0.001483 0.006083 -0.005704
v -0.001213 0.001722 -0.004136
v -0.001464 0.001640 -0.005384
v 0.000431 0.003764 -0.004836
v -0.001231 0.003764 -0.004836
v -0.001483 0.003650 -0.006230
v 0.000683 0.003650 -0.006230
v -0.001231 0.004918 -0.004687
v 0.000431 0.004918 -0.004687
v 0.000683 0.004861 -0.006119
v -0.001483 0.004861 -0.006119
v 0.000431 0.002676 -0.004578
v -0.001231 0.002676 -0.004578
v -0.001483 0.002504 -0.005934
v 0.000683 0.002504 -0.005934
v 0.000300 0.001656 -0.004267
v 0.000553 0.001628 -0.005408
v 0.000533 0.002497 -0.005953
v 0.000281 0.002610 -0.004762
v -0.001081 0.002610 -0.004762
v -0.001333 0.002497 -0.005953
v -0.001353 0.001628 -0.005408
v -0.001100 0.001656 -0.004267
v -0.001081 0.004956 -0.004876
v 0.000281 0.004956 -0.004876
v 0.000281 0.006083 -0.004412
v -0.001081 0.006083 -0.004412
v -0.001333 0.006083 -0.005722
v -0.001333 0.004865 -0.006139
v 0.000533 0.004865 -0.006139
v 0.000533 0.006083 -0.005722
v 0.000281 0.003754 -0.005031
v -0.001081 0.003754 -0.005031
v 0.000533 0.003649 -0.006250
v -0.001333 0.003649 -0.006250
v 0.000683 0.001661 -0.004512
v 0.000708 0.002626 -0.004969
v 0.000708 0.003731 -0.005238
v 0.000708 0.004901 -0.005100
v 0.000708 0.006083 -0.004657
v 0.000508 0.006083 -0.004790
v 0.000508 0.004930 -0.005240
v 0.000508 0.003723 -0.005382
v 0.000508 0.002578 -0.005105
v 0.000533 0.001612 -0.004609
v -0.001483 0.001661 -0.004512
v -0.001508 0.002626 -0.004969
v -0.001508 0.003731 -0.005238
v -0.001508 0.004901 -0.005100
v -0.001508 0.006083 -0.004657
v -0.001308 0.006083 -0.004790
v -0.001308 0.004930 -0.005240
v -0.001308 0.003723 -0.005382
v -0.001308 0.002578 -0.005105
v -0.001333 0.001612 -0.004609
v -0.001231 0.004336 -0.004810
v 0.000708 0.003754 -0.004957
v 0.000708 0.004311 -0.005217
v -0.001508 0.004311 -0.005217
v -0.001483 0.004250 -0.006223
v -0.001508 0.003689 -0.005754
v 0.000431 0.003215 -0.004753
v -0.001231 0.003215 -0.004753
v -0.001508 0.003173 -0.005149
v -0.001483 0.003072 -0.006128
v 0.000708 0.003173 -0.005149
v 0.000356 0.001553 -0.004129
v 0.000608 0.001499 -0.004487
v 0.000608 0.001508 -0.005447
v 0.000533 0.001929 -0.005685
v 0.000608 0.002485 -0.006089
v 0.000683 0.001937 -0.005666
v -0.001408 0.002485 -0.006089
v -0.001408 0.001508 -0.005447
v -0.001408 0.001499 -0.004487
v -0.001156 0.001553 -0.004129
v -0.001408 0.006083 -0.005871
v -0.001408 0.004854 -0.006282
v 0.000608 0.004854 -0.006282
v 0.000533 0.005474 -0.005951
v 0.000608 0.006083 -0.005871
v 0.000683 0.005472 -0.005932
v 0.000608 0.003637 -0.006389
v 0.000533 0.004252 -0.006243
v 0.000683 0.004250 -0.006223
v -0.001408 0.003637 -0.006389
v 0.000533 0.003067 -0.006148
v 0.000683 0.003072 -0.006128
v 0.000683 0.001582 -0.004995
v 0.000708 0.002563 -0.005472
v 0.000708 0.003689 -0.005754
v 0.000708 0.004880 -0.005631
v 0.000708 0.006083 -0.005202
v 0.000508 0.006083 -0.005275
v 0.000508 0.004896 -0.005708
v 0.000508 0.003685 -0.005834
v 0.000508 0.002536 -0.005547
v 0.000533 0.001555 -0.005048
v -0.001508 0.002661 -0.004697
v -0.001483 0.001703 -0.004250
v -0.001508 0.003754 -0.004957
v -0.001508 0.004913 -0.004812
v -0.001508 0.006083 -0.004361
v -0.001308 0.004948 -0.004986
v -0.001308 0.006083 -0.004527
v -0.001308 0.003745 -0.005137
v -0.001308 0.002600 -0.004866
v -0.001333 0.001642 -0.004370
v 0.000281 0.002056 -0.004507
v 0.000508 0.002600 -0.004866
v 0.000508 0.002019 -0.004846
v 0.000533 0.001642 -0.004370
v -0.001308 0.002019 -0.004846
v -0.001333 0.001555 -0.005048
v -0.001333 0.001929 -0.005685
v -0.001308 0.002536 -0.005547
v -0.001081 0.002056 -0.004507
v -0.000400 0.002613 -0.004727
v -0.000400 0.001660 -0.004232
v -0.001081 0.005527 -0.004665
v -0.000400 0.006083 -0.004374
v 0.000281 0.005527 -0.004665
v -0.000400 0.004959 -0.004840
v -0.001308 0.005511 -0.005036
v -0.001308 0.004896 -0.005708
v -0.001333 0.005474 -0.005951
v -0.001308 0.006083 -0.005275
v 0.000508 0.006083 -0.004527
v 0.000508 0.005511 -0.005036
v 0.000508 0.004948 -0.004986
v -0.001081 0.004356 -0.005003
v 0.000281 0.004356 -0.005003
v -0.000400 0.003757 -0.004996
v 0.000508 0.004326 -0.005361
v 0.000508 0.003745 -0.005137
v -0.001308 0.004326 -0.005361
v -0.001308 0.003685 -0.005834
v -0.001333 0.004252 -0.006243
v -0.001081 0.003174 -0.004944
v 0.000281 0.003174 -0.004944
v -0.001308 0.003143 -0.005291
v -0.001333 0.003067 -0.006148
v 0.000508 0.003143 -0.005291
v 0.000683 0.001703 -0.004250
v 0.000708 0.002079 -0.004715
v 0.000708 0.002661 -0.004697
v 0.000431 0.002137 -0.004329
v -0.001508 0.002079 -0.004715
v -0.001508 0.002563 -0.005472
v -0.001483 0.001937 -0.005666
v -0.001483 0.001582 -0.004995
v -0.000400 0.001728 -0.004098
v -0.000400 0.002681 -0.004539
v -0.001231 0.002137 -0.004329
v -0.000400 0.004920 -0.004645
v 0.000431 0.005500 -0.004481
v -0.000400 0.006083 -0.004190
v -0.001231 0.005500 -0.004481
v -0.001508 0.005492 -0.004899
v -0.001508 0.006083 -0.005202
v -0.001483 0.005472 -0.005932
v -0.001508 0.004880 -0.005631
v 0.000708 0.004913 -0.004812
v 0.000708 0.005492 -0.004899
v 0.000708 0.006083 -0.004361
v -0.000400 0.003768 -0.004795
v 0.000431 0.004336 -0.004810
v 0.000508 0.002045 -0.004610
v -0.001308 0.001972 -0.005283
v -0.000400 0.002060 -0.004473
v -0.000400 0.005528 -0.004628
v -0.001308 0.005492 -0.005512
v 0.000508 0.005522 -0.004778
v -0.000400 0.004360 -0.004967
v 0.000508 0.004347 -0.005112
v -0.001308 0.004288 -0.005820
v -0.000400 0.003177 -0.004909
v -0.001308 0.003104 -0.005737
v 0.000508 0.003164 -0.005049
v 0.000708 0.002120 -0.004446
v -0.001508 0.002005 -0.005210
v -0.000400 0.002143 -0.004290
v -0.000400 0.005501 -0.004439
v -0.001508 0.005481 -0.005437
v 0.000708 0.005498 -0.004608
v -0.000400 0.004338 -0.004768
v 0.000708 0.004328 -0.004933
v -0.001508 0.004279 -0.005741
v -0.000400 0.003219 -0.004713
v -0.001508 0.003120 -0.005659
v 0.000708 0.003202 -0.004873
v 0.000608 0.001536 -0.004238
v 0.000608 0.001914 -0.005819
v -0.001408 0.001914 -0.005819
v -0.001408 0.001429 -0.004947
v -0.000400 0.001558 -0.004093
v -0.001408 0.005468 -0.006098
v 0.000608 0.005468 -0.006098
v 0.000608 0.004240 -0.006384
v -0.001408 0.004240 -0.006384
v -0.001408 0.003055 -0.006285
v 0.000608 0.003055 -0.006285
v 0.000708 0.002005 -0.005210
v 0.000708 0.003120 -0.005659
v 0.000708 0.004279 -0.005741
v 0.000708 0.005481 -0.005437
v 0.000508 0.005492 -0.005512
v 0.000508 0.004288 -0.005820
v 0.000508 0.003104 -0.005737
v 0.000508 0.001972 -0.005283
v 0.000608 0.001429 -0.004947
v -0.001508 0.002120 -0.004446
v -0.001508 0.003202 -0.004873
v -0.001508 0.004328 -0.004933
v -0.001508 0.005498 -0.004608
v -0.001308 0.005522 -0.004778
v -0.001308 0.004347 -0.005112
v -0.001308 0.003164 -0.005049
v -0.001308 0.002045 -0.004610
v -0.001408 0.001536 -0.004238
vn -0.1189 -0.6303 -0.7672
vn -0.1333 -0.4602 -0.8778
vn -0.7975 -0.2979 -0.5247
vn -0.6874 -0.5605 -0.4619
vn -0.1463 -0.3601 -0.9214
vn -0.8332 -0.2010 -0.5152
vn -1.0000 -0.0000 -0.0000
vn -0.9996 -0.0263 0.0031
vn -0.9821 -0.1866 0.0253
vn 1.0000 -0.0000 -0.0000
vn 0.9996 -0.0263 0.0031
vn 0.9990 -0.0377 -0.0251
vn 0.9995 -0.0122 -0.0295
vn 0.9821 -0.1866 0.0253
vn 0.9822 -0.1875 -0.0139
vn 0.9599 -0.2420 -0.1413
vn 0.9798 -0.1133 -0.1645
vn 0.9812 -0.0728 -0.1788
vn 0.1189 -0.6303 -0.7672
vn 0.1334 -0.4602 -0.8778
vn -0.0000 -0.4615 -0.8872
vn -0.0000 -0.6075 -0.7943
vn 0.1463 -0.3601 -0.9214
vn -0.0000 -0.3637 -0.9315
vn 0.1511 0.2747 -0.9496
vn 0.1490 0.3767 -0.9143
vn -0.0000 0.3817 -0.9243
vn -0.0000 0.2788 -0.9604
vn 0.1463 0.4097 -0.9004
vn -0.0000 0.4151 -0.9098
vn -0.1463 0.4097 -0.9004
vn -0.1490 0.3767 -0.9143
vn -0.1511 0.2747 -0.9496
vn 0.9995 0.0104 -0.0286
vn 0.9997 0.0082 -0.0210
vn 0.9995 0.0077 -0.0297
vn 0.9828 0.0429 -0.1797
vn 0.9829 0.0597 -0.1742
vn 0.9876 0.0555 -0.1469
vn -0.8369 0.2065 -0.5070
vn -0.8434 0.1472 -0.5167
vn -0.7679 0.2635 -0.5838
vn 0.1555 -0.0499 -0.9866
vn 0.1545 0.1263 -0.9799
vn -0.0000 0.1282 -0.9917
vn -0.0000 -0.0501 -0.9987
vn -0.1545 0.1263 -0.9799
vn -0.1555 -0.0499 -0.9866
vn -0.8495 0.0659 -0.5234
vn -0.8523 -0.0272 -0.5223
vn 0.9995 0.0032 -0.0301
vn 0.9995 -0.0023 -0.0304
vn 0.9830 -0.0147 -0.1831
vn 0.9832 0.0167 -0.1820
vn 0.1521 -0.2266 -0.9620
vn -0.0000 -0.2285 -0.9735
vn -0.1521 -0.2266 -0.9620
vn 0.9995 -0.0078 -0.0300
vn 0.9823 -0.0468 -0.1811
vn -0.8450 -0.1226 -0.5205
vn 0.1490 0.3307 0.9319
vn 0.7996 0.1307 0.5862
vn 0.8158 0.2246 0.5330
vn 0.1421 0.4135 0.8993
vn 0.9866 -0.1614 0.0253
vn 0.9997 -0.0254 0.0040
vn 0.8192 0.2096 0.5339
vn 0.1383 0.3624 0.9217
vn -0.9866 -0.1614 0.0253
vn -0.9997 -0.0254 0.0040
vn -0.9992 -0.0350 -0.0206
vn -0.9853 -0.1704 -0.0067
vn -0.9996 -0.0107 -0.0258
vn -0.9856 -0.0638 -0.1566
vn -0.9845 -0.1011 -0.1431
vn -0.9699 -0.2141 -0.1163
vn -0.1490 0.3307 0.9319
vn -0.0000 0.3223 0.9466
vn -0.0000 0.4195 0.9078
vn -0.1421 0.4135 0.8993
vn -0.0000 0.3658 0.9307
vn -0.1383 0.3624 0.9217
vn -0.1423 -0.2690 0.9526
vn -0.0000 -0.2722 0.9622
vn -0.0000 -0.3635 0.9316
vn -0.1400 -0.3597 0.9225
vn 0.1423 -0.2690 0.9526
vn 0.1400 -0.3597 0.9225
vn 0.1374 -0.3879 0.9114
vn -0.0000 -0.3922 0.9199
vn -0.1374 -0.3879 0.9114
vn -0.9996 0.0089 -0.0251
vn -0.9996 0.0067 -0.0260
vn -0.9998 0.0071 -0.0185
vn -0.9904 0.0484 -0.1291
vn -0.9868 0.0523 -0.1534
vn -0.9867 0.0377 -0.1582
vn 0.8278 -0.1506 0.5405
vn 0.8193 -0.2068 0.5349
vn 0.7502 -0.2577 0.6089
vn -0.1461 0.0500 0.9880
vn -0.0000 0.0501 0.9987
vn -0.0000 -0.1285 0.9917
vn -0.1453 -0.1266 0.9812
vn 0.1461 0.0500 0.9880
vn 0.1453 -0.1266 0.9812
vn 0.8378 0.0284 0.5452
vn 0.8347 -0.0690 0.5464
vn -0.9996 0.0028 -0.0265
vn -0.9996 -0.0020 -0.0268
vn -0.9869 0.0148 -0.1607
vn -0.9867 -0.0133 -0.1619
vn -0.0000 0.2300 0.9732
vn -0.1433 0.2280 0.9631
vn 0.1433 0.2280 0.9631
vn -0.9996 -0.0069 -0.0263
vn -0.9863 -0.0413 -0.1596
vn 0.8307 0.1283 0.5417
vn -0.0247 -0.5054 0.8626
vn 0.4484 -0.5420 0.7107
vn 0.3009 -0.9433 0.1405
vn 0.9699 -0.2141 -0.1163
vn 0.1903 -0.8629 -0.4682
vn 0.1416 -0.5252 -0.8391
vn 0.9845 -0.1011 -0.1431
vn -0.9599 -0.2420 -0.1413
vn -0.9798 -0.1133 -0.1645
vn -0.9812 -0.0728 -0.1788
vn 0.1284 -0.3707 -0.9198
vn 0.9856 -0.0638 -0.1566
vn -0.1284 -0.3707 -0.9198
vn -0.1416 -0.5252 -0.8391
vn -0.1903 -0.8629 -0.4681
vn -0.2133 -0.9769 0.0094
vn -0.3009 -0.9433 0.1405
vn 0.0247 -0.5054 0.8626
vn -0.0000 -0.8557 0.5175
vn -0.1282 0.3460 -0.9294
vn -0.1237 0.3151 -0.9409
vn -0.1274 0.2227 -0.9665
vn 0.9867 0.0377 -0.1582
vn 0.1272 0.2227 -0.9666
vn 0.1237 0.3151 -0.9409
vn 0.9868 0.0523 -0.1534
vn -0.9828 0.0429 -0.1797
vn -0.9829 0.0597 -0.1742
vn -0.9876 0.0555 -0.1469
vn 0.1282 0.3460 -0.9294
vn 0.9904 0.0484 -0.1291
vn 0.9867 -0.0131 -0.1619
vn 0.1268 -0.0811 -0.9886
vn 0.1272 0.0850 -0.9882
vn 0.9869 0.0148 -0.1607
vn -0.9830 -0.0147 -0.1831
vn -0.9832 0.0167 -0.1820
vn -0.1274 0.0850 -0.9882
vn -0.1268 -0.0811 -0.9886
vn -0.1272 -0.2459 -0.9609
vn 0.1272 -0.2459 -0.9609
vn 0.9863 -0.0413 -0.1596
vn -0.9823 -0.0468 -0.1811
vn 0.9992 -0.0350 -0.0206
vn 0.9996 -0.0107 -0.0258
vn 0.9853 -0.1704 -0.0067
vn 0.9996 -0.0069 -0.0264
vn 0.9996 -0.0020 -0.0268
vn 0.9996 0.0028 -0.0265
vn 0.9996 0.0067 -0.0260
vn 0.9996 0.0089 -0.0251
vn 0.9998 0.0071 -0.0185
vn -0.9995 0.0104 -0.0286
vn -0.9995 0.0077 -0.0297
vn -0.9997 0.0082 -0.0210
vn -0.9995 0.0032 -0.0301
vn -0.9995 -0.0023 -0.0304
vn -0.9995 -0.0078 -0.0300
vn -0.9995 -0.0122 -0.0295
vn -0.9990 -0.0377 -0.0251
vn -0.9822 -0.1875 -0.0139
vn 0.2135 -0.9769 0.0095
vn -0.8192 0.2096 0.5339
vn -0.8158 0.2246 0.5330
vn -0.7996 0.1307 0.5862
vn -0.8378 0.0285 0.5452
vn -0.8307 0.1283 0.5417
vn -0.8278 -0.1507 0.5405
vn -0.8347 -0.0690 0.5464
vn -0.7502 -0.2577 0.6089
vn -0.8193 -0.2068 0.5349
vn 0.8369 0.2065 -0.5070
vn 0.7679 0.2634 -0.5838
vn 0.8434 0.1472 -0.5167
vn 0.8495 0.0659 -0.5234
vn 0.8523 -0.0272 -0.5223
vn 0.8450 -0.1226 -0.5205
vn 0.8332 -0.2009 -0.5152
vn 0.7975 -0.2979 -0.5247
vn 0.6873 -0.5605 -0.4619
vn -0.4484 -0.5420 0.7107
vt 0.761851 0.253340
vt 0.764238 0.263735
vt 0.758970 0.264099
vt 0.759898 0.253783
vt 0.763725 0.274098
vt 0.758156 0.274358
vt 0.754191 0.274783
vt 0.755230 0.264667
vt 0.757944 0.254225
vt 0.797500 0.274633
vt 0.796356 0.264279
vt 0.803347 0.265221
vt 0.804823 0.275251
vt 0.793499 0.253542
vt 0.801699 0.254977
vt 0.809900 0.256412
vt 0.811953 0.266330
vt 0.814007 0.276249
vt 0.789533 0.252472
vt 0.787320 0.263400
vt 0.775778 0.263462
vt 0.775692 0.252906
vt 0.787963 0.274005
vt 0.775844 0.273972
vt 0.788133 0.316387
vt 0.787590 0.326737
vt 0.775980 0.327061
vt 0.775914 0.316558
vt 0.789862 0.336951
vt 0.776065 0.337407
vt 0.762267 0.337863
vt 0.764366 0.327068
vt 0.763695 0.316458
vt 0.794107 0.335729
vt 0.796980 0.325338
vt 0.804462 0.323915
vt 0.803096 0.333949
vt 0.797955 0.315178
vt 0.805622 0.313934
vt 0.815275 0.312273
vt 0.813681 0.322221
vt 0.812086 0.332169
vt 0.758971 0.326633
vt 0.758025 0.316069
vt 0.760108 0.337128
vt 0.757950 0.336393
vt 0.754941 0.325697
vt 0.753868 0.315298
vt 0.788566 0.294940
vt 0.788470 0.305687
vt 0.775888 0.305741
vt 0.775880 0.294916
vt 0.763307 0.305621
vt 0.763195 0.294841
vt 0.757465 0.305367
vt 0.757307 0.294766
vt 0.753214 0.304882
vt 0.753041 0.294620
vt 0.798565 0.304896
vt 0.806371 0.304060
vt 0.798719 0.294668
vt 0.806538 0.294348
vt 0.816633 0.293867
vt 0.815954 0.303070
vt 0.788388 0.284449
vt 0.775872 0.284392
vt 0.763355 0.284400
vt 0.798326 0.284672
vt 0.805954 0.284853
vt 0.815320 0.285058
vt 0.757570 0.284505
vt 0.753414 0.284677
vt 0.536887 0.157272
vt 0.539815 0.159768
vt 0.540180 0.167828
vt 0.533776 0.167541
vt 0.543942 0.160232
vt 0.544544 0.168251
vt 0.545624 0.178235
vt 0.541034 0.177916
vt 0.534319 0.177711
vt 0.495169 0.159734
vt 0.494517 0.167916
vt 0.486388 0.168583
vt 0.487407 0.160563
vt 0.493368 0.178086
vt 0.484919 0.178490
vt 0.476716 0.178769
vt 0.478469 0.169083
vt 0.478416 0.159481
vt 0.502293 0.156521
vt 0.519582 0.159080
vt 0.519537 0.167316
vt 0.505296 0.167256
vt 0.519490 0.177612
vt 0.504663 0.177635
vt 0.504510 0.218495
vt 0.519368 0.218649
vt 0.519318 0.229355
vt 0.505072 0.229052
vt 0.534225 0.218573
vt 0.533568 0.229365
vt 0.536471 0.240554
vt 0.519261 0.240131
vt 0.502052 0.239708
vt 0.492969 0.217474
vt 0.493991 0.227784
vt 0.485423 0.226540
vt 0.484199 0.216456
vt 0.497177 0.238461
vt 0.486872 0.236780
vt 0.476566 0.235100
vt 0.477087 0.225499
vt 0.475697 0.215600
vt 0.541007 0.218247
vt 0.540062 0.228964
vt 0.545760 0.217618
vt 0.544670 0.228126
vt 0.541411 0.239057
vt 0.538941 0.239806
vt 0.504074 0.197745
vt 0.519429 0.197728
vt 0.519402 0.208082
vt 0.504169 0.208034
vt 0.534785 0.197665
vt 0.534634 0.207987
vt 0.541805 0.197602
vt 0.541598 0.207782
vt 0.546683 0.197489
vt 0.546455 0.207405
vt 0.492179 0.197486
vt 0.492341 0.207370
vt 0.483428 0.206686
vt 0.483251 0.197183
vt 0.474804 0.206096
vt 0.474616 0.196898
vt 0.519457 0.187660
vt 0.504247 0.187705
vt 0.534667 0.187663
vt 0.492555 0.187834
vt 0.483810 0.187904
vt 0.475343 0.187914
vt 0.541596 0.187744
vt 0.546371 0.187873
vt 0.538510 0.155708
vt 0.540720 0.156026
vt 0.540134 0.154144
vt 0.542260 0.154443
vt 0.544385 0.154743
vt 0.544626 0.156491
vt 0.560655 0.159800
vt 0.562305 0.159429
vt 0.564317 0.169298
vt 0.560574 0.169358
vt 0.563955 0.159058
vt 0.565977 0.168971
vt 0.568000 0.178884
vt 0.566128 0.178911
vt 0.562280 0.178984
vt 0.472874 0.178684
vt 0.474725 0.169034
vt 0.471019 0.178664
vt 0.473071 0.168710
vt 0.475122 0.158757
vt 0.476769 0.159119
vt 0.478140 0.157828
vt 0.487165 0.156811
vt 0.477864 0.156175
vt 0.486293 0.155191
vt 0.494721 0.154207
vt 0.494491 0.155952
vt 0.503865 0.154869
vt 0.519612 0.155210
vt 0.505437 0.153217
vt 0.519633 0.153523
vt 0.533829 0.153829
vt 0.535358 0.155550
vt 0.474898 0.235397
vt 0.473193 0.225315
vt 0.473230 0.235694
vt 0.471518 0.225560
vt 0.469807 0.215426
vt 0.471744 0.215432
vt 0.563036 0.215799
vt 0.566987 0.215641
vt 0.565503 0.225544
vt 0.561607 0.225743
vt 0.568904 0.215634
vt 0.567172 0.225786
vt 0.565440 0.235939
vt 0.563776 0.235650
vt 0.562112 0.235361
vt 0.564250 0.197067
vt 0.568248 0.196968
vt 0.567984 0.206147
vt 0.563991 0.206271
vt 0.570418 0.196813
vt 0.569661 0.206223
vt 0.470810 0.205945
vt 0.469130 0.206013
vt 0.468452 0.196600
vt 0.470620 0.196766
vt 0.471407 0.187803
vt 0.469736 0.187632
vt 0.567534 0.188012
vt 0.563593 0.188096
vt 0.569209 0.187848
vt 0.552662 0.168885
vt 0.554076 0.178674
vt 0.551679 0.160969
vt 0.555121 0.188020
vt 0.555613 0.197276
vt 0.555367 0.206796
vt 0.554532 0.216630
vt 0.553257 0.226828
vt 0.551761 0.237209
vt 0.747422 0.324204
vt 0.746188 0.314051
vt 0.748882 0.334444
vt 0.739815 0.332494
vt 0.738159 0.322431
vt 0.736504 0.312367
vt 0.745405 0.304074
vt 0.745222 0.294331
vt 0.735816 0.303102
vt 0.735129 0.293837
vt 0.745789 0.284884
vt 0.746880 0.275402
vt 0.736428 0.285109
vt 0.737727 0.276382
vt 0.748271 0.265554
vt 0.749812 0.255523
vt 0.739704 0.266602
vt 0.741680 0.256821
vt 0.551926 0.157246
vt 0.552787 0.155619
vt 0.561188 0.156494
vt 0.560922 0.158147
vt 0.497953 0.177797
vt 0.498888 0.167465
vt 0.499315 0.159194
vt 0.497055 0.197669
vt 0.497324 0.187765
vt 0.497725 0.218129
vt 0.497202 0.207808
vt 0.499615 0.239084
vt 0.498585 0.228575
vt 0.792973 0.326221
vt 0.791985 0.336340
vt 0.793803 0.315961
vt 0.794313 0.305422
vt 0.794453 0.294861
vt 0.794171 0.284539
vt 0.793531 0.274222
vt 0.792597 0.263672
vt 0.791516 0.253007
vt 0.498417 0.155411
vt 0.496858 0.153872
vt 0.498994 0.153537
vt 0.500644 0.155029
s 1
usemtl taser_MAT
f 6684/7354/4986 6777/7355/4987 6836/7356/4988 6780/7357/4989
f 6777/7355/4987 6687/7358/4990 6778/7359/4991 6836/7356/4988
f 6836/7356/4988 6778/7359/4991 6712/7360/4992 6779/7361/4993
f 6780/7357/4989 6836/7356/4988 6779/7361/4993 6713/7362/4994
f 6722/7363/4995 6781/7364/4996 6837/7365/4997 6784/7366/4998
f 6781/7364/4996 6723/7367/4999 6782/7368/5000 6837/7365/4997
f 6837/7365/4997 6782/7368/5000 6690/7369/5001 6783/7370/5002
f 6784/7366/4998 6837/7365/4997 6783/7370/5002 6689/7371/5003
f 6691/7372/5004 6785/7373/5005 6838/7374/5006 6787/7375/5007
f 6785/7373/5005 6688/7376/5008 6786/7377/5009 6838/7374/5006
f 6838/7374/5006 6786/7377/5009 6687/7358/4990 6777/7355/4987
f 6787/7375/5007 6838/7374/5006 6777/7355/4987 6684/7354/4986
f 6692/7378/5010 6788/7379/5011 6839/7380/5012 6791/7381/5013
f 6788/7379/5011 6695/7382/5014 6789/7383/5015 6839/7380/5012
f 6839/7380/5012 6789/7383/5015 6694/7384/5016 6790/7385/5017
f 6791/7381/5013 6839/7380/5012 6790/7385/5017 6693/7386/5018
f 6719/7387/4995 6792/7388/4995 6840/7389/5019 6795/7390/5020
f 6792/7388/4995 6720/7391/4995 6793/7392/5021 6840/7389/5019
f 6840/7389/5019 6793/7392/5021 6697/7393/5022 6794/7394/5023
f 6795/7390/5020 6840/7389/5019 6794/7394/5023 6696/7395/5024
f 6693/7386/5018 6790/7385/5017 6841/7396/5025 6798/7397/5026
f 6790/7385/5017 6694/7384/5016 6796/7398/5027 6841/7396/5025
f 6841/7396/5025 6796/7398/5027 6709/7399/4992 6797/7400/4992
f 6798/7397/5026 6841/7396/5025 6797/7400/4992 6710/7401/4992
f 6701/7402/5028 6799/7403/5029 6842/7404/5030 6801/7405/5031
f 6799/7403/5029 6692/7378/5010 6791/7381/5013 6842/7404/5030
f 6842/7404/5030 6791/7381/5013 6693/7386/5018 6800/7406/5032
f 6801/7405/5031 6842/7404/5030 6800/7406/5032 6700/7407/5033
f 6700/7407/5033 6800/7406/5032 6843/7408/5034 6803/7409/5035
f 6800/7406/5032 6693/7386/5018 6798/7397/5026 6843/7408/5034
f 6843/7408/5034 6798/7397/5026 6710/7401/4992 6802/7410/4992
f 6803/7409/5035 6843/7408/5034 6802/7410/4992 6711/7411/4992
f 6720/7391/4995 6804/7412/4995 6844/7413/5036 6793/7392/5021
f 6804/7412/4995 6721/7414/4995 6805/7415/5037 6844/7413/5036
f 6844/7413/5036 6805/7415/5037 6703/7416/5038 6806/7417/5039
f 6793/7392/5021 6844/7413/5036 6806/7417/5039 6697/7393/5022
f 6688/7376/5008 6807/7418/5040 6845/7419/5041 6786/7377/5009
f 6807/7418/5040 6701/7402/5028 6801/7405/5031 6845/7419/5041
f 6845/7419/5041 6801/7405/5031 6700/7407/5033 6808/7420/5042
f 6786/7377/5009 6845/7419/5041 6808/7420/5042 6687/7358/4990
f 6721/7414/4995 6809/7421/4995 6846/7422/5043 6805/7415/5037
f 6809/7421/4995 6722/7363/4995 6784/7366/4998 6846/7422/5043
f 6846/7422/5043 6784/7366/4998 6689/7371/5003 6810/7423/5044
f 6805/7415/5037 6846/7422/5043 6810/7423/5044 6703/7416/5038
f 6687/7358/4990 6808/7420/5042 6847/7424/5045 6778/7359/4991
f 6808/7420/5042 6700/7407/5033 6803/7409/5035 6847/7424/5045
f 6847/7424/5045 6803/7409/5035 6711/7411/4992 6811/7425/4992
f 6778/7359/4991 6847/7424/5045 6811/7425/4992 6712/7360/4992
f 6664/7426/5046 6812/7427/5047 6848/7428/5048 6815/7429/5049
f 6812/7427/5047 6704/7430/5050 6813/7431/5051 6848/7428/5048
f 6848/7428/5048 6813/7431/5051 6705/7432/4995 6814/7433/5052
f 6815/7429/5049 6848/7428/5048 6814/7433/5052 6680/7434/5053
f 6714/7435/5054 6816/7436/5055 6849/7437/5056 6819/7438/5057
f 6816/7436/5055 6715/7439/4992 6817/7440/5058 6849/7437/5056
f 6849/7437/5056 6817/7440/5058 6682/7441/5059 6818/7442/5060
f 6819/7438/5057 6849/7437/5056 6818/7442/5060 6671/7443/5061
f 6670/7444/5062 6820/7445/5063 6850/7446/5064 6822/7447/5065
f 6820/7445/5063 6664/7426/5046 6815/7429/5049 6850/7446/5064
f 6850/7446/5064 6815/7429/5049 6680/7434/5053 6821/7448/5066
f 6822/7447/5065 6850/7446/5064 6821/7448/5066 6681/7449/5067
f 6676/7450/5068 6823/7451/5069 6851/7452/5070 6826/7453/5071
f 6823/7451/5069 6677/7454/5072 6824/7455/5073 6851/7452/5070
f 6851/7452/5070 6824/7455/5073 6666/7456/5074 6825/7457/5075
f 6826/7453/5071 6851/7452/5070 6825/7457/5075 6668/7458/5076
f 6717/7459/4992 6827/7460/4992 6852/7461/5077 6830/7462/5078
f 6827/7460/4992 6718/7463/4992 6828/7464/5079 6852/7461/5077
f 6852/7461/5077 6828/7464/5079 6669/7465/5080 6829/7466/5081
f 6830/7462/5078 6852/7461/5077 6829/7466/5081 6679/7467/5082
f 6677/7454/5072 6831/7468/5083 6853/7469/5084 6824/7455/5073
f 6831/7468/5083 6707/7470/4995 6832/7471/4995 6853/7469/5084
f 6853/7469/5084 6832/7471/4995 6708/7472/4995 6833/7473/5085
f 6824/7455/5073 6853/7469/5084 6833/7473/5085 6666/7456/5074
f 6673/7474/5086 6834/7475/5087 6854/7476/5088 6724/7477/5089
f 6834/7475/5087 6672/7478/5090 6835/7479/5091 6854/7476/5088
f 6854/7476/5088 6835/7479/5091 6677/7454/5072 6823/7451/5069
f 6724/7477/5089 6854/7476/5088 6823/7451/5069 6676/7450/5068
f 6672/7478/5090 6725/7480/5092 6855/7481/5093 6835/7479/5091
f 6725/7480/5092 6706/7482/4995 6726/7483/4995 6855/7481/5093
f 6855/7481/5093 6726/7483/4995 6707/7470/4995 6831/7468/5083
f 6835/7479/5091 6855/7481/5093 6831/7468/5083 6677/7454/5072
f 6716/7484/4992 6727/7485/4992 6856/7486/5094 6729/7487/5095
f 6727/7485/4992 6717/7459/4992 6830/7462/5078 6856/7486/5094
f 6856/7486/5094 6830/7462/5078 6679/7467/5082 6728/7488/5096
f 6729/7487/5095 6856/7486/5094 6728/7488/5096 6674/7489/5097
f 6681/7449/5067 6821/7448/5066 6857/7490/5098 6731/7491/5099
f 6821/7448/5066 6680/7434/5053 6730/7492/5100 6857/7490/5098
f 6857/7490/5098 6730/7492/5100 6672/7478/5090 6834/7475/5087
f 6731/7491/5099 6857/7490/5098 6834/7475/5087 6673/7474/5086
f 6715/7439/4992 6732/7493/4992 6858/7494/5101 6817/7440/5058
f 6732/7493/4992 6716/7484/4992 6729/7487/5095 6858/7494/5101
f 6858/7494/5101 6729/7487/5095 6674/7489/5097 6733/7495/5102
f 6817/7440/5058 6858/7494/5101 6733/7495/5102 6682/7441/5059
f 6680/7434/5053 6814/7433/5052 6859/7496/5103 6730/7492/5100
f 6814/7433/5052 6705/7432/4995 6734/7497/4995 6859/7496/5103
f 6859/7496/5103 6734/7497/4995 6706/7482/4995 6725/7480/5092
f 6730/7492/5100 6859/7496/5103 6725/7480/5092 6672/7478/5090
f 6664/7426/5046 6735/7498/5104 6860/7499/5105 6812/7427/5047
f 6735/7498/5104 6684/7500/4986 6780/7501/4989 6860/7499/5105
f 6860/7499/5105 6780/7501/4989 6713/7502/4994 6736/7503/5106
f 6812/7427/5047 6860/7499/5105 6736/7503/5106 6704/7430/5050
f 6665/7504/5107 6737/7505/5108 6861/7506/5109 6740/7507/5110
f 6737/7505/5108 6685/7508/5111 6738/7509/5112 6861/7506/5109
f 6861/7506/5109 6738/7509/5112 6686/7510/5113 6739/7511/5114
f 6740/7507/5110 6861/7506/5109 6739/7511/5114 6683/7512/5115
f 6682/7441/5059 6741/7513/5116 6862/7514/5117 6818/7442/5060
f 6741/7513/5116 6689/7515/5003 6783/7516/5002 6862/7514/5117
f 6862/7514/5117 6783/7516/5002 6690/7517/5001 6742/7518/5118
f 6818/7442/5060 6862/7514/5117 6742/7518/5118 6671/7443/5061
f 6671/7443/5061 6742/7519/5118 6863/7520/5119 6819/7438/5057
f 6742/7519/5118 6690/7521/5001 6782/7522/5000 6863/7520/5119
f 6863/7520/5119 6782/7522/5000 6723/7523/4999 6743/7524/5120
f 6819/7438/5057 6863/7520/5119 6743/7524/5120 6714/7435/5054
f 6670/7444/5062 6744/7525/5121 6864/7526/5122 6820/7445/5063
f 6744/7525/5121 6691/7527/5004 6787/7528/5007 6864/7526/5122
f 6864/7526/5122 6787/7528/5007 6684/7529/4986 6735/7530/5104
f 6820/7445/5063 6864/7526/5122 6735/7530/5104 6664/7426/5046
f 6669/7465/5080 6745/7531/5123 6865/7532/5124 6829/7466/5081
f 6745/7531/5123 6696/7533/5024 6794/7534/5023 6865/7532/5124
f 6865/7532/5124 6794/7534/5023 6697/7535/5022 6746/7536/5125
f 6829/7466/5081 6865/7532/5124 6746/7536/5125 6679/7467/5082
f 6678/7537/5126 6747/7538/5127 6866/7539/5128 6750/7540/5129
f 6747/7538/5127 6698/7541/5130 6748/7542/5131 6866/7539/5128
f 6866/7539/5128 6748/7542/5131 6699/7543/5132 6749/7544/5133
f 6750/7540/5129 6866/7539/5128 6749/7544/5133 6667/7545/5134
f 6675/7546/5135 6751/7547/5136 6867/7548/5137 6753/7549/5138
f 6751/7547/5136 6702/7550/5139 6752/7551/5140 6867/7548/5137
f 6867/7548/5137 6752/7551/5140 6698/7541/5130 6747/7538/5127
f 6753/7549/5138 6867/7548/5137 6747/7538/5127 6678/7537/5126
f 6679/7467/5082 6746/7536/5125 6868/7552/5141 6728/7488/5096
f 6746/7536/5125 6697/7535/5022 6806/7553/5039 6868/7552/5141
f 6868/7552/5141 6806/7553/5039 6703/7554/5038 6754/7555/5142
f 6728/7488/5096 6868/7552/5141 6754/7555/5142 6674/7489/5097
f 6674/7489/5097 6754/7555/5142 6869/7556/5143 6733/7495/5102
f 6754/7555/5142 6703/7554/5038 6810/7557/5044 6869/7556/5143
f 6869/7556/5143 6810/7557/5044 6689/7515/5003 6741/7513/5116
f 6733/7495/5102 6869/7556/5143 6741/7513/5116 6682/7441/5059
f 6683/7512/5115 6739/7511/5114 6870/7558/5144 6756/7559/5145
f 6739/7511/5114 6686/7510/5113 6755/7560/5146 6870/7558/5144
f 6870/7558/5144 6755/7560/5146 6702/7550/5139 6751/7547/5136
f 6756/7559/5145 6870/7558/5144 6751/7547/5136 6675/7546/5135
f 6705/7432/4995 6813/7431/5051 6871/7561/5147 6758/7562/5148
f 6813/7431/5051 6704/7430/5050 6757/7563/5149 6871/7561/5147
f 6871/7561/5147 6757/7563/5149 6665/7504/5107 6740/7507/5110
f 6758/7562/5148 6871/7561/5147 6740/7507/5110 6683/7512/5115
f 6706/7482/4995 6734/7497/4995 6872/7564/5150 6759/7565/5151
f 6734/7497/4995 6705/7432/4995 6758/7562/5148 6872/7564/5150
f 6872/7564/5150 6758/7562/5148 6683/7512/5115 6756/7559/5145
f 6759/7565/5151 6872/7564/5150 6756/7559/5145 6675/7546/5135
f 6707/7470/4995 6726/7483/4995 6873/7566/5152 6760/7567/5153
f 6726/7483/4995 6706/7482/4995 6759/7565/5151 6873/7566/5152
f 6873/7566/5152 6759/7565/5151 6675/7546/5135 6753/7549/5138
f 6760/7567/5153 6873/7566/5152 6753/7549/5138 6678/7537/5126
f 6708/7472/4995 6832/7471/4995 6874/7568/5154 6761/7569/5155
f 6832/7471/4995 6707/7470/4995 6760/7567/5153 6874/7568/5154
f 6874/7568/5154 6760/7567/5153 6678/7537/5126 6750/7540/5129
f 6761/7569/5155 6874/7568/5154 6750/7540/5129 6667/7545/5134
f 6710/7401/4992 6797/7400/4992 6875/7570/5156 6763/7571/5157
f 6797/7400/4992 6709/7399/4992 6762/7572/5158 6875/7570/5156
f 6875/7570/5156 6762/7572/5158 6699/7573/5132 6748/7574/5131
f 6763/7571/5157 6875/7570/5156 6748/7574/5131 6698/7575/5130
f 6711/7411/4992 6802/7410/4992 6876/7576/5159 6764/7577/5160
f 6802/7410/4992 6710/7401/4992 6763/7571/5157 6876/7576/5159
f 6876/7576/5159 6763/7571/5157 6698/7575/5130 6752/7578/5140
f 6764/7577/5160 6876/7576/5159 6752/7578/5140 6702/7579/5139
f 6712/7360/4992 6811/7425/4992 6877/7580/5161 6765/7581/5162
f 6811/7425/4992 6711/7411/4992 6764/7577/5160 6877/7580/5161
f 6877/7580/5161 6764/7577/5160 6702/7579/5139 6755/7582/5146
f 6765/7581/5162 6877/7580/5161 6755/7582/5146 6686/7583/5113
f 6713/7362/4994 6779/7361/4993 6878/7584/5163 6766/7585/5164
f 6779/7361/4993 6712/7360/4992 6765/7581/5162 6878/7584/5163
f 6878/7584/5163 6765/7581/5162 6686/7583/5113 6738/7586/5112
f 6766/7585/5164 6878/7584/5163 6738/7586/5112 6685/7587/5111
f 6704/7430/5050 6736/7503/5106 6879/7588/5165 6757/7563/5149
f 6736/7503/5106 6713/7502/4994 6766/7589/5164 6879/7588/5165
f 6879/7588/5165 6766/7589/5164 6685/7590/5111 6737/7591/5108
f 6757/7563/5149 6879/7588/5165 6737/7591/5108 6665/7504/5107
f 6681/7449/5067 6767/7592/5166 6880/7593/5167 6822/7447/5065
f 6767/7592/5166 6715/7439/4992 6816/7436/5055 6880/7593/5167
f 6880/7593/5167 6816/7436/5055 6714/7435/5054 6768/7594/5168
f 6822/7447/5065 6880/7593/5167 6768/7594/5168 6670/7444/5062
f 6673/7474/5086 6769/7595/5169 6881/7596/5170 6731/7491/5099
f 6769/7595/5169 6716/7484/4992 6732/7493/4992 6881/7596/5170
f 6881/7596/5170 6732/7493/4992 6715/7439/4992 6767/7592/5166
f 6731/7491/5099 6881/7596/5170 6767/7592/5166 6681/7449/5067
f 6676/7450/5068 6770/7597/5171 6882/7598/5172 6724/7477/5089
f 6770/7597/5171 6717/7459/4992 6727/7485/4992 6882/7598/5172
f 6882/7598/5172 6727/7485/4992 6716/7484/4992 6769/7595/5169
f 6724/7477/5089 6882/7598/5172 6769/7595/5169 6673/7474/5086
f 6668/7458/5076 6771/7599/5173 6883/7600/5174 6826/7453/5071
f 6771/7599/5173 6718/7463/4992 6827/7460/4992 6883/7600/5174
f 6883/7600/5174 6827/7460/4992 6717/7459/4992 6770/7597/5171
f 6826/7453/5071 6883/7600/5174 6770/7597/5171 6676/7450/5068
f 6695/7382/5014 6788/7379/5011 6884/7601/5175 6773/7602/5176
f 6788/7379/5011 6692/7378/5010 6772/7603/5177 6884/7601/5175
f 6884/7601/5175 6772/7603/5177 6720/7391/4995 6792/7388/4995
f 6773/7602/5176 6884/7601/5175 6792/7388/4995 6719/7387/4995
f 6692/7378/5010 6799/7403/5029 6885/7604/5178 6772/7603/5177
f 6799/7403/5029 6701/7402/5028 6774/7605/5179 6885/7604/5178
f 6885/7604/5178 6774/7605/5179 6721/7414/4995 6804/7412/4995
f 6772/7603/5177 6885/7604/5178 6804/7412/4995 6720/7391/4995
f 6701/7402/5028 6807/7418/5040 6886/7606/5180 6774/7605/5179
f 6807/7418/5040 6688/7376/5008 6775/7607/5181 6886/7606/5180
f 6886/7606/5180 6775/7607/5181 6722/7363/4995 6809/7421/4995
f 6774/7605/5179 6886/7606/5180 6809/7421/4995 6721/7414/4995
f 6688/7376/5008 6785/7373/5005 6887/7608/5182 6775/7607/5181
f 6785/7373/5005 6691/7372/5004 6776/7609/5183 6887/7608/5182
f 6887/7608/5182 6776/7609/5183 6723/7367/4999 6781/7364/4996
f 6775/7607/5181 6887/7608/5182 6781/7364/4996 6722/7363/4995
f 6714/7435/5054 6743/7524/5120 6888/7610/5184 6768/7594/5168
f 6743/7524/5120 6723/7523/4999 6776/7611/5183 6888/7610/5184
f 6888/7610/5184 6776/7611/5183 6691/7612/5004 6744/7613/5121
f 6768/7594/5168 6888/7610/5184 6744/7613/5121 6670/7444/5062
